Make,Model,Year,Fuel_Type,Transmission,Engine_Size,Mileage,Horsepower,Torque,Owners,Accident_History,Service_History,Color,Body_Type,Drivetrain,Fuel_Efficiency,Location,Selling_Price
Mercedes-Benz,GLE,2024,Petrol,Automatic,2.3,100,186,196,1,0,,Silver,SUV,AWD,30,IL,64140
Hyundai,Tucson,2008,Petrol,Automatic,2.3,387035,189,190,4,0,,Blue,SUV,FWD,35,FL,500
Volkswagen,Golf,2021,Hybrid,,1.9,46054,158,153,1,0,Partial Service,Gray,Hatchback,AWD,43,NY,16429
Chevrolet,Tahoe,2005,Petrol,,2.2,141302,169,165,5,1,No Service,Blue,SUV,AWD,,FL,2199
Toyota,Camry,2022,Petrol,Automatic,1.9,32813,149,141,1,0,Full Service,Brown,Sedan,FWD,38,CA,21792
Chevrolet,Equinox,2008,Petrol,,2.7,60654,212,207,3,0,,Blue,SUV,AWD,25,TX,3421
Nissan,Sentra,2022,Petrol,Automatic,2.2,7444,,180,1,0,Full Service,Gray,Sedan,AWD,34,IL,17145
Mercedes-Benz,C-Class,2022,Petrol,Automatic,2.3,32133,180,162,1,0,Partial Service,Green,Sedan,FWD,35,NY,31416
BMW,X3,2023,Petrol,Automatic,,1553,203,179,1,0,Full Service,,SUV,AWD,25,FL,43914
Honda,Pilot,2020,Hybrid,Automatic,2.1,12494,178,168,1,,No Service,Blue,SUV,FWD,44,NC,22311
Hyundai,Santa Fe,2014,Petrol,Automatic,,176790,178,167,2,0,,Red,SUV,RWD,33,NY,4926
Volkswagen,Passat,2010,Petrol,Automatic,2.3,147198,,155,3,0,Partial Service,,Sedan,FWD,,NC,1022
Toyota,RAV4,2019,Diesel,,3.1,66811,233,211,1,0,Partial Service,Brown,SUV,AWD,25,OH,14479
BMW,X3,2024,Electric,,0,4423,,385,1,0,,Red,SUV,AWD,130,IL,49703
Mercedes-Benz,GLC,2009,Petrol,Automatic,3.1,163109,227,,4,0,Full Service,Gray,SUV,AWD,26,CA,5235
Mercedes-Benz,C-Class,2010,Petrol,Manual,2,17138,169,160,3,0,Partial Service,Blue,Sedan,FWD,27,NC,11728
Hyundai,Sonata,2020,Petrol,Automatic,2.4,61462,179,170,2,0,Partial Service,Brown,Sedan,FWD,,CA,13555
Chevrolet,Tahoe,2011,Petrol,Automatic,3.3,264441,258,252,4,0,Partial Service,Gray,SUV,AWD,22,TX,3395
Honda,CR-V,2024,Petrol,,3.4,100,271,260,1,0,No Service,Red,SUV,AWD,22,,24018
Mercedes-Benz,E-Class,2016,Petrol,Automatic,,53789,172,158,1,0,No Service,,Sedan,AWD,29,CA,23787
BMW,3 Series,2015,Diesel,Automatic,,173833,116,116,2,1,,Black,Sedan,FWD,35,NC,10558
Audi,Q7,2016,Petrol,Automatic,3.1,111537,243,219,2,0,Partial Service,Blue,SUV,AWD,21,FL,23314
Honda,Civic,2008,Petrol,Automatic,1.9,99945,148,,3,1,No Service,Black,Sedan,FWD,33,PA,500
BMW,X5,2021,Diesel,Automatic,2.6,49540,213,207,1,0,Partial Service,,SUV,FWD,,TX,44947
Honda,Accord,2021,Petrol,Automatic,1.7,60744,137,147,1,0,Full Service,Blue,Sedan,FWD,,FL,16814
BMW,5 Series,2018,Petrol,Automatic,2,42807,154,148,2,,No Service,Green,Sedan,FWD,41,NC,31593
BMW,X5,2013,Diesel,Automatic,2.3,261604,181,183,2,0,Full Service,Silver,SUV,RWD,,FL,11240
Hyundai,Sonata,2007,Petrol,Manual,2.3,188958,170,154,2,1,No Service,Black,Sedan,FWD,32,PA,500
Ford,Mustang,2010,Diesel,Automatic,3.1,34292,245,238,3,1,Partial Service,Brown,Coupe,RWD,23,FL,5739
Ford,F-150,2018,Petrol,Automatic,4.6,86124,334,317,1,0,No Service,,Truck,RWD,15,IL,13537
Volkswagen,Tiguan,2005,Petrol,Automatic,2.4,292861,178,177,3,1,No Service,Green,SUV,AWD,31,,500
Toyota,Camry,2021,Hybrid,Automatic,2.5,38991,205,207,1,0,Full Service,Green,Sedan,AWD,43,TX,18533
Chevrolet,Silverado,2006,Petrol,Automatic,,342829,399,369,5,0,Full Service,Green,Truck,RWD,10,NY,500
Hyundai,Santa Fe,2009,Petrol,Automatic,3.2,159873,239,219,4,1,No Service,Brown,SUV,RWD,31,NY,857
Audi,Q5,2019,Petrol,Automatic,2.7,104624,215,187,1,,Full Service,Green,SUV,AWD,26,GA,23357
Chevrolet,Malibu,2018,Hybrid,Automatic,1.8,109872,147,143,1,0,No Service,Gray,Sedan,FWD,35,PA,7461
BMW,X3,2022,Petrol,Automatic,,24031,240,220,1,0,No Service,,SUV,AWD,27,IL,33176
Toyota,Camry,2006,Petrol,Manual,1.9,26737,164,166,4,1,No Service,Silver,Sedan,FWD,38,OH,3239
Toyota,RAV4,2010,Petrol,Automatic,,96089,209,194,3,1,Full Service,Gray,SUV,AWD,34,OH,3400
Audi,A4,2021,Petrol,Automatic,,34375,201,181,1,0,,Gray,Sedan,FWD,30,IL,31213
Chevrolet,Malibu,2013,Petrol,Automatic,1.6,144687,149,133,3,0,Partial Service,,Sedan,FWD,34,MI,1931
Honda,Pilot,2013,Petrol,Automatic,3.4,146551,274,253,5,1,Full Service,,SUV,AWD,21,NC,5707
Nissan,Rogue,2005,Petrol,Automatic,2.5,143335,207,200,5,1,Partial Service,Green,SUV,AWD,35,TX,500
Chevrolet,Equinox,2013,Petrol,Automatic,3.1,87357,250,233,3,1,Partial Service,Green,SUV,FWD,27,TX,4880
Honda,Civic,2020,Petrol,Automatic,1.9,39421,154,152,1,0,Partial Service,Black,Sedan,AWD,,NC,12299
Audi,Q7,2014,Petrol,Automatic,3.4,103494,,255,3,0,Full Service,Gray,SUV,AWD,25,TX,20789
Honda,Pilot,2010,Petrol,Manual,2.2,6131,,145,3,1,Partial Service,Silver,SUV,AWD,,,9249
Nissan,Pathfinder,2016,Petrol,Automatic,,138988,184,188,2,0,Full Service,White,SUV,FWD,33,,10508
Ford,F-150,2014,Petrol,Automatic,3.8,101081,292,264,3,0,Full Service,Silver,Truck,4WD,,PA,9043
Honda,CR-V,2008,Petrol,Automatic,,145286,166,165,4,0,Partial Service,Blue,SUV,AWD,31,NY,500
Volkswagen,Tiguan,2009,Petrol,Automatic,3.4,136001,,228,3,1,Full Service,Brown,SUV,FWD,21,CA,1041
Volkswagen,Passat,2011,Petrol,Automatic,1.7,151656,124,116,3,1,,Gray,Sedan,AWD,45,CA,1133
Mercedes-Benz,C-Class,2015,Petrol,Automatic,2,131029,170,173,4,1,Full Service,Black,Sedan,FWD,,TX,11584
Toyota,Corolla,2023,Petrol,,1.4,21702,127,113,1,0,Partial Service,Black,Sedan,FWD,37,CA,17782
Volkswagen,Golf,2020,Diesel,Automatic,2.5,75581,202,198,1,0,Full Service,White,Hatchback,AWD,27,IL,13548
Volkswagen,Tiguan,2016,Petrol,,2.6,99139,185,182,2,0,Full Service,,SUV,AWD,32,CA,9962
Audi,A6,2016,Petrol,Automatic,1.8,88131,146,142,1,0,Partial Service,Silver,Sedan,FWD,37,PA,21730
Honda,Pilot,2016,Diesel,Automatic,3,67402,,214,2,,Full Service,Red,SUV,AWD,29,PA,14851
Nissan,Pathfinder,2010,Petrol,Automatic,3.3,189935,260,249,3,0,,Silver,SUV,AWD,25,PA,1099
Ford,Mustang,2007,Petrol,Manual,,259008,298,297,4,0,Partial Service,,Coupe,RWD,18,PA,500
Hyundai,Santa Fe,2005,Petrol,,3.2,139460,225,202,3,0,No Service,Gray,SUV,RWD,23,IL,500
Volkswagen,Tiguan,2018,Hybrid,Automatic,3.2,140050,232,,1,0,Partial Service,Silver,SUV,AWD,37,GA,10659
Volkswagen,Passat,2021,Petrol,Automatic,2.2,40037,166,184,1,0,Full Service,Brown,Sedan,FWD,28,PA,20629
Chevrolet,Silverado,2008,Petrol,Automatic,3.3,27272,,,3,0,No Service,Silver,Truck,RWD,29,MI,7078
Hyundai,Tucson,2023,Petrol,Automatic,3.3,7872,259,238,1,0,Partial Service,Blue,SUV,AWD,27,IL,24584
Audi,A6,2013,Diesel,Automatic,2.3,119978,,167,2,1,Partial Service,,Sedan,FWD,29,MI,7128
Ford,Escape,2021,Petrol,Automatic,2.3,35768,182,176,1,0,No Service,Black,SUV,AWD,,GA,17115
Mercedes-Benz,C-Class,2008,Petrol,Automatic,2.2,194102,,180,5,1,,Black,Sedan,FWD,29,OH,1363
BMW,X3,2014,Petrol,Automatic,3.3,19289,264,254,3,0,Partial Service,Green,SUV,AWD,27,TX,17912
Volkswagen,Atlas,2013,Petrol,Automatic,2.7,153835,203,197,2,0,No Service,Black,SUV,AWD,26,,5119
Nissan,Rogue,2006,Petrol,Manual,3.2,165946,253,257,4,1,Full Service,Blue,SUV,AWD,,CA,500
Mercedes-Benz,C-Class,2005,Petrol,Automatic,2.4,11796,197,183,5,,Full Service,White,Sedan,AWD,33,MI,6976
Toyota,Camry,2010,Petrol,Manual,,164444,114,99,4,1,Partial Service,,Sedan,FWD,43,GA,500
Volkswagen,Atlas,2023,Petrol,Automatic,,100,262,246,1,0,,Black,SUV,FWD,,,31199
Nissan,Rogue,2024,Petrol,Automatic,3,100,238,200,1,0,Full Service,Gray,SUV,AWD,27,TX,27785
Audi,Q7,2013,Petrol,Automatic,2.4,94209,,187,2,1,Partial Service,White,SUV,AWD,31,MI,15829
Ford,Escape,2020,Diesel,,3.3,51249,235,212,2,0,Full Service,Black,SUV,AWD,29,,15122
Hyundai,Santa Fe,2009,Petrol,Automatic,2.8,104700,,189,4,1,No Service,Blue,SUV,AWD,32,PA,2775
Hyundai,Tucson,2014,Diesel,,,109849,,225,2,0,Partial Service,Black,SUV,AWD,,MI,5469
Volkswagen,Golf,2006,Petrol,Manual,1.6,130231,140,137,3,1,Full Service,Blue,Hatchback,FWD,,CA,500
Nissan,Altima,2023,Hybrid,Automatic,1.8,9898,159,158,1,,No Service,Silver,Sedan,AWD,47,,17647
Audi,A6,2020,Petrol,Automatic,1.5,33019,123,,2,,,White,Sedan,AWD,39,IL,37348
Honda,Civic,2022,Diesel,Automatic,1.7,38807,,,1,0,Partial Service,Blue,Sedan,FWD,,OH,16623
Hyundai,Elantra,2009,Petrol,Automatic,1.8,280536,137,163,3,0,Partial Service,Gray,Sedan,FWD,,NC,500
Volkswagen,Golf,2011,Petrol,Automatic,1.5,166434,105,94,2,0,No Service,Black,Hatchback,FWD,38,CA,500
Ford,Explorer,2010,Petrol,Automatic,3,215602,228,222,2,1,Full Service,Black,SUV,AWD,34,TX,500
Hyundai,Sonata,2008,Petrol,,,197898,,133,3,0,Partial Service,White,Sedan,AWD,,,500
Ford,Escape,2011,Petrol,Manual,,179603,204,204,3,1,Partial Service,Gray,SUV,AWD,29,IL,500
Nissan,Sentra,2023,Petrol,Automatic,,100,173,152,1,0,Partial Service,Black,Sedan,FWD,32,NY,18291
Toyota,Highlander,2016,Hybrid,Automatic,3.1,93988,244,214,2,0,Partial Service,,SUV,AWD,46,NC,12916
BMW,X3,2017,Petrol,Automatic,2.3,56360,171,,1,,,Green,SUV,AWD,31,GA,23142
Ford,F-150,2021,Petrol,Automatic,5.6,25307,,392,1,0,,White,Truck,4WD,,CA,21569
Audi,Q5,2017,Hybrid,,2.5,60105,198,180,3,1,Full Service,White,SUV,RWD,46,OH,18962
Nissan,Pathfinder,2019,Petrol,Automatic,3.3,33121,258,240,3,,Partial Service,,SUV,AWD,,GA,18004
Mercedes-Benz,GLE,2013,Diesel,Automatic,2.9,134561,198,194,2,1,Full Service,Red,SUV,AWD,25,MI,15701
Nissan,Rogue,2014,Petrol,Automatic,2.5,7455,193,184,3,0,Partial Service,Blue,SUV,AWD,35,,10587
Chevrolet,Silverado,2019,Diesel,Automatic,3.1,58072,,230,1,1,No Service,White,Truck,4WD,25,NY,13621
Nissan,Pathfinder,2017,Petrol,Automatic,2.4,81910,,174,2,1,Partial Service,Brown,SUV,AWD,30,FL,12225
BMW,X5,2023,Petrol,Automatic,2.7,15617,231,225,1,0,Partial Service,Black,SUV,AWD,31,GA,52028
Hyundai,Elantra,2006,Petrol,Automatic,1.8,223278,129,,4,1,Full Service,Blue,Sedan,FWD,39,,500
Audi,A6,2022,Petrol,,1.8,15384,,156,1,0,Full Service,Red,Sedan,FWD,41,NC,48964
Audi,A6,2016,Diesel,Automatic,2.4,75636,172,170,2,0,No Service,Silver,Sedan,FWD,33,,21696
Chevrolet,Malibu,2022,Petrol,Automatic,2.5,4208,185,184,1,0,No Service,Silver,Sedan,FWD,33,,17487
Volkswagen,Golf,2015,Hybrid,,1.4,153975,135,117,2,0,Partial Service,,Hatchback,AWD,60,GA,3221
Nissan,Rogue,2009,Petrol,,2.9,53365,239,236,3,0,No Service,White,SUV,FWD,26,PA,4540
BMW,X5,2011,Petrol,Automatic,3.4,126630,272,247,3,1,Partial Service,Red,SUV,AWD,19,OH,11295
Chevrolet,Silverado,2011,Petrol,Manual,,106621,253,226,4,1,Partial Service,Gray,Truck,4WD,,PA,5233
Chevrolet,Equinox,2018,Petrol,Automatic,3.4,143441,262,231,1,,Full Service,Blue,SUV,AWD,25,TX,7429
Honda,Civic,2023,Petrol,Automatic,2,30707,179,162,1,0,Partial Service,,Sedan,FWD,28,TX,16462
Mercedes-Benz,E-Class,2016,Petrol,,2.3,126746,177,180,2,,Partial Service,Brown,Sedan,FWD,33,OH,17244
Ford,Explorer,2017,Hybrid,Automatic,2.4,119278,,168,2,1,No Service,Blue,SUV,FWD,43,FL,10079
Toyota,Highlander,2017,Diesel,Automatic,2.6,161361,193,164,1,,No Service,Gray,SUV,FWD,35,PA,8611
Audi,A4,2010,Petrol,,,115083,163,153,3,1,Partial Service,Brown,Sedan,FWD,38,GA,5513
BMW,3 Series,2005,Diesel,Automatic,1.5,158440,117,96,5,1,,Silver,Sedan,FWD,35,TX,500
Nissan,Pathfinder,2016,Petrol,Automatic,3.4,148734,250,246,2,0,Partial Service,Silver,SUV,AWD,26,TX,9628
Toyota,Camry,2007,Petrol,Manual,2.5,319481,206,199,4,0,,Green,Sedan,FWD,,TX,500
BMW,X3,2005,Petrol,,,100,229,211,4,0,Partial Service,Silver,SUV,AWD,,PA,9101
Honda,Accord,2023,Petrol,Automatic,1.6,10412,129,120,1,0,Full Service,Brown,Sedan,AWD,38,TX,27259
BMW,X5,2012,Petrol,,2.3,206943,,154,3,,Full Service,Gray,SUV,AWD,31,CA,10273
Volkswagen,Passat,2024,Petrol,Automatic,1.8,100,149,127,1,0,Partial Service,Blue,Sedan,AWD,40,FL,27550
Honda,CR-V,2007,Hybrid,Automatic,2.9,69220,226,205,3,1,Full Service,Silver,SUV,AWD,42,NC,2869
Chevrolet,Malibu,2017,Petrol,Automatic,1.6,104076,113,117,1,1,Partial Service,,Sedan,FWD,39,PA,6202
BMW,5 Series,2007,Petrol,Automatic,,204227,,135,4,,,Green,Sedan,FWD,34,CA,2571
Audi,Q7,2005,Petrol,,2.2,203979,183,164,4,,Full Service,Green,SUV,AWD,34,NY,1441
Hyundai,Elantra,2020,Hybrid,Automatic,,62545,,157,2,0,No Service,Brown,Sedan,FWD,58,OH,9852
Volkswagen,Tiguan,2021,Diesel,Automatic,,49531,,159,1,0,,Silver,SUV,AWD,,NY,19193
BMW,5 Series,2024,Petrol,Automatic,2.1,100,168,168,1,0,Full Service,Black,Sedan,FWD,40,IL,54788
Ford,Explorer,2012,Petrol,Automatic,2.4,157255,191,173,2,1,Full Service,Silver,SUV,FWD,31,IL,3710
Ford,Mustang,2020,Petrol,Automatic,5,45091,367,364,3,0,Full Service,Silver,Coupe,RWD,,MI,18908
BMW,3 Series,2013,Hybrid,,2.2,150015,180,167,2,,Partial Service,Silver,Sedan,AWD,39,CA,8873
Toyota,Camry,2012,Petrol,,1.6,215122,145,130,2,1,Partial Service,Gray,Sedan,FWD,39,TX,500
Hyundai,Elantra,2007,Petrol,Manual,,312178,127,123,5,0,Partial Service,,Sedan,AWD,37,CA,500
Ford,Mustang,2018,Petrol,,4.6,15990,,347,1,0,No Service,Red,Coupe,RWD,,TX,13306
Ford,F-150,2017,Petrol,Automatic,5.5,55298,400,374,2,0,No Service,Gray,Truck,4WD,10,IL,13574
BMW,5 Series,2013,Diesel,Automatic,2.2,135389,182,176,3,1,No Service,Silver,Sedan,FWD,35,CA,11140
Nissan,Altima,2019,Petrol,Automatic,1.7,25080,145,123,1,0,No Service,Red,Sedan,FWD,33,IL,12869
Audi,A4,2013,Petrol,Automatic,1.4,56456,107,104,4,0,Partial Service,Gray,Sedan,FWD,41,GA,11945
Volkswagen,Golf,2009,Petrol,Automatic,1.9,158108,,,3,,Partial Service,Black,Hatchback,FWD,39,CA,500
Honda,Civic,2016,Petrol,Automatic,2.3,44083,159,150,2,0,Full Service,Silver,Sedan,AWD,28,PA,8290
Toyota,Camry,2010,Petrol,,1.8,238425,156,140,2,0,Full Service,Gray,Sedan,FWD,33,FL,500
Nissan,Sentra,2018,Petrol,Automatic,,27223,180,177,2,,Partial Service,Black,Sedan,FWD,32,NY,10920
Honda,Civic,2021,Petrol,Automatic,1.5,34469,127,120,1,0,Partial Service,Silver,Sedan,FWD,39,NY,13197
Honda,Pilot,2009,Petrol,Automatic,3.2,218441,267,259,3,0,Partial Service,Brown,SUV,AWD,22,,500
Chevrolet,Silverado,2013,Diesel,Automatic,4.8,155182,359,349,2,1,Full Service,Brown,Truck,4WD,11,,4991
Audi,A4,2021,Petrol,Automatic,2.2,21023,187,174,1,0,Partial Service,,Sedan,FWD,31,CA,30664
Mercedes-Benz,GLE,2016,Petrol,Automatic,3.4,160855,256,236,1,0,,Blue,SUV,FWD,17,,22658
BMW,X3,2016,Petrol,Automatic,2.5,91223,194,191,3,1,Full Service,Red,SUV,FWD,35,PA,17042
Mercedes-Benz,E-Class,2013,Petrol,Automatic,,129192,198,187,2,1,Full Service,Red,Sedan,FWD,27,MI,14563
Audi,A4,2018,Diesel,Automatic,1.7,105664,128,129,2,1,Partial Service,Blue,Sedan,FWD,38,NY,15908
Audi,Q7,2017,Petrol,Automatic,2.9,98917,208,170,2,1,Partial Service,Red,SUV,AWD,28,NC,22376
Volkswagen,Golf,2011,Petrol,,1.7,155551,130,116,5,0,Full Service,Blue,Hatchback,FWD,37,CA,500
Chevrolet,Silverado,2009,Petrol,Manual,3.1,228762,221,225,5,,Full Service,Black,Truck,4WD,27,CA,500
Ford,Mustang,2008,Petrol,Manual,4.1,15882,311,292,4,,No Service,Blue,Coupe,RWD,20,OH,5159
Audi,Q5,2022,Electric,Automatic,0,27724,218,239,1,0,Full Service,Black,SUV,AWD,100,IL,40101
Toyota,Camry,2022,Petrol,Automatic,1.7,13382,127,110,1,,Partial Service,Green,Sedan,FWD,33,MI,19648
Toyota,RAV4,2016,Petrol,Automatic,3.3,49269,253,243,3,1,Full Service,Gray,SUV,AWD,24,OH,10309
Nissan,Sentra,2008,Petrol,Manual,1.5,257951,114,92,3,1,Partial Service,White,Sedan,FWD,33,OH,500
Nissan,Pathfinder,2005,Petrol,Automatic,2.7,303913,218,223,4,0,No Service,Black,SUV,AWD,31,MI,500
Mercedes-Benz,GLC,2012,Petrol,Automatic,2.3,197233,179,157,4,,,,SUV,AWD,33,,6627
Chevrolet,Silverado,2021,Petrol,Automatic,3.4,57350,254,241,1,0,Partial Service,Blue,Truck,4WD,24,MI,24439
Toyota,Corolla,2010,Petrol,,2.2,69613,,161,3,,,Gray,Sedan,FWD,36,CA,1055
Mercedes-Benz,C-Class,2006,Petrol,Automatic,,152498,197,195,5,1,Partial Service,,Sedan,FWD,,PA,1441
Hyundai,Elantra,2021,Petrol,Automatic,2,26374,,176,1,0,No Service,Red,Sedan,FWD,36,OH,12201
BMW,5 Series,2022,Diesel,Automatic,1.5,22576,120,114,1,0,Full Service,Blue,Sedan,FWD,38,FL,43707
Mercedes-Benz,GLE,2005,Petrol,Automatic,2.9,279614,231,236,4,0,Full Service,Gray,SUV,AWD,31,CA,500
Toyota,RAV4,2016,Petrol,Automatic,3.3,85383,257,249,1,0,Full Service,,SUV,AWD,24,NC,10486
Nissan,Rogue,2008,Petrol,,3.2,364830,242,,3,0,Partial Service,,SUV,AWD,28,NC,500
Toyota,Camry,2017,Petrol,Automatic,2.1,131825,156,147,3,1,Partial Service,White,Sedan,AWD,35,IL,5680
Ford,Explorer,2006,Hybrid,Automatic,3.3,208994,280,286,3,1,Partial Service,,SUV,AWD,33,IL,500
Audi,Q5,2007,Petrol,Automatic,2.3,285633,,179,5,1,,Red,SUV,FWD,,MI,500
BMW,5 Series,2011,Petrol,Automatic,2,262897,141,134,3,0,No Service,Gray,Sedan,FWD,32,NY,4622
Nissan,Altima,2020,Petrol,Automatic,1.9,54428,149,144,2,0,Partial Service,Gray,Sedan,FWD,35,NC,13918
Mercedes-Benz,E-Class,2008,Petrol,Manual,1.7,26507,,160,4,1,Partial Service,White,Sedan,FWD,36,IL,10211
Chevrolet,Silverado,2022,Petrol,,5.7,8300,,399,1,0,Partial Service,,Truck,4WD,10,,26668
Audi,Q7,2015,Hybrid,Automatic,2.1,72945,163,158,1,0,,Blue,SUV,AWD,50,FL,21825
Mercedes-Benz,E-Class,2019,Petrol,,1.5,76779,141,130,1,0,Partial Service,Blue,Sedan,FWD,34,,30978
Chevrolet,Silverado,2013,Petrol,Automatic,4.7,215425,338,313,2,1,Full Service,Blue,Truck,4WD,,OH,2572
Honda,Accord,2019,Hybrid,Automatic,2.5,15040,206,192,2,0,Partial Service,White,Sedan,AWD,42,IL,16818
Toyota,Highlander,2022,Petrol,Automatic,3.4,757,274,,1,,Full Service,Green,SUV,AWD,,NC,33594
Audi,A6,2017,Diesel,Automatic,2.3,114085,176,163,2,,Partial Service,Silver,Sedan,FWD,,GA,23499
Audi,A6,2023,Petrol,Automatic,2.3,4319,172,156,1,0,Full Service,Gray,Sedan,AWD,35,FL,49124
Chevrolet,Tahoe,2023,Petrol,Automatic,2.8,30537,221,215,1,0,Full Service,Blue,SUV,RWD,31,NY,43887
Honda,Civic,2007,Hybrid,Manual,1.8,245978,136,128,5,,,Brown,Sedan,FWD,57,TX,500
Honda,Pilot,2005,Petrol,,3.2,85556,245,216,4,1,Partial Service,Black,SUV,AWD,,FL,2557
Ford,Mustang,2011,Diesel,Automatic,3.8,17638,,,4,0,Full Service,Silver,Coupe,RWD,15,,7970
Toyota,Camry,2011,Petrol,,,179753,155,142,4,1,Partial Service,Green,Sedan,FWD,40,PA,500
Chevrolet,Equinox,2009,Hybrid,Automatic,2.9,156796,208,226,4,1,Full Service,White,SUV,AWD,37,NC,500
Audi,Q7,2006,Petrol,Automatic,2.6,260422,191,193,5,1,Full Service,Green,SUV,AWD,29,NY,500
Volkswagen,Passat,2020,Diesel,Automatic,2.3,65563,194,191,1,0,Partial Service,Blue,Sedan,AWD,32,NY,16774
Ford,Explorer,2021,Petrol,Automatic,2.3,30925,183,,1,0,No Service,Red,SUV,AWD,36,OH,23873
Audi,A6,2019,Petrol,Automatic,2.4,84366,,165,2,,No Service,,Sedan,FWD,34,PA,28422
Nissan,Sentra,2017,Petrol,Automatic,1.7,114634,149,142,2,,Partial Service,Brown,Sedan,AWD,33,MI,4847
Ford,Mustang,2008,Petrol,Automatic,3.3,318446,,250,2,0,,,Coupe,RWD,26,GA,500
Ford,F-150,2018,Petrol,,4.5,53509,336,325,2,0,Partial Service,Silver,Truck,4WD,17,GA,16037
Toyota,Camry,2019,Petrol,Automatic,1.8,55037,133,122,1,,Partial Service,Blue,Sedan,AWD,32,GA,14664
Hyundai,Elantra,2023,Petrol,Automatic,,3845,180,145,1,0,Partial Service,Black,Sedan,FWD,30,TX,19411
Chevrolet,Equinox,2009,Petrol,,,177567,242,225,2,,,Green,SUV,AWD,26,OH,500
Nissan,Sentra,2021,Petrol,Automatic,2.2,44779,,157,1,0,Partial Service,Green,Sedan,AWD,35,CA,12473
Hyundai,Santa Fe,2010,Petrol,Manual,3.3,148223,251,243,4,,No Service,Green,SUV,AWD,26,GA,2165
Hyundai,Sonata,2007,Petrol,Automatic,1.4,142870,123,104,3,0,Partial Service,Gray,Sedan,FWD,37,GA,500
BMW,X3,2016,Hybrid,Automatic,3.4,79676,264,265,3,0,Partial Service,Green,SUV,AWD,35,,17854
Ford,Escape,2011,Petrol,Automatic,2.9,68551,228,199,5,1,No Service,Gray,SUV,AWD,24,CA,3722
Honda,Accord,2024,Petrol,Automatic,2,100,160,153,1,0,Partial Service,White,Sedan,FWD,37,FL,27467
Chevrolet,Malibu,2022,Petrol,Automatic,2.5,28159,,164,1,0,No Service,Silver,Sedan,FWD,,NY,16915
Mercedes-Benz,E-Class,2024,Petrol,,2.3,787,194,172,1,0,Partial Service,White,Sedan,FWD,32,NY,57751
Nissan,Rogue,2008,Petrol,,2.4,234299,,178,5,0,Partial Service,Gray,SUV,FWD,29,NY,500
Mercedes-Benz,GLE,2008,Petrol,Automatic,3.2,282822,232,226,3,0,Partial Service,Black,SUV,AWD,,MI,1653
Ford,F-150,2022,Petrol,,,27147,398,381,1,0,No Service,Brown,Truck,RWD,12,IL,24212
Chevrolet,Silverado,2005,Petrol,Automatic,4.5,144649,354,356,4,1,No Service,Blue,Truck,4WD,15,GA,500
BMW,3 Series,2021,Diesel,Automatic,1.7,31419,140,142,1,0,Full Service,White,Sedan,FWD,40,FL,31512
Toyota,RAV4,2023,Hybrid,Automatic,3.4,26301,253,215,1,0,Partial Service,Brown,SUV,AWD,38,PA,22809
Nissan,Altima,2005,Petrol,Manual,1.6,226183,129,122,3,,,White,Sedan,FWD,36,CA,500
Audi,Q7,2018,Petrol,,2.9,20135,224,210,1,0,,,SUV,AWD,28,MI,35338
BMW,3 Series,2024,Hybrid,Automatic,1.9,691,163,150,1,0,Partial Service,Black,Sedan,FWD,55,MI,44480
Mercedes-Benz,GLE,2014,Petrol,,2.1,118788,181,174,3,,Partial Service,Red,SUV,FWD,35,FL,19307
Mercedes-Benz,GLE,2023,Petrol,Automatic,3.2,15943,231,218,1,0,Full Service,Black,SUV,AWD,29,,57485
Honda,Accord,2013,Petrol,,2.3,201451,193,187,2,,Full Service,,Sedan,FWD,29,GA,500
BMW,5 Series,2020,Hybrid,Automatic,1.8,74046,143,134,2,0,No Service,Brown,Sedan,AWD,58,IL,30464
Hyundai,Sonata,2022,Petrol,Automatic,,23455,133,133,1,0,Full Service,Green,Sedan,FWD,,OH,18769
Chevrolet,Malibu,2020,Petrol,Automatic,,84843,178,167,1,0,Full Service,Brown,Sedan,FWD,35,NC,12599
Ford,Explorer,2012,Petrol,Automatic,2.6,268944,,168,4,0,No Service,Black,SUV,AWD,,PA,500
Hyundai,Santa Fe,2018,Hybrid,Automatic,,129498,257,243,2,1,Partial Service,Brown,SUV,FWD,40,,10304
Hyundai,Sonata,2006,Petrol,Automatic,,308963,138,132,4,0,Partial Service,Gray,Sedan,FWD,38,,500
Ford,F-150,2016,Petrol,Automatic,4.5,56661,328,316,3,,Partial Service,Red,Truck,RWD,18,CA,10446
Ford,F-150,2021,Electric,Automatic,,59648,289,317,1,1,,Silver,Truck,4WD,118,FL,16479
Nissan,Pathfinder,2008,Petrol,Automatic,2.4,343038,191,188,3,1,Full Service,Green,SUV,AWD,27,TX,500
Chevrolet,Silverado,2022,Petrol,Automatic,3.7,26074,275,253,1,0,Full Service,Blue,Truck,4WD,22,IL,30292
Audi,A6,2015,Petrol,Automatic,1.6,146045,123,,3,1,Full Service,White,Sedan,FWD,37,CA,15255
Toyota,Corolla,2014,Hybrid,Automatic,1.9,186870,167,156,4,0,Full Service,Gray,Sedan,AWD,51,,500
Ford,Escape,2015,Electric,Automatic,,110746,350,385,3,0,Partial Service,Green,SUV,AWD,114,TX,6355
Ford,F-150,2013,Petrol,Automatic,3.6,56229,267,,3,0,Partial Service,Green,Truck,4WD,18,,8926
Hyundai,Elantra,2019,Hybrid,Automatic,2.2,73359,173,170,3,0,Partial Service,Black,Sedan,FWD,43,NC,9212
Chevrolet,Equinox,2013,Petrol,Automatic,2.8,136815,217,205,1,1,No Service,Gray,SUV,AWD,,FL,2621
Honda,Accord,2014,Petrol,,2.3,178179,185,188,3,1,Partial Service,Green,Sedan,FWD,29,PA,1922
Ford,Explorer,2005,Petrol,Automatic,,285789,,243,4,1,Full Service,,SUV,FWD,19,IL,500
Chevrolet,Silverado,2023,Petrol,Automatic,5.5,10807,408,400,1,,Full Service,White,Truck,4WD,13,GA,32213
Honda,Accord,2016,Hybrid,Automatic,1.9,120785,151,122,2,1,,Gray,Sedan,FWD,39,NC,5484
Honda,Accord,2019,Diesel,Automatic,2.4,89469,179,168,1,1,Partial Service,,Sedan,FWD,25,,10621
BMW,5 Series,2017,Petrol,Automatic,2.2,81533,,165,3,1,,White,Sedan,FWD,31,TX,21128
Hyundai,Santa Fe,2005,Petrol,Automatic,,259491,239,,4,,Full Service,Green,SUV,AWD,24,OH,500
Toyota,Highlander,2022,Hybrid,Automatic,2.9,22434,223,215,1,0,Full Service,White,SUV,AWD,35,MI,30481
BMW,5 Series,2022,Petrol,Automatic,1.8,28700,140,128,1,0,No Service,Brown,Sedan,FWD,,,42824
Ford,F-150,2017,Petrol,Automatic,4.1,65678,311,283,1,0,Full Service,Gray,Truck,4WD,,CA,15603
Volkswagen,Tiguan,2008,Hybrid,Automatic,,326510,222,208,2,0,Full Service,Blue,SUV,FWD,46,NY,500
Volkswagen,Atlas,2009,Petrol,Automatic,,93950,183,189,3,1,Partial Service,Brown,SUV,AWD,35,OH,3947
Honda,Civic,2021,Petrol,Automatic,1.7,51718,145,150,1,1,,Blue,Sedan,FWD,37,TX,12741
Nissan,Rogue,2010,Petrol,Automatic,2.8,203323,224,200,4,,Partial Service,Gray,SUV,AWD,31,FL,500
Ford,Mustang,2015,Petrol,,4.6,29652,346,315,2,,Full Service,Black,Coupe,AWD,17,GA,9645
Hyundai,Elantra,2015,Petrol,Automatic,2.3,63629,168,148,2,0,No Service,Gray,Sedan,AWD,29,FL,5216
Toyota,Highlander,2015,Petrol,Automatic,2.3,6230,,167,2,0,Partial Service,White,SUV,AWD,37,,15715
Volkswagen,Golf,2020,Petrol,Automatic,1.9,94489,144,135,1,0,Partial Service,White,Hatchback,FWD,,OH,11094
Toyota,Camry,2020,Petrol,Automatic,1.9,50451,162,143,2,1,Full Service,Red,Sedan,FWD,38,PA,12717
Volkswagen,Tiguan,2006,Petrol,Manual,2.8,335258,215,200,4,0,Full Service,Green,SUV,AWD,24,PA,500
Nissan,Sentra,2015,Petrol,Automatic,2,95896,160,,3,0,Partial Service,Blue,Sedan,FWD,37,CA,5008
Volkswagen,Passat,2014,Petrol,Automatic,1.9,236885,,131,3,1,Partial Service,Gray,Sedan,FWD,32,NC,500
Hyundai,Tucson,2015,Petrol,,2.3,18519,183,181,2,0,Partial Service,,SUV,AWD,32,TX,11496
Honda,Pilot,2020,Petrol,Automatic,2.6,68477,208,191,1,0,Partial Service,Gray,SUV,AWD,27,NY,22659
Volkswagen,Tiguan,2013,Petrol,Automatic,2.9,132485,,235,3,0,Partial Service,Gray,SUV,AWD,26,NC,4478
Volkswagen,Golf,2021,Petrol,,1.5,1533,134,101,1,0,No Service,,Hatchback,FWD,33,NY,16048
Hyundai,Santa Fe,2013,Petrol,Automatic,2.1,48186,180,166,3,0,Full Service,Gray,SUV,AWD,,MI,10017
Volkswagen,Tiguan,2023,Petrol,Automatic,,9831,,,1,0,No Service,Blue,SUV,AWD,,MI,24019
Audi,A6,2023,Petrol,Automatic,1.6,11932,139,114,1,0,Full Service,,Sedan,AWD,,GA,55318
Honda,Civic,2018,Petrol,Automatic,1.6,71619,119,114,2,0,No Service,Gray,Sedan,FWD,39,GA,7698
Chevrolet,Malibu,2014,Petrol,Automatic,1.6,173159,,133,3,1,Full Service,White,Sedan,FWD,40,GA,1189
Mercedes-Benz,E-Class,2006,Petrol,Automatic,2,171715,158,146,3,1,Full Service,Black,Sedan,AWD,31,MI,3197
Honda,Civic,2009,Hybrid,,2.2,233323,179,169,4,0,Partial Service,Black,Sedan,FWD,45,,500
Ford,F-150,2020,Petrol,Automatic,4.9,19238,382,337,2,0,Partial Service,Green,Truck,RWD,10,NY,23688
Ford,Explorer,2009,Petrol,Automatic,2.5,98204,205,185,5,0,,Blue,SUV,AWD,,,4430
Chevrolet,Tahoe,2013,Petrol,Automatic,2.5,163813,202,204,2,0,Partial Service,,SUV,RWD,34,OH,12059
Chevrolet,Malibu,2015,Hybrid,Automatic,2.4,111026,,192,2,1,Partial Service,Silver,Sedan,FWD,53,MI,4441
Toyota,RAV4,2014,Petrol,Automatic,2.3,81476,191,163,2,0,Full Service,Blue,SUV,AWD,33,MI,7908
Honda,CR-V,2023,Petrol,Automatic,3.2,11486,236,226,1,,Partial Service,Brown,SUV,AWD,20,OH,27679
Hyundai,Elantra,2005,Petrol,Automatic,1.7,355155,147,121,5,1,No Service,Black,Sedan,FWD,40,OH,500
Mercedes-Benz,C-Class,2015,Petrol,,,222680,154,,2,1,Full Service,Silver,Sedan,FWD,33,GA,8223
Honda,Accord,2013,Petrol,Automatic,1.6,130079,137,124,4,1,Partial Service,White,Sedan,FWD,40,IL,2995
Mercedes-Benz,GLE,2009,Petrol,Manual,2.8,137694,196,188,2,0,,Green,SUV,FWD,26,MI,11270
Ford,Explorer,2020,Diesel,Automatic,3.4,100,,252,2,,Partial Service,Red,SUV,AWD,30,PA,23428
Chevrolet,Equinox,2018,Petrol,Automatic,2.2,52780,,162,2,0,Full Service,Black,SUV,AWD,,MI,14103
Chevrolet,Silverado,2020,Diesel,Automatic,4.1,46026,300,278,2,0,No Service,Red,Truck,4WD,18,GA,20102
Honda,Accord,2011,Petrol,Automatic,1.5,66330,122,139,4,0,No Service,,Sedan,FWD,37,NY,4251
Honda,Civic,2008,Petrol,,1.5,151756,114,101,4,0,Partial Service,Red,Sedan,FWD,37,NY,500
Audi,Q5,2022,Petrol,Automatic,2.7,43003,209,197,1,0,,Red,SUV,FWD,28,OH,34436
Toyota,Highlander,2015,Petrol,Automatic,2.9,79026,213,215,1,0,Partial Service,,SUV,FWD,31,MI,12021
Chevrolet,Tahoe,2015,Hybrid,,,174323,224,219,3,0,No Service,Silver,SUV,AWD,38,NC,13259
Mercedes-Benz,C-Class,2024,Petrol,Automatic,1.9,4224,151,155,1,0,,White,Sedan,FWD,,MI,45787
Volkswagen,Atlas,2006,Diesel,Automatic,2.2,199417,174,161,4,,Partial Service,,SUV,AWD,33,IL,500
Audi,A6,2014,Petrol,Automatic,2.2,185585,178,162,3,1,Partial Service,Red,Sedan,AWD,30,IL,11975
Nissan,Altima,2007,Petrol,Automatic,1.5,191953,120,123,4,1,Partial Service,Red,Sedan,FWD,42,NC,500
Honda,Pilot,2010,Petrol,Manual,2.6,297498,217,230,4,1,Full Service,,SUV,FWD,33,OH,500
Volkswagen,Atlas,2017,Petrol,,2.3,80430,177,161,1,0,Partial Service,Red,SUV,AWD,,IL,14217
Chevrolet,Malibu,2005,Petrol,Automatic,2.3,341780,192,175,4,1,Partial Service,Blue,Sedan,FWD,36,MI,500
Honda,Pilot,2021,Petrol,,2.7,45129,202,173,1,0,Partial Service,Black,SUV,AWD,29,IL,26136
Audi,A4,2017,Petrol,,1.6,67750,125,120,2,1,,,Sedan,FWD,39,CA,17232
Ford,Mustang,2019,Petrol,Automatic,2.8,77810,228,232,2,1,,Black,Coupe,RWD,31,FL,11826
Ford,Explorer,2023,Diesel,Automatic,3.4,2676,258,242,1,0,Partial Service,,SUV,AWD,23,TX,32142
Honda,Accord,2015,Electric,Automatic,0,109254,315,,2,1,Partial Service,,Sedan,FWD,103,NY,5437
Chevrolet,Malibu,2006,Petrol,,2.4,118745,201,193,5,1,Full Service,,Sedan,FWD,30,GA,500
Audi,A4,2022,Hybrid,Automatic,2,100,148,136,1,0,Full Service,Red,Sedan,FWD,,TX,35947
BMW,3 Series,2023,Petrol,Automatic,1.6,9865,134,119,1,0,Partial Service,Blue,Sedan,FWD,39,NY,40072
Ford,Mustang,2013,Petrol,Manual,,116288,318,300,3,0,Full Service,,Coupe,RWD,20,,5139
Ford,Explorer,2018,Petrol,Automatic,3.3,106086,236,220,1,0,Partial Service,Red,SUV,AWD,21,,15333
Nissan,Rogue,2022,Petrol,Automatic,3.5,22813,260,231,1,1,,Brown,SUV,AWD,23,NC,17559
Hyundai,Tucson,2019,Petrol,Automatic,2.8,108085,226,,1,,Partial Service,Brown,SUV,AWD,27,NY,10926
Mercedes-Benz,GLE,2017,Petrol,Automatic,2.5,71272,196,181,3,,No Service,Green,SUV,AWD,28,CA,22756
Chevrolet,Silverado,2020,Petrol,Automatic,4.1,53300,294,284,1,1,Full Service,Green,Truck,4WD,23,PA,19618
Volkswagen,Atlas,2020,Petrol,Automatic,3,48962,242,232,1,,Partial Service,Brown,SUV,AWD,26,NY,21733
Chevrolet,Silverado,2011,Petrol,Automatic,4.7,99701,364,357,4,1,Full Service,Black,Truck,4WD,17,FL,5491
Mercedes-Benz,GLE,2024,Petrol,Automatic,2.2,100,,,1,0,Full Service,Green,SUV,AWD,30,OH,86692
Nissan,Rogue,2017,Petrol,Automatic,3.4,44525,245,240,2,0,Full Service,Silver,SUV,FWD,28,GA,12513
Ford,Mustang,2005,Petrol,Manual,4.6,126310,352,340,4,1,Partial Service,Green,Coupe,RWD,17,CA,500
Audi,Q7,2009,Petrol,,,143781,262,250,5,0,Full Service,Silver,SUV,RWD,23,NC,9106
Chevrolet,Tahoe,2007,Petrol,,2.9,266839,217,208,3,0,,Brown,SUV,AWD,,NC,500
BMW,X3,2006,Petrol,Automatic,2.9,233643,223,210,3,1,,White,SUV,AWD,23,NC,500
Chevrolet,Malibu,2015,Petrol,Automatic,1.8,167021,147,127,2,1,,,Sedan,FWD,28,NC,1937
Nissan,Pathfinder,2005,Petrol,,2.9,62467,231,217,5,1,Full Service,Brown,SUV,AWD,29,FL,3296
Honda,Civic,2024,Petrol,Automatic,2.4,2480,182,158,1,0,No Service,Brown,Sedan,FWD,39,,18616
Chevrolet,Malibu,2018,Petrol,Automatic,1.7,85066,,,2,0,Partial Service,Blue,Sedan,FWD,,FL,9474
Toyota,Highlander,2018,Petrol,Automatic,2.2,100333,160,135,3,0,,Silver,SUV,FWD,29,CA,14350
Honda,Civic,2012,Petrol,Automatic,1.8,234014,159,153,3,1,Full Service,Green,Sedan,FWD,,,500
Ford,Escape,2020,Electric,Automatic,0,50508,271,298,1,0,Full Service,Silver,SUV,AWD,121,,16610
Ford,Explorer,2007,Petrol,Manual,2.4,241368,183,158,5,0,No Service,,SUV,AWD,35,CA,500
Toyota,Camry,2010,Petrol,Automatic,2.3,42682,185,192,3,,,Black,Sedan,FWD,30,,4737
Mercedes-Benz,GLC,2011,Petrol,,3.2,235231,223,,3,0,,,SUV,AWD,23,GA,3790
Honda,Civic,2022,Petrol,Automatic,2.3,31956,177,,1,0,Partial Service,Red,Sedan,FWD,33,OH,16614
Chevrolet,Malibu,2018,Diesel,Automatic,1.9,108255,163,147,1,0,Partial Service,Red,Sedan,FWD,33,OH,8103
BMW,3 Series,2019,Diesel,Automatic,1.8,39036,143,132,3,0,Full Service,Gray,Sedan,FWD,39,OH,24333
Honda,CR-V,2021,Diesel,Automatic,,13541,190,177,1,0,Partial Service,Blue,SUV,AWD,36,IL,22016
Ford,Mustang,2022,Petrol,Manual,2.6,17777,208,193,1,0,No Service,Green,Coupe,RWD,30,MI,19994
Hyundai,Sonata,2011,Petrol,Manual,1.9,178523,153,139,3,1,,Brown,Sedan,FWD,36,NC,500
Audi,Q7,2007,Petrol,,3.1,95355,228,216,5,1,No Service,White,SUV,AWD,29,TX,5938
BMW,5 Series,2012,Petrol,Automatic,2.4,193228,189,173,3,1,Partial Service,Green,Sedan,FWD,35,TX,8008
Nissan,Sentra,2019,Petrol,Automatic,2.1,33283,156,155,1,0,No Service,Green,Sedan,FWD,35,NY,10451
Ford,Mustang,2008,Hybrid,Automatic,4.6,60657,,320,3,1,Full Service,Silver,Coupe,RWD,35,PA,3264
Volkswagen,Passat,2010,Petrol,Automatic,1.7,315614,144,136,5,,Full Service,Green,Sedan,FWD,35,OH,500
Hyundai,Elantra,2007,Petrol,Automatic,2.3,162221,189,173,3,,,Green,Sedan,FWD,31,IL,500
Ford,Escape,2015,Diesel,Automatic,2.8,88425,209,193,3,0,,Black,SUV,AWD,27,MI,6263
Mercedes-Benz,C-Class,2019,Petrol,Automatic,1.5,136875,,125,1,1,Partial Service,White,Sedan,AWD,36,,19757
Honda,Civic,2022,Petrol,Automatic,,17878,173,170,1,,,Gray,Sedan,FWD,32,NY,17611
BMW,3 Series,2010,Petrol,Automatic,2.4,132507,194,190,3,1,No Service,Black,Sedan,FWD,31,GA,4664
Toyota,RAV4,2013,Petrol,,3.4,210110,259,247,3,0,,,SUV,AWD,24,,691
Volkswagen,Passat,2006,Petrol,Automatic,,198237,179,169,4,1,Partial Service,,Sedan,FWD,31,PA,500
Honda,CR-V,2015,Petrol,Automatic,2.6,264621,220,211,2,,,Silver,SUV,AWD,28,GA,500
Ford,Explorer,2014,Petrol,Automatic,,82862,160,153,1,0,No Service,Silver,SUV,AWD,35,OH,9123
Honda,Accord,2022,Petrol,Automatic,2.1,41393,170,172,1,0,Full Service,Blue,Sedan,FWD,36,CA,20758
Honda,CR-V,2008,Petrol,Automatic,3.4,192719,272,,3,1,Full Service,,SUV,AWD,,CA,500
Volkswagen,Atlas,2007,Petrol,Automatic,2.3,199815,193,,3,0,Full Service,Black,SUV,FWD,,PA,500
Honda,Accord,2024,Petrol,Automatic,1.8,4809,131,,1,,Full Service,,Sedan,FWD,31,,27080
BMW,X5,2008,Petrol,,3.4,230363,244,225,3,1,Partial Service,Silver,SUV,AWD,,MI,3460
Mercedes-Benz,GLE,2021,Petrol,Automatic,3.5,18772,256,242,1,0,No Service,Gray,SUV,AWD,25,IL,40268
Honda,Accord,2010,Diesel,Automatic,2.5,103665,196,176,3,1,Full Service,,Sedan,FWD,,CA,2603
Mercedes-Benz,E-Class,2024,Petrol,,,1415,147,,1,0,Full Service,Red,Sedan,FWD,33,PA,56544
Ford,Escape,2006,Petrol,,,113294,244,228,5,0,Partial Service,Red,SUV,AWD,28,GA,500
Mercedes-Benz,E-Class,2006,Petrol,Automatic,,191071,123,,5,1,,Red,Sedan,FWD,35,IL,2090
Mercedes-Benz,C-Class,2006,Petrol,Automatic,1.5,167839,128,126,4,0,Partial Service,Silver,Sedan,FWD,32,CA,1077
Honda,Accord,2023,Petrol,Automatic,2.4,14196,,158,1,0,,Blue,Sedan,FWD,29,CA,22759
Toyota,Corolla,2006,Petrol,Automatic,1.5,250985,,94,5,1,Partial Service,Blue,Sedan,FWD,39,MI,500
Volkswagen,Golf,2016,Petrol,,,149900,,138,3,0,Full Service,Green,Hatchback,FWD,40,OH,4403
Nissan,Sentra,2012,Petrol,Automatic,1.5,158656,126,116,4,1,Full Service,Green,Sedan,AWD,43,TX,500
Ford,Explorer,2019,Petrol,,2.7,63076,217,207,1,1,Full Service,White,SUV,AWD,29,,16632
Mercedes-Benz,GLC,2010,Diesel,Manual,3.4,68982,276,,4,1,Full Service,Gray,SUV,AWD,23,NY,8615
Honda,Civic,2013,Petrol,Automatic,1.5,68276,122,107,3,,Partial Service,Blue,Sedan,FWD,41,,4931
Ford,Explorer,2020,Petrol,Automatic,2.2,102910,174,167,2,0,Partial Service,White,SUV,AWD,26,IL,20963
Ford,Explorer,2022,Diesel,Automatic,2.6,39310,179,173,1,0,Partial Service,Green,SUV,AWD,24,TX,27415
Audi,A4,2008,Petrol,Manual,2,241018,166,156,5,0,Full Service,Gray,Sedan,AWD,29,NY,500
Hyundai,Santa Fe,2006,Petrol,Automatic,2,367901,,164,5,,Partial Service,,SUV,AWD,33,CA,500
Chevrolet,Silverado,2023,Petrol,Automatic,4.7,9869,364,342,1,0,Partial Service,,Truck,RWD,13,CA,29903
Ford,Mustang,2015,Hybrid,Manual,3,168938,219,211,1,1,No Service,,Coupe,AWD,37,,3354
Ford,F-150,2022,Hybrid,Automatic,3.7,7028,264,252,1,0,Partial Service,,Truck,4WD,44,GA,25713
Mercedes-Benz,GLE,2016,Hybrid,Automatic,2.3,161095,174,158,3,1,No Service,Black,SUV,FWD,43,PA,16575
Honda,Civic,2020,Petrol,Automatic,1.9,23175,152,158,1,0,,,Sedan,FWD,36,,14506
Audi,Q5,2021,Hybrid,Automatic,2.6,51277,214,205,1,,No Service,Blue,SUV,AWD,,MI,29587
Toyota,Camry,2008,Petrol,Automatic,,247678,161,146,3,1,Full Service,Gray,Sedan,FWD,35,FL,500
BMW,5 Series,2021,Hybrid,Automatic,,57580,185,,1,1,No Service,Black,Sedan,AWD,52,,28739
Chevrolet,Malibu,2016,Electric,Automatic,,89187,378,415,3,0,No Service,Silver,Sedan,AWD,,NY,6102
Audi,Q5,2023,Petrol,Automatic,3.1,25362,239,214,1,0,Full Service,Black,SUV,AWD,,MI,43218
Nissan,Sentra,2019,Petrol,Automatic,1.9,84502,,139,2,,Full Service,Gray,Sedan,AWD,29,TX,7808
BMW,X3,2024,Petrol,Automatic,3.5,391,256,235,1,0,Full Service,Silver,SUV,AWD,25,NC,42015
Volkswagen,Passat,2016,Petrol,Automatic,1.6,29234,129,133,3,0,Partial Service,Green,Sedan,FWD,41,TX,11418
Toyota,Corolla,2023,Petrol,Automatic,2.4,3484,172,176,1,0,Full Service,Green,Sedan,FWD,26,PA,20871
Mercedes-Benz,GLC,2020,Hybrid,Automatic,3.1,58316,229,217,1,0,Partial Service,Gray,SUV,AWD,,PA,29909
Volkswagen,Tiguan,2013,Petrol,,2.1,151112,,159,3,1,Full Service,White,SUV,FWD,35,,3172
Ford,Explorer,2008,Petrol,Automatic,3.5,272550,280,267,5,,,White,SUV,AWD,21,IL,500
Audi,A6,2009,Petrol,Automatic,2.4,312290,182,162,3,0,,,Sedan,FWD,28,PA,500
Nissan,Altima,2014,Petrol,Automatic,,144776,149,,3,1,No Service,Black,Sedan,FWD,33,CA,2536
Chevrolet,Equinox,2013,Petrol,Automatic,,64407,204,198,1,1,,Black,SUV,AWD,31,GA,5841
Toyota,RAV4,2011,Petrol,,3.2,51382,244,212,3,1,Partial Service,White,SUV,AWD,31,PA,5178
Ford,Mustang,2017,Diesel,Manual,3.1,117351,238,231,1,1,Partial Service,Black,Coupe,RWD,26,TX,7263
Honda,CR-V,2023,Electric,Automatic,,15847,244,,1,0,Partial Service,,SUV,FWD,,MI,23966
Toyota,Camry,2021,Petrol,Automatic,2,100,147,136,1,0,Partial Service,Green,Sedan,FWD,35,,18867
Chevrolet,Equinox,2008,Petrol,Automatic,3.3,107281,265,259,5,1,Partial Service,Gray,SUV,AWD,26,MI,1164
BMW,X3,2016,Petrol,Automatic,2.7,35737,210,190,2,,No Service,Silver,SUV,AWD,23,MI,20383
Toyota,Camry,2012,Petrol,Automatic,2.2,170555,188,179,3,0,Partial Service,Red,Sedan,FWD,,TX,616
Mercedes-Benz,E-Class,2021,Petrol,Automatic,2,56553,163,,1,,Full Service,Red,Sedan,FWD,34,CA,44178
Audi,Q7,2015,Hybrid,Automatic,2.6,147456,224,217,3,1,Partial Service,,SUV,AWD,50,FL,15621
Audi,Q7,2021,Petrol,,2.2,67003,157,,1,0,Full Service,Gray,SUV,AWD,32,PA,42727
Audi,A4,2005,Petrol,,2.1,309119,168,149,5,1,Partial Service,Black,Sedan,AWD,33,IL,500
BMW,5 Series,2016,Petrol,Automatic,2.3,31274,195,183,2,1,Full Service,Silver,Sedan,FWD,29,IL,21741
Volkswagen,Atlas,2014,Petrol,Automatic,2.7,109447,236,,2,,No Service,Green,SUV,AWD,,CA,8661
Mercedes-Benz,C-Class,2023,Electric,Automatic,0,14332,318,349,1,,Full Service,,Sedan,FWD,108,,41815
Hyundai,Santa Fe,2009,Diesel,Manual,3.1,113187,225,215,3,1,No Service,Green,SUV,FWD,28,CA,2304
Honda,Civic,2021,Petrol,Automatic,2.1,27910,153,136,1,0,Full Service,White,Sedan,AWD,33,CA,15856
Mercedes-Benz,GLC,2019,Petrol,Automatic,2.2,94209,198,175,2,1,,Black,SUV,AWD,26,NY,19508
Honda,Pilot,2007,Petrol,Automatic,3.2,178406,,230,4,0,,Brown,SUV,AWD,,OH,500
Hyundai,Santa Fe,2018,Petrol,Automatic,2.4,86865,201,194,1,0,No Service,Green,SUV,FWD,35,NY,14427
Hyundai,Tucson,2018,Petrol,Automatic,3,72645,,205,3,0,No Service,White,SUV,AWD,28,,10859
Mercedes-Benz,E-Class,2013,Petrol,,,113491,137,125,2,0,Full Service,Silver,Sedan,AWD,34,TX,17575
Audi,A4,2015,Petrol,Automatic,1.8,167992,,147,2,1,No Service,,Sedan,FWD,35,CA,7895
Audi,Q5,2014,Petrol,Automatic,2.7,78098,204,207,3,0,,Red,SUV,FWD,27,NY,15026
Ford,Mustang,2008,Petrol,,4.2,312249,315,293,2,0,No Service,,Coupe,RWD,15,NC,500
Toyota,Corolla,2021,Electric,Automatic,0,31720,234,257,1,0,No Service,,Sedan,FWD,112,GA,12278
Nissan,Sentra,2024,Petrol,Automatic,2.1,9083,179,,1,0,Partial Service,Brown,Sedan,FWD,38,NC,19263
Mercedes-Benz,E-Class,2005,Petrol,Automatic,1.8,303717,,132,4,0,Partial Service,Red,Sedan,FWD,33,TX,500
BMW,3 Series,2017,Petrol,Automatic,1.8,122256,,129,3,0,Full Service,,Sedan,AWD,,,16641
Chevrolet,Silverado,2005,Petrol,,5.4,344920,406,404,4,1,No Service,Gray,Truck,4WD,10,IL,500
Mercedes-Benz,E-Class,2024,Petrol,Automatic,,100,137,127,1,0,Partial Service,Silver,Sedan,FWD,43,CA,53265
Nissan,Altima,2009,Petrol,Automatic,2,193939,163,144,4,,Full Service,Silver,Sedan,FWD,30,GA,500
Mercedes-Benz,E-Class,2022,Diesel,Automatic,2.2,11870,,,1,0,No Service,,Sedan,AWD,36,GA,42284
Nissan,Pathfinder,2015,Petrol,Automatic,2.9,110735,236,222,4,1,Partial Service,Gray,SUV,AWD,25,PA,8901
Mercedes-Benz,GLC,2019,Petrol,,3.1,27755,240,225,3,0,No Service,Silver,SUV,AWD,20,NY,24689
Hyundai,Elantra,2011,Petrol,Automatic,2.5,13602,182,154,3,1,,,Sedan,FWD,35,,4814
Mercedes-Benz,C-Class,2014,Petrol,,1.5,200751,128,,2,,,Blue,Sedan,FWD,37,CA,6373
Mercedes-Benz,GLC,2022,Hybrid,Automatic,2,100,155,140,1,0,Partial Service,Green,SUV,AWD,46,CA,39290
Hyundai,Sonata,2016,Hybrid,Automatic,,190355,118,116,2,1,No Service,,Sedan,FWD,59,PA,2064
Hyundai,Sonata,2007,Petrol,Automatic,2.5,212516,180,171,5,,,Brown,Sedan,FWD,31,OH,500
Toyota,Camry,2017,Petrol,Automatic,2.4,97272,,161,3,1,,Black,Sedan,AWD,33,NC,6441
BMW,X3,2005,Petrol,Automatic,,279157,241,216,5,1,Partial Service,Silver,SUV,AWD,29,NC,500
Honda,Pilot,2017,Petrol,,3.3,95782,270,,2,0,Partial Service,Brown,SUV,AWD,27,IL,15025
Chevrolet,Silverado,2011,Petrol,Automatic,3,133370,,207,4,1,Partial Service,Gray,Truck,4WD,26,GA,3926
Audi,A6,2017,Hybrid,Automatic,2.3,72179,191,175,2,1,Partial Service,,Sedan,FWD,43,FL,22906
Ford,Escape,2019,Hybrid,Automatic,2.8,56641,217,221,1,,No Service,,SUV,AWD,51,IL,10727
Audi,A6,2021,Petrol,Automatic,1.8,31452,,140,1,1,,White,Sedan,FWD,36,CA,35517
Volkswagen,Atlas,2010,Hybrid,,,194180,188,171,4,1,No Service,Gray,SUV,FWD,,PA,615
Toyota,Camry,2022,Petrol,Automatic,1.7,36811,141,152,1,1,Partial Service,Red,Sedan,FWD,42,NY,16596
Audi,A4,2014,Petrol,Automatic,1.6,112877,117,,1,,Full Service,White,Sedan,FWD,37,TX,10289
Nissan,Altima,2017,Electric,Automatic,0,78784,345,379,2,0,No Service,Brown,Sedan,FWD,,TX,8311
BMW,3 Series,2020,Diesel,Automatic,,40014,168,172,2,0,Full Service,,Sedan,FWD,44,MI,26826
Volkswagen,Golf,2022,Petrol,Automatic,2,35110,146,128,1,0,No Service,Green,Hatchback,AWD,33,CA,16071
BMW,X3,2022,Petrol,Automatic,2.6,33381,203,196,1,0,Partial Service,,SUV,AWD,33,GA,35457
Hyundai,Sonata,2011,Diesel,Automatic,2.1,284601,174,164,3,1,Full Service,Red,Sedan,FWD,33,OH,500
Mercedes-Benz,GLC,2022,Petrol,,2.6,26659,225,238,1,0,No Service,Blue,SUV,AWD,27,NY,34403
BMW,5 Series,2013,Petrol,Automatic,2.2,165813,179,166,4,0,No Service,Blue,Sedan,FWD,,MI,13145
Chevrolet,Malibu,2005,Petrol,Automatic,1.7,170529,134,,5,0,Full Service,Silver,Sedan,FWD,39,PA,500
Hyundai,Elantra,2022,Petrol,Automatic,,14831,160,151,1,0,Full Service,Green,Sedan,FWD,40,OH,17392
Ford,Mustang,2016,Petrol,Automatic,2.8,56355,197,181,2,0,Full Service,,Coupe,AWD,33,,16236
Audi,Q7,2009,Petrol,Automatic,2.5,105433,,193,4,1,Partial Service,Red,SUV,AWD,,TX,9153
Mercedes-Benz,E-Class,2022,Hybrid,Automatic,1.4,20012,101,85,1,0,No Service,Brown,Sedan,FWD,48,PA,42894
Toyota,RAV4,2021,Petrol,Automatic,2.2,30701,159,153,1,0,,,SUV,FWD,27,,20346
Volkswagen,Tiguan,2009,Petrol,Manual,3.4,279765,266,,3,1,Full Service,White,SUV,AWD,28,NC,500
Nissan,Sentra,2021,Petrol,Automatic,1.9,100,142,143,1,1,Full Service,Silver,Sedan,FWD,36,PA,14279
BMW,3 Series,2006,Petrol,Automatic,,257785,,122,3,1,,Gray,Sedan,FWD,,,500
Ford,Mustang,2021,Petrol,Automatic,4,17907,292,296,1,0,Partial Service,Brown,Coupe,RWD,23,,21871
Mercedes-Benz,GLE,2017,Petrol,Automatic,3.4,91283,266,257,2,0,Partial Service,Brown,SUV,AWD,26,FL,28772
Audi,A6,2023,Electric,Automatic,0,12861,218,239,1,0,Partial Service,Red,Sedan,FWD,108,PA,50310
Audi,Q5,2009,Petrol,Automatic,3.4,247884,,,4,1,No Service,Black,SUV,AWD,26,NY,500
Volkswagen,Atlas,2024,Diesel,Automatic,,100,191,168,1,0,,Blue,SUV,AWD,33,,34136
Volkswagen,Tiguan,2008,Petrol,Manual,2.6,209034,195,,5,1,Partial Service,Black,SUV,AWD,34,PA,500
Hyundai,Sonata,2008,Petrol,Manual,2.1,100,155,127,3,0,,White,Sedan,AWD,35,TX,6508
Ford,Escape,2015,Diesel,Automatic,2.7,142131,220,,3,1,Full Service,Brown,SUV,FWD,26,OH,4249
Hyundai,Elantra,2009,Diesel,,2.4,175900,165,166,5,0,Full Service,Black,Sedan,FWD,34,MI,500
Mercedes-Benz,GLE,2009,Petrol,Automatic,3.2,31818,236,230,3,1,,Blue,SUV,AWD,25,MI,13242
Mercedes-Benz,C-Class,2015,Petrol,Automatic,1.5,35361,115,117,3,0,Full Service,Green,Sedan,FWD,38,FL,19087
Honda,Civic,2015,Petrol,,2.1,228695,162,,2,1,Partial Service,Silver,Sedan,AWD,36,,500
Volkswagen,Atlas,2019,Petrol,Automatic,2.3,70676,187,180,1,0,No Service,White,SUV,AWD,27,IL,16963
Ford,Escape,2017,Petrol,,3.2,80485,251,,1,1,,Gray,SUV,RWD,26,OH,8740
Volkswagen,Passat,2021,Petrol,Automatic,2.1,20848,164,156,1,0,Full Service,Brown,Sedan,AWD,27,GA,21325
Toyota,Highlander,2012,Petrol,Automatic,3.2,59394,232,224,3,1,No Service,Brown,SUV,AWD,30,MI,7357
Hyundai,Elantra,2005,Petrol,Automatic,2.2,209279,181,180,5,1,Partial Service,Black,Sedan,AWD,34,CA,500
Hyundai,Sonata,2018,Petrol,Automatic,2.2,82999,170,164,1,0,Full Service,Silver,Sedan,FWD,37,IL,11424
Mercedes-Benz,GLE,2008,Petrol,Automatic,2.1,170933,185,187,3,0,Partial Service,Brown,SUV,AWD,31,NC,7039
Nissan,Sentra,2008,Petrol,Automatic,,165771,171,161,4,1,Full Service,Gray,Sedan,FWD,31,NC,500
BMW,X5,2014,Petrol,Automatic,,30314,179,164,2,1,Partial Service,Brown,SUV,AWD,37,IL,19713
BMW,X5,2015,Diesel,Automatic,2.2,111446,171,158,3,0,No Service,Blue,SUV,AWD,32,IL,21834
Ford,Explorer,2015,Petrol,Automatic,3.3,118728,247,242,2,0,No Service,Red,SUV,FWD,23,FL,9409
Audi,Q5,2017,Petrol,,3,39203,235,218,2,0,Full Service,Black,SUV,AWD,32,NY,23552
Honda,Civic,2007,Petrol,,1.8,211409,153,121,4,1,Partial Service,White,Sedan,FWD,35,NY,500
Ford,Explorer,2012,Hybrid,Automatic,2.9,257380,222,204,2,1,Full Service,Silver,SUV,AWD,46,NY,500
Volkswagen,Tiguan,2008,Petrol,Automatic,2.2,178395,174,164,4,0,Partial Service,,SUV,FWD,,MI,500
Volkswagen,Golf,2009,Petrol,Automatic,2.2,245518,,164,5,1,No Service,Brown,Hatchback,AWD,31,NY,500
Audi,A4,2024,Hybrid,Automatic,1.6,100,131,148,1,0,,Green,Sedan,AWD,71,CA,39789
Mercedes-Benz,GLE,2010,Petrol,Automatic,2.1,188134,176,169,3,1,Partial Service,Blue,SUV,FWD,36,,8119
Honda,Accord,2008,Petrol,Automatic,1.7,86045,145,138,3,1,Partial Service,Silver,Sedan,FWD,,MI,2044
Honda,Civic,2011,Petrol,Automatic,2.3,290556,187,181,4,1,Full Service,Silver,Sedan,FWD,33,,500
Mercedes-Benz,GLE,2020,Petrol,Automatic,2.9,66471,211,,1,,,Gray,SUV,AWD,,IL,33340
Mercedes-Benz,GLC,2010,Petrol,Automatic,2.5,117607,187,184,4,0,Full Service,Red,SUV,AWD,26,IL,8675
Honda,Pilot,2012,Petrol,,2.1,227979,155,147,5,1,Partial Service,Black,SUV,AWD,33,CA,1570
Nissan,Altima,2020,Petrol,Automatic,1.6,74730,145,143,2,0,Partial Service,Green,Sedan,FWD,30,,13106
Volkswagen,Tiguan,2013,Petrol,Automatic,2.7,144148,,204,1,0,Full Service,Red,SUV,AWD,32,CA,4267
Nissan,Rogue,2017,Petrol,,2.2,67560,,149,3,,,Gray,SUV,AWD,32,OH,9505
Toyota,Highlander,2013,Petrol,,2.3,220477,176,169,3,1,No Service,Blue,SUV,RWD,32,,2165
Toyota,Corolla,2006,Petrol,Manual,1.7,225437,,,3,1,Partial Service,Black,Sedan,AWD,40,NY,500
Chevrolet,Equinox,2013,Petrol,Automatic,2.2,153286,163,162,3,1,Full Service,Silver,SUV,AWD,37,MI,2312
Mercedes-Benz,GLE,2021,Petrol,Automatic,3.5,54019,257,242,1,0,Partial Service,Red,SUV,AWD,26,GA,43760
Honda,CR-V,2021,Electric,Automatic,0,79950,317,348,1,0,,Blue,SUV,RWD,94,MI,18223
BMW,X5,2022,Petrol,Automatic,,19113,200,196,1,0,No Service,Blue,SUV,FWD,31,IL,44314
Hyundai,Sonata,2020,Petrol,Automatic,2,62585,164,145,1,0,Full Service,,Sedan,FWD,32,PA,15114
Toyota,Camry,2006,Petrol,Automatic,1.8,357634,154,157,5,,Full Service,Red,Sedan,FWD,42,GA,500
Chevrolet,Silverado,2016,Petrol,Automatic,3.2,138511,241,218,2,1,Full Service,White,Truck,4WD,28,GA,9519
BMW,X5,2011,Petrol,Automatic,3.3,229650,238,223,3,1,Partial Service,Blue,SUV,AWD,24,OH,7157
Toyota,Corolla,2016,Electric,Automatic,0,86160,332,,1,0,Full Service,,Sedan,AWD,117,NC,6410
Nissan,Rogue,2023,Petrol,Automatic,3.3,5606,254,219,1,0,Full Service,Gray,SUV,AWD,23,MI,24859
Honda,Civic,2009,Petrol,Automatic,2.1,195162,163,167,2,1,Full Service,Brown,Sedan,FWD,36,PA,500
Honda,Civic,2009,Diesel,Automatic,2.3,321256,175,154,4,1,Full Service,White,Sedan,FWD,33,FL,500
Volkswagen,Atlas,2006,Petrol,Automatic,2.7,258987,214,210,4,1,Partial Service,Silver,SUV,AWD,32,TX,500
Ford,Explorer,2020,Petrol,Automatic,2,8293,141,130,1,0,Full Service,Red,SUV,RWD,36,,24094
Honda,Pilot,2017,Petrol,,,17908,221,,1,0,Partial Service,Green,SUV,AWD,26,,19083
BMW,5 Series,2012,Petrol,Automatic,2.5,138186,206,212,4,1,No Service,Red,Sedan,FWD,,OH,9079
Volkswagen,Tiguan,2023,Petrol,Automatic,3.2,20236,243,230,1,0,No Service,Green,SUV,AWD,,TX,22354
Chevrolet,Malibu,2024,Petrol,Automatic,1.5,4324,125,111,1,0,Partial Service,Green,Sedan,AWD,34,FL,20216
Nissan,Sentra,2012,Petrol,Automatic,1.5,132779,133,118,4,0,,Blue,Sedan,AWD,35,,694
Ford,Escape,2017,Petrol,,,124369,155,150,1,0,Partial Service,Red,SUV,FWD,31,TX,9125
Toyota,Camry,2006,Petrol,Manual,1.7,358879,133,90,4,1,,Gray,Sedan,AWD,36,IL,500
Chevrolet,Silverado,2014,Petrol,Automatic,4.5,115148,326,296,4,0,No Service,Gray,Truck,4WD,14,NC,8492
Ford,Explorer,2010,Petrol,Manual,3.2,262577,244,217,2,,Full Service,Blue,SUV,FWD,25,GA,500
Hyundai,Sonata,2005,Petrol,,1.5,231379,104,,4,0,Full Service,,Sedan,FWD,,MI,500
Audi,A4,2023,Hybrid,Automatic,2.3,38335,186,174,1,0,Partial Service,Silver,Sedan,AWD,49,GA,34180
Audi,A4,2007,Diesel,Manual,2.1,158394,154,139,4,1,Partial Service,Red,Sedan,AWD,,NY,1411
Honda,Pilot,2022,Hybrid,Automatic,2.8,22650,226,,1,0,Partial Service,,SUV,AWD,,NY,28241
Toyota,RAV4,2024,Petrol,Automatic,2.7,100,223,212,1,0,Full Service,Brown,SUV,AWD,,NY,27376
BMW,3 Series,2009,Petrol,Automatic,2.2,203034,172,174,4,1,Partial Service,Black,Sedan,FWD,35,CA,1639
Toyota,Camry,2024,Petrol,Automatic,,1225,146,147,1,0,No Service,Green,Sedan,FWD,38,OH,22534
Nissan,Pathfinder,2010,Petrol,Automatic,2.5,298417,188,188,2,1,Full Service,Gray,SUV,AWD,33,FL,500
Honda,Accord,2020,Petrol,,1.8,24802,130,127,2,0,Partial Service,Brown,Sedan,FWD,36,MI,16893
Mercedes-Benz,C-Class,2019,Petrol,Automatic,2.5,12196,,,1,0,Partial Service,,Sedan,FWD,26,PA,26036
BMW,3 Series,2023,Diesel,,2.1,5846,166,163,1,0,Partial Service,White,Sedan,FWD,37,,39354
Ford,Mustang,2023,Petrol,Manual,4,38016,301,277,1,1,Full Service,,Coupe,RWD,19,FL,21514
Toyota,RAV4,2016,Hybrid,Automatic,3.4,58726,,248,3,1,Full Service,Gray,SUV,FWD,42,NY,9467
Hyundai,Tucson,2005,Petrol,,3,370214,226,,4,1,No Service,Gray,SUV,AWD,,TX,500
Nissan,Pathfinder,2015,Petrol,Automatic,3.4,155458,254,245,1,0,Full Service,Red,SUV,AWD,,CA,9050
BMW,5 Series,2008,Petrol,Manual,,231474,157,131,3,0,No Service,Gray,Sedan,FWD,33,NC,2571
Nissan,Sentra,2017,Petrol,Automatic,1.7,102346,147,134,2,0,,,Sedan,FWD,37,,6119
Honda,Pilot,2008,Diesel,Automatic,3.2,218892,262,250,4,,Full Service,Black,SUV,FWD,26,,500
Nissan,Pathfinder,2018,Petrol,Automatic,3.3,63343,249,253,1,,No Service,Silver,SUV,AWD,22,MI,17160
Audi,Q5,2014,Petrol,Automatic,3.1,568,219,205,1,1,Full Service,Black,SUV,FWD,,,17618
Toyota,Camry,2017,Petrol,Automatic,2.4,105463,188,,3,1,Full Service,Black,Sedan,FWD,39,GA,7516
Volkswagen,Atlas,2007,Petrol,Automatic,3.3,151189,255,257,4,1,Partial Service,White,SUV,AWD,28,PA,536
BMW,X3,2021,Hybrid,Automatic,2.8,44916,212,212,1,1,No Service,Red,SUV,AWD,49,TX,27064
Ford,Explorer,2021,Petrol,Automatic,2.1,30447,167,157,1,0,,Green,SUV,AWD,31,GA,25606
Honda,Accord,2005,Petrol,Automatic,2.1,101498,,163,4,1,Full Service,Silver,Sedan,FWD,34,GA,500
Audi,Q7,2007,Petrol,Automatic,2.5,183880,204,170,5,,Full Service,Black,SUV,AWD,32,GA,4200
Audi,Q7,2011,Petrol,,2.3,141968,187,,4,1,Full Service,Blue,SUV,AWD,27,IL,10689
Mercedes-Benz,E-Class,2018,Diesel,Automatic,,59065,120,,2,0,Full Service,Brown,Sedan,AWD,40,,30042
Nissan,Rogue,2018,Diesel,Automatic,2.7,87854,202,200,2,1,No Service,Silver,SUV,FWD,29,PA,8870
Volkswagen,Passat,2017,Petrol,Automatic,2,120321,158,161,3,0,Partial Service,Brown,Sedan,FWD,37,PA,9357
Volkswagen,Tiguan,2013,Petrol,Automatic,3,193542,228,199,3,0,,Gray,SUV,AWD,,NC,1566
Honda,Civic,2005,Petrol,Manual,2.4,312584,192,188,4,1,Partial Service,Brown,Sedan,FWD,27,CA,500
Mercedes-Benz,E-Class,2007,Petrol,Automatic,1.7,264779,133,,4,1,Partial Service,White,Sedan,FWD,36,FL,500
Volkswagen,Tiguan,2013,Petrol,Automatic,2.4,110357,,177,2,0,Partial Service,Green,SUV,AWD,36,NC,5464
Toyota,Camry,2024,Petrol,Automatic,,100,139,127,1,0,Partial Service,Red,Sedan,FWD,35,GA,25729
Volkswagen,Atlas,2019,Petrol,Automatic,3.5,70718,272,273,2,1,Partial Service,Gray,SUV,AWD,24,,16239
Nissan,Altima,2010,Hybrid,Manual,1.6,138948,149,147,5,1,,Blue,Sedan,AWD,54,NY,500
Toyota,Highlander,2010,Petrol,,2.7,291129,201,182,3,,,,SUV,AWD,32,CA,500
Ford,Escape,2022,Petrol,Automatic,2.8,71436,240,232,1,0,Full Service,,SUV,FWD,32,,19447
Mercedes-Benz,GLC,2015,Petrol,Automatic,2.2,73882,149,,2,0,Partial Service,,SUV,AWD,32,PA,26800
Mercedes-Benz,E-Class,2015,Hybrid,Automatic,1.9,48009,,142,3,1,Full Service,White,Sedan,FWD,36,NY,19115
Mercedes-Benz,GLE,2014,Petrol,Automatic,2.7,132057,221,,2,1,Full Service,Blue,SUV,AWD,34,NC,16501
BMW,3 Series,2017,Petrol,Automatic,2.2,117219,164,151,3,0,,Gray,Sedan,FWD,28,NC,16887
Audi,A4,2024,Diesel,,2,4087,160,134,1,0,Full Service,White,Sedan,FWD,31,,43416
Mercedes-Benz,GLC,2009,Petrol,Manual,2.9,115348,215,206,3,1,Full Service,Gray,SUV,AWD,33,,6307
Ford,Mustang,2011,Petrol,Manual,3.9,225952,294,281,2,1,,White,Coupe,AWD,20,IL,500
Audi,A4,2012,Petrol,Automatic,1.5,139323,111,100,3,1,Full Service,Blue,Sedan,FWD,,FL,6712
Nissan,Sentra,2017,Petrol,Automatic,2.3,103863,179,163,3,1,Full Service,White,Sedan,FWD,28,IL,5099
Chevrolet,Silverado,2010,Petrol,Automatic,3,21061,226,221,3,1,Partial Service,Silver,Truck,4WD,27,TX,8506
Toyota,RAV4,2011,Petrol,Manual,2.7,34573,211,,4,0,,Green,SUV,AWD,28,FL,7318
Toyota,RAV4,2019,Petrol,,3.2,117635,245,224,2,,,White,SUV,FWD,25,,13006
Mercedes-Benz,GLE,2005,Petrol,Manual,,293408,263,242,5,1,Partial Service,Red,SUV,AWD,27,TX,500
Honda,Accord,2014,Diesel,Automatic,1.6,91986,133,127,2,0,Partial Service,Blue,Sedan,FWD,,OH,6635
Audi,Q5,2022,Petrol,Automatic,,100,232,217,1,0,No Service,Brown,SUV,AWD,29,NC,33603
Audi,Q7,2014,Petrol,Automatic,3.4,82415,258,,3,0,No Service,Black,SUV,AWD,22,PA,16548
Honda,Civic,2008,Petrol,Automatic,,171389,121,126,5,1,No Service,White,Sedan,FWD,39,NY,500
Hyundai,Santa Fe,2014,Petrol,,,42706,180,171,4,1,Full Service,Gray,SUV,FWD,28,NY,9868
Volkswagen,Passat,2018,Electric,Automatic,0,48905,262,,1,0,No Service,Black,Sedan,FWD,123,OH,11736
Audi,Q5,2010,Petrol,Automatic,2.6,177894,,170,3,0,Full Service,Brown,SUV,AWD,27,NY,4814
Nissan,Altima,2009,Petrol,Automatic,,283126,186,168,4,1,No Service,Brown,Sedan,FWD,35,PA,500
Audi,Q5,2007,Petrol,Automatic,2,115740,148,130,4,0,No Service,Red,SUV,FWD,32,MI,4079
Honda,Pilot,2015,Electric,Automatic,0,34229,,,1,,Full Service,Green,SUV,AWD,104,GA,16121
Audi,Q7,2013,Petrol,Automatic,2.5,81726,189,156,3,0,Full Service,Silver,SUV,AWD,28,CA,18467
Hyundai,Santa Fe,2014,Diesel,Automatic,2.8,155665,212,185,2,0,No Service,Brown,SUV,FWD,32,,5104
Nissan,Rogue,2011,Petrol,Manual,2.1,90105,169,158,2,1,Partial Service,,SUV,FWD,36,,4451
Volkswagen,Golf,2011,Diesel,Automatic,2,116004,175,179,2,0,Full Service,Blue,Hatchback,FWD,30,GA,2085
Volkswagen,Passat,2019,Hybrid,Automatic,1.8,69176,124,114,1,1,,White,Sedan,FWD,52,IL,12387
Mercedes-Benz,GLE,2007,Petrol,Automatic,,482337,166,,3,1,Partial Service,Black,SUV,RWD,32,FL,500
Audi,A6,2010,Petrol,Manual,1.8,95348,123,122,2,1,Full Service,Silver,Sedan,FWD,41,PA,10515
Honda,Accord,2013,Petrol,Automatic,2.4,141423,184,171,3,1,,Silver,Sedan,FWD,,PA,2935
Chevrolet,Malibu,2017,Petrol,Automatic,1.6,74761,,125,3,0,Full Service,Gray,Sedan,AWD,42,MI,9403
Hyundai,Elantra,2019,Petrol,Automatic,1.8,59502,152,157,1,,,Black,Sedan,FWD,,NY,9475
Mercedes-Benz,GLE,2008,Petrol,Automatic,3,146086,237,213,5,1,Partial Service,White,SUV,AWD,25,CA,6765
Nissan,Altima,2024,Petrol,Automatic,1.7,2246,124,118,1,0,,Black,Sedan,FWD,39,OH,22873
Chevrolet,Equinox,2011,Petrol,,,110017,170,143,3,,Full Service,Silver,SUV,FWD,,NY,3187
Honda,Accord,2013,Petrol,Automatic,2,192109,164,159,4,1,No Service,Brown,Sedan,FWD,34,,571
Ford,Escape,2009,Petrol,,3.1,248357,234,214,4,0,,Brown,SUV,AWD,,,500
Honda,Civic,2018,Diesel,Automatic,2,42714,145,136,2,1,Full Service,,Sedan,FWD,39,TX,8786
Honda,CR-V,2021,Petrol,,2.1,68952,,169,1,0,Partial Service,White,SUV,AWD,40,TX,24983
Toyota,Camry,2016,Electric,Automatic,0,73357,229,251,3,1,,Brown,Sedan,FWD,111,PA,7531
Volkswagen,Golf,2009,Petrol,Automatic,1.8,161874,153,150,3,0,Partial Service,Blue,Hatchback,FWD,,CA,500
Honda,CR-V,2024,Diesel,,3,3201,234,,1,0,Full Service,,SUV,RWD,25,NY,28541
BMW,3 Series,2008,Petrol,Automatic,,320644,127,102,4,1,Partial Service,Red,Sedan,AWD,,FL,500
Hyundai,Elantra,2005,Hybrid,Manual,2.2,128553,184,,3,1,No Service,Black,Sedan,FWD,47,FL,500
Ford,Escape,2022,Hybrid,Automatic,2.3,13430,188,192,1,0,Full Service,Blue,SUV,AWD,42,,22776
Toyota,Camry,2008,Petrol,Automatic,1.9,208073,143,139,4,0,,,Sedan,FWD,35,OH,500
Nissan,Sentra,2016,Petrol,Automatic,2.3,60507,182,179,1,0,Full Service,Green,Sedan,AWD,33,OH,7963
Ford,F-150,2013,Petrol,Automatic,4.4,115935,,,2,1,No Service,White,Truck,RWD,18,FL,2600
Honda,Pilot,2016,Petrol,Automatic,2.3,132613,,,4,1,Full Service,Silver,SUV,AWD,32,PA,9630
Toyota,Camry,2015,Diesel,Automatic,1.9,80642,158,152,2,0,Full Service,Red,Sedan,FWD,36,CA,7890
Honda,Civic,2015,Petrol,Automatic,1.7,85052,,126,2,1,No Service,,Sedan,FWD,35,,4276
Nissan,Sentra,2014,Petrol,Automatic,1.8,57553,119,111,2,,Partial Service,,Sedan,FWD,,,4818
Audi,Q7,2018,Petrol,Automatic,,43270,262,252,1,0,,Blue,SUV,AWD,,PA,29958
Ford,Mustang,2005,Petrol,Manual,4.7,103609,351,335,4,1,Partial Service,Blue,Coupe,RWD,15,MI,500
Mercedes-Benz,C-Class,2023,Hybrid,,2.3,100,,,1,0,No Service,Brown,Sedan,AWD,,PA,36384
Nissan,Altima,2022,Petrol,Automatic,2.2,23091,158,,1,0,Full Service,Silver,Sedan,AWD,34,IL,19495
Toyota,Camry,2015,Petrol,Automatic,,185802,137,111,3,0,,Silver,Sedan,FWD,41,OH,2413
Nissan,Altima,2010,Petrol,,1.9,75902,168,165,2,0,No Service,Red,Sedan,FWD,,,3228
Chevrolet,Tahoe,2006,Petrol,,2,198271,151,141,3,1,No Service,Brown,SUV,RWD,35,NC,922
Nissan,Altima,2019,Petrol,Automatic,2,33205,171,141,1,0,Partial Service,Black,Sedan,AWD,34,PA,14202
Hyundai,Elantra,2019,Petrol,Automatic,,25545,179,158,3,,Partial Service,,Sedan,FWD,32,MI,11599
Chevrolet,Equinox,2020,Petrol,,2.6,62381,,211,1,0,Full Service,Green,SUV,FWD,26,OH,16273
Toyota,RAV4,2013,Petrol,Automatic,2.5,266771,200,177,3,0,Partial Service,Brown,SUV,RWD,31,GA,500
Ford,Explorer,2008,Petrol,Automatic,2.6,213943,206,186,4,,Full Service,Gray,SUV,RWD,,CA,500
BMW,X3,2018,Hybrid,Automatic,3.4,37290,251,246,1,0,Partial Service,White,SUV,AWD,37,GA,23467
Ford,F-150,2014,Petrol,Automatic,4.2,130540,308,299,3,,No Service,Green,Truck,4WD,12,IL,5937
Nissan,Sentra,2013,Petrol,Automatic,1.4,101261,111,121,4,1,Full Service,,Sedan,AWD,39,,2424
Audi,Q5,2007,Petrol,Automatic,3.3,85109,250,,4,0,Full Service,Red,SUV,AWD,25,MI,6494
Chevrolet,Tahoe,2021,Petrol,Automatic,3.4,72064,255,,1,1,Full Service,Red,SUV,AWD,20,CA,32439
Toyota,Highlander,2020,Petrol,Automatic,2.6,64100,193,174,1,0,Full Service,Brown,SUV,AWD,31,,24733
Ford,F-150,2005,Petrol,Manual,5,336443,368,363,4,0,Partial Service,Blue,Truck,4WD,15,FL,500
Ford,Explorer,2018,Petrol,,2.6,77301,189,,3,,No Service,Black,SUV,AWD,29,TX,14829
BMW,X3,2023,Electric,,0,17051,270,297,1,0,Partial Service,Blue,SUV,FWD,,,38553
BMW,X3,2017,Hybrid,Automatic,3.1,116767,242,217,2,0,Partial Service,Green,SUV,AWD,40,NC,19849
Hyundai,Tucson,2008,Diesel,,,302867,156,140,5,0,Full Service,Green,SUV,AWD,37,MI,500
Honda,Civic,2017,Petrol,Automatic,1.7,78158,151,153,2,,No Service,,Sedan,FWD,38,FL,6235
Chevrolet,Equinox,2013,Petrol,,,136066,255,247,2,1,Full Service,Silver,SUV,AWD,30,,3164
Audi,Q5,2008,Petrol,Automatic,2.6,152283,204,200,3,1,Partial Service,Gray,SUV,AWD,,PA,3220
Mercedes-Benz,C-Class,2009,Petrol,Manual,1.4,162910,,,2,0,No Service,Blue,Sedan,FWD,40,CA,3888
BMW,X5,2019,Petrol,Automatic,3.2,45949,,231,2,1,Partial Service,Blue,SUV,AWD,26,TX,30994
Hyundai,Elantra,2008,Petrol,Automatic,2,20347,167,151,5,1,Partial Service,White,Sedan,FWD,35,FL,3428
Hyundai,Santa Fe,2016,Petrol,Automatic,3.3,55516,252,227,2,1,Partial Service,Silver,SUV,AWD,23,OH,11054
Toyota,RAV4,2012,Petrol,Automatic,3,73773,218,213,3,1,,Black,SUV,AWD,,PA,5677
Ford,Mustang,2008,Hybrid,Automatic,2.6,156726,200,168,3,0,Full Service,Brown,Coupe,AWD,,,500
Volkswagen,Golf,2007,Petrol,Manual,,180144,183,163,4,1,Full Service,Green,Hatchback,FWD,28,CA,500
Nissan,Sentra,2023,Diesel,Automatic,2.2,15805,180,179,1,0,No Service,Gray,Sedan,FWD,33,PA,16213
BMW,X3,2022,Petrol,Automatic,3.2,26947,234,225,1,0,Partial Service,,SUV,FWD,,OH,38287
Volkswagen,Golf,2023,Petrol,Automatic,2.4,24208,179,182,1,0,No Service,,Hatchback,AWD,32,,17240
BMW,3 Series,2011,Petrol,Automatic,2.3,109537,189,152,2,1,Partial Service,White,Sedan,FWD,28,,7202
Mercedes-Benz,GLC,2008,Petrol,Automatic,2.5,262918,194,187,4,0,,Gray,SUV,FWD,,MI,500
Mercedes-Benz,GLE,2019,Petrol,,3.3,30348,257,247,1,1,Partial Service,Black,SUV,RWD,25,CA,35794
Ford,F-150,2016,Diesel,Automatic,3.3,101205,238,227,2,1,Full Service,Brown,Truck,4WD,25,TX,10267
Honda,Pilot,2018,Electric,Automatic,0,90641,,239,3,1,Full Service,Blue,SUV,AWD,,TX,14784
Ford,Explorer,2024,Hybrid,,2.1,100,168,,1,0,No Service,,SUV,FWD,43,,30005
Ford,Mustang,2011,Petrol,Manual,3.9,70717,300,,3,0,Full Service,Black,Coupe,RWD,18,TX,6094
Ford,Mustang,2012,Petrol,Automatic,,71341,305,306,3,1,Partial Service,Red,Coupe,RWD,19,OH,5728
Chevrolet,Malibu,2014,Diesel,Automatic,2,97204,153,139,3,1,No Service,White,Sedan,AWD,32,,3616
Chevrolet,Equinox,2013,Petrol,Automatic,,165099,,163,3,0,Partial Service,,SUV,AWD,26,IL,2154
Honda,Accord,2007,Petrol,Automatic,2.4,261014,196,171,3,1,Full Service,Gray,Sedan,FWD,30,NY,500
Ford,F-150,2022,Petrol,Automatic,4.1,45235,314,,1,0,Partial Service,,Truck,4WD,19,TX,22576
Volkswagen,Atlas,2024,Petrol,Automatic,3.3,9402,258,,1,0,No Service,Silver,SUV,AWD,27,NY,27851
Mercedes-Benz,GLE,2020,Electric,,0,29080,270,297,1,1,Full Service,Gray,SUV,AWD,105,PA,37207
Toyota,Corolla,2010,Petrol,Automatic,2.4,250291,204,198,3,1,Partial Service,White,Sedan,FWD,28,TX,500
Nissan,Rogue,2018,Hybrid,Automatic,2.9,93189,,,2,1,No Service,Silver,SUV,FWD,44,FL,8806
Nissan,Altima,2018,Petrol,Automatic,1.8,22585,143,122,1,,Full Service,Green,Sedan,FWD,39,MI,11788
Chevrolet,Malibu,2013,Petrol,Automatic,1.8,182410,157,143,3,1,Partial Service,,Sedan,FWD,28,CA,500
Audi,Q7,2016,Hybrid,Automatic,3.4,69170,251,,3,,Full Service,Silver,SUV,AWD,43,NY,27985
Honda,Civic,2005,Petrol,,1.5,385237,105,95,5,0,Full Service,Gray,Sedan,FWD,40,GA,500
Audi,Q5,2016,Petrol,Automatic,3,200725,224,190,3,,,White,SUV,AWD,,NC,10898
Ford,Explorer,2007,Petrol,Manual,3.2,281154,255,227,4,,No Service,,SUV,AWD,24,FL,500
BMW,X5,2013,Petrol,Automatic,,153445,205,198,4,0,Full Service,Black,SUV,AWD,30,NC,15901
Toyota,RAV4,2020,Petrol,Automatic,2.6,30455,190,168,1,1,Partial Service,Black,SUV,FWD,,OH,15713
Honda,CR-V,2023,Petrol,Automatic,2.7,13121,209,,1,0,Partial Service,Green,SUV,AWD,,,23368
Toyota,RAV4,2015,Petrol,Automatic,2.1,146472,158,162,3,0,Partial Service,,SUV,AWD,,CA,5281
Toyota,Corolla,2021,Petrol,Automatic,2,68256,142,122,1,1,Full Service,White,Sedan,FWD,35,PA,10689
Ford,F-150,2010,Petrol,Automatic,5.1,212725,368,339,3,1,Partial Service,Silver,Truck,4WD,,GA,500
Volkswagen,Golf,2009,Petrol,,1.9,100,159,152,5,,Partial Service,Blue,Hatchback,FWD,32,CA,5228
Toyota,Highlander,2022,Hybrid,Automatic,2.5,100,,166,1,0,Partial Service,Blue,SUV,AWD,38,OH,27806
Toyota,RAV4,2015,Petrol,Automatic,3,67841,221,211,3,0,Partial Service,White,SUV,AWD,23,OH,10490
Hyundai,Tucson,2015,Petrol,Automatic,2.2,110778,,193,2,0,No Service,,SUV,AWD,29,TX,6443
Nissan,Altima,2017,Petrol,Automatic,2.4,31192,,176,2,1,No Service,Black,Sedan,AWD,29,,8832
BMW,X5,2021,Petrol,Automatic,2.4,24074,,194,1,,,,SUV,AWD,29,FL,46795
Volkswagen,Golf,2018,Petrol,Automatic,,47439,143,144,1,,,Blue,Hatchback,FWD,37,TX,12562
Chevrolet,Equinox,2013,Petrol,Automatic,3,38214,239,223,2,,Full Service,Brown,SUV,AWD,23,PA,7662
Honda,Civic,2020,Petrol,Automatic,2.1,36504,148,149,1,0,Full Service,,Sedan,FWD,,GA,13908
Toyota,Highlander,2021,Petrol,,3.2,12692,252,254,1,,Full Service,Red,SUV,AWD,28,MI,29478
Honda,CR-V,2020,Hybrid,Automatic,2.4,65387,189,175,2,0,,Black,SUV,AWD,45,TX,14549
Chevrolet,Silverado,2020,Petrol,Automatic,3.1,83599,246,244,1,1,Full Service,,Truck,RWD,28,CA,19846
Toyota,RAV4,2020,Petrol,Automatic,3.4,33951,268,271,1,,,Blue,SUV,AWD,21,OH,20375
Honda,Pilot,2011,Petrol,Automatic,3.3,202693,,231,5,0,No Service,Green,SUV,AWD,19,PA,1621
Toyota,RAV4,2012,Petrol,Automatic,2.3,89810,152,,2,0,Partial Service,Blue,SUV,AWD,35,OH,5785
Toyota,Highlander,2017,Electric,Automatic,0,42018,,359,2,1,Full Service,Blue,SUV,AWD,,CA,14682
Hyundai,Tucson,2010,Petrol,,,187672,223,214,4,1,No Service,Red,SUV,FWD,22,TX,500
Volkswagen,Passat,2012,Petrol,Automatic,1.4,4506,105,104,2,,Full Service,Gray,Sedan,FWD,38,PA,9770
Hyundai,Tucson,2020,Petrol,Automatic,2.9,63768,229,226,2,0,Partial Service,White,SUV,AWD,28,TX,14630
Honda,Pilot,2014,Petrol,Automatic,,159969,219,205,1,,No Service,Green,SUV,AWD,28,OH,5516
Honda,Accord,2021,Hybrid,,1.6,20281,143,122,1,0,,Gray,Sedan,FWD,58,TX,19639
Chevrolet,Silverado,2005,Petrol,Automatic,3,257698,232,228,3,1,Partial Service,Black,Truck,4WD,27,CA,500
Toyota,RAV4,2024,Petrol,Automatic,,8556,153,159,1,0,Partial Service,Black,SUV,AWD,,OH,28475
Audi,Q7,2009,Petrol,,3,5505,,,3,1,Full Service,Black,SUV,AWD,29,NC,14191
Audi,A4,2010,Petrol,Automatic,1.5,205503,105,101,3,,Partial Service,Green,Sedan,FWD,37,FL,2174
Mercedes-Benz,GLE,2024,Petrol,Automatic,2.7,4113,212,215,1,0,,Red,SUV,AWD,30,MI,63669
Toyota,Corolla,2020,Petrol,Automatic,1.8,73764,156,137,1,1,Full Service,Red,Sedan,AWD,,,10427
Mercedes-Benz,GLE,2018,Diesel,,2.4,58808,176,172,4,0,No Service,White,SUV,FWD,28,,26477
Honda,CR-V,2005,Petrol,Automatic,3,92285,233,218,4,1,Partial Service,Silver,SUV,AWD,28,CA,864
Honda,Civic,2023,Petrol,Automatic,1.4,917,107,88,1,,Partial Service,,Sedan,FWD,36,FL,19741
Ford,Explorer,2005,Petrol,Manual,2.6,327592,214,192,3,1,Full Service,Red,SUV,AWD,27,TX,500
BMW,X5,2021,Petrol,Automatic,2.9,33709,235,222,1,0,No Service,Gray,SUV,FWD,27,OH,40542
Chevrolet,Malibu,2006,Petrol,Automatic,2.3,361590,167,147,5,1,Partial Service,,Sedan,FWD,31,CA,500
Mercedes-Benz,C-Class,2019,Diesel,,2,90333,153,,1,0,,Black,Sedan,FWD,33,TX,24227
Honda,Pilot,2013,Petrol,Automatic,2,65750,164,168,3,,No Service,White,SUV,AWD,34,TX,9422
BMW,5 Series,2009,Hybrid,Automatic,1.7,88976,139,140,2,1,Full Service,White,Sedan,FWD,39,FL,10144
Volkswagen,Atlas,2007,Petrol,Automatic,2.5,143960,,165,4,0,Partial Service,Gray,SUV,AWD,,TX,971
Hyundai,Sonata,2012,Hybrid,Automatic,1.7,135340,134,118,3,,No Service,Black,Sedan,FWD,45,CA,1301
Volkswagen,Tiguan,2019,Petrol,Automatic,2.6,87337,198,188,2,0,Partial Service,Green,SUV,RWD,31,NY,13787
BMW,X5,2015,Petrol,Automatic,2.1,105494,164,157,1,0,Partial Service,Brown,SUV,FWD,35,,24244
Volkswagen,Atlas,2020,Petrol,Automatic,2.5,33114,199,206,1,0,Full Service,Green,SUV,AWD,29,,24825
Volkswagen,Atlas,2005,Petrol,Automatic,3.3,255756,263,256,5,0,Full Service,Silver,SUV,FWD,27,OH,500
Ford,F-150,2020,Petrol,,4.1,100,308,283,2,0,No Service,Silver,Truck,4WD,19,OH,18214
Toyota,Corolla,2016,Petrol,Automatic,1.6,159680,145,135,3,0,Full Service,Gray,Sedan,AWD,41,OH,2295
BMW,X3,2015,Petrol,Automatic,,113488,249,227,3,0,Partial Service,,SUV,FWD,28,CA,15140
Nissan,Altima,2018,Petrol,Automatic,1.9,110384,158,145,3,0,Partial Service,White,Sedan,FWD,32,,8916
Chevrolet,Silverado,2012,Petrol,Automatic,,187001,366,354,3,1,Partial Service,,Truck,4WD,15,IL,2571
Mercedes-Benz,GLE,2014,Petrol,Automatic,2.7,122894,,208,4,1,No Service,Brown,SUV,FWD,34,FL,15103
Chevrolet,Tahoe,2019,Petrol,Automatic,2.7,96695,219,204,1,0,,Gray,SUV,AWD,34,FL,27779
Toyota,Camry,2011,Petrol,Automatic,,157693,163,158,3,,,Silver,Sedan,FWD,34,FL,500
Mercedes-Benz,GLC,2020,Petrol,Automatic,,48872,197,188,2,0,Partial Service,Silver,SUV,AWD,35,FL,32389
Volkswagen,Atlas,2009,Petrol,Automatic,2.7,219265,213,195,4,,,Blue,SUV,AWD,31,OH,500
Ford,Explorer,2008,Petrol,Automatic,2.5,28882,185,166,4,0,Full Service,Black,SUV,AWD,31,FL,7259
Honda,Civic,2008,Petrol,,2,210293,,161,3,1,Partial Service,Green,Sedan,FWD,30,,500
Volkswagen,Passat,2024,Diesel,,2.5,4149,205,201,1,0,Full Service,Black,Sedan,FWD,29,TX,29451
Toyota,RAV4,2007,Petrol,Automatic,2.6,233687,204,192,5,1,Partial Service,Red,SUV,AWD,,TX,500
BMW,5 Series,2020,Petrol,Automatic,2.4,17080,184,188,1,0,Partial Service,Blue,Sedan,AWD,33,IL,41866
Volkswagen,Atlas,2015,Petrol,Automatic,,133402,245,,3,,No Service,Silver,SUV,FWD,,NY,7025
Honda,Civic,2010,Petrol,Automatic,1.8,143992,121,116,3,,Partial Service,Gray,Sedan,FWD,36,TX,500
Hyundai,Sonata,2013,Petrol,Automatic,2.3,147971,184,177,2,1,Partial Service,Gray,Sedan,FWD,,CA,1778
Chevrolet,Silverado,2021,Electric,Automatic,0,70012,305,335,1,0,Partial Service,Red,Truck,4WD,123,IL,23597
BMW,5 Series,2024,Petrol,Automatic,2.4,140,,186,1,0,No Service,Black,Sedan,FWD,28,TX,46077
Toyota,RAV4,2009,Petrol,Automatic,2.7,190983,204,190,4,0,Full Service,Silver,SUV,AWD,33,,500
Audi,A4,2012,Diesel,Automatic,2,114231,144,133,2,1,Full Service,Red,Sedan,FWD,,,7722
Audi,Q7,2019,Petrol,Automatic,2.9,47152,215,198,1,,Partial Service,,SUV,AWD,33,MI,34729
Audi,A6,2008,Petrol,Automatic,,272214,153,135,3,1,No Service,Gray,Sedan,FWD,40,GA,596
Hyundai,Elantra,2023,Diesel,Automatic,1.4,10466,,113,1,0,Partial Service,Green,Sedan,FWD,41,TX,19668
Chevrolet,Malibu,2011,Petrol,Automatic,2,166653,173,162,2,0,No Service,Red,Sedan,FWD,32,MI,500
Volkswagen,Atlas,2016,Petrol,Automatic,2.1,128540,163,158,1,1,Partial Service,Silver,SUV,AWD,33,FL,8937
Toyota,Corolla,2009,Petrol,Automatic,2.4,134010,190,179,4,1,Partial Service,Brown,Sedan,FWD,26,FL,500
Hyundai,Sonata,2006,Diesel,Automatic,1.8,139747,135,136,4,1,Partial Service,Blue,Sedan,AWD,33,FL,500
Audi,A6,2010,Petrol,Manual,1.8,182205,143,140,3,1,Partial Service,Red,Sedan,FWD,34,TX,7006
Nissan,Rogue,2014,Petrol,Automatic,,109957,252,218,1,0,Partial Service,Gray,SUV,FWD,28,,9168
Ford,Escape,2019,Petrol,Automatic,3.3,65427,255,250,2,1,No Service,Red,SUV,AWD,24,NY,9733
Mercedes-Benz,GLE,2016,Electric,Automatic,0,118045,256,281,2,0,Full Service,,SUV,AWD,118,PA,26258
Nissan,Pathfinder,2019,Petrol,Automatic,3.3,58172,255,238,3,0,Full Service,Silver,SUV,AWD,22,GA,19332
Volkswagen,Tiguan,2015,Petrol,Automatic,,52934,235,,2,1,No Service,White,SUV,AWD,26,CA,7574
BMW,5 Series,2015,Petrol,Automatic,1.8,96649,154,144,2,0,No Service,Green,Sedan,AWD,,NY,18326
Nissan,Pathfinder,2008,Petrol,Automatic,2.8,103744,223,191,3,1,Partial Service,Brown,SUV,AWD,29,IL,2927
Mercedes-Benz,GLC,2022,Petrol,Automatic,2.5,15500,203,193,1,1,Partial Service,Green,SUV,RWD,23,OH,31074
Honda,Pilot,2014,Petrol,Automatic,3.4,106910,263,249,2,0,,Blue,SUV,AWD,21,NC,10918
BMW,X3,2021,Petrol,Automatic,2,52041,152,137,1,,No Service,Blue,SUV,FWD,,TX,27368
Toyota,Camry,2012,Diesel,Automatic,2.2,78347,,143,3,0,No Service,Gray,Sedan,AWD,34,CA,4767
Nissan,Sentra,2008,Petrol,Automatic,2,175290,158,173,5,1,Full Service,Red,Sedan,FWD,29,PA,500
Ford,Escape,2012,Hybrid,,3.4,138332,259,240,3,,No Service,Red,SUV,FWD,34,,2071
Hyundai,Elantra,2024,Petrol,Automatic,1.8,4448,166,161,1,0,Partial Service,Green,Sedan,FWD,37,PA,19014
BMW,3 Series,2019,Petrol,,1.9,43326,170,148,2,1,Partial Service,Blue,Sedan,FWD,37,,21057
Hyundai,Santa Fe,2021,Diesel,Automatic,2.5,4230,,188,1,0,,Black,SUV,AWD,31,CA,21853
Nissan,Rogue,2016,Petrol,Automatic,,88890,,206,1,0,Partial Service,Green,SUV,AWD,29,NY,9577
Ford,Escape,2020,Petrol,Automatic,,24674,193,,1,0,Partial Service,Blue,SUV,AWD,31,OH,16769
Ford,Explorer,2023,Hybrid,Automatic,2.7,11417,211,188,1,0,,White,SUV,AWD,45,IL,31050
Ford,Explorer,2022,Petrol,Automatic,3.4,26287,250,237,1,0,Partial Service,Blue,SUV,AWD,21,GA,26709
Volkswagen,Golf,2021,Petrol,Automatic,2.3,44809,180,175,1,0,No Service,Gray,Hatchback,FWD,37,CA,14565
Chevrolet,Malibu,2016,Petrol,Automatic,1.4,60622,118,131,2,0,,Black,Sedan,FWD,38,FL,7629
BMW,3 Series,2014,Petrol,Automatic,1.5,183323,128,115,2,1,No Service,Black,Sedan,FWD,40,NC,6788
Audi,Q5,2005,Petrol,Automatic,2.5,178069,,170,4,1,No Service,Black,SUV,AWD,30,TX,500
Audi,A4,2018,Petrol,Automatic,2,8966,,144,1,,Partial Service,Red,Sedan,FWD,35,NY,19072
Hyundai,Santa Fe,2007,Petrol,Automatic,,320159,159,149,2,0,Full Service,Silver,SUV,RWD,35,CA,500
Ford,Mustang,2011,Petrol,Automatic,4.6,272698,356,341,4,1,Full Service,Brown,Coupe,RWD,12,OH,500
Nissan,Altima,2009,Petrol,Automatic,,230429,145,138,3,0,,Gray,Sedan,FWD,37,GA,500
Volkswagen,Golf,2012,Petrol,Automatic,2.1,132358,,163,3,1,Partial Service,Black,Hatchback,FWD,,TX,1628
Chevrolet,Malibu,2018,Petrol,Automatic,,24108,,157,1,0,Partial Service,,Sedan,AWD,32,,13196
Hyundai,Tucson,2008,Petrol,,3,254107,224,216,4,0,Full Service,Red,SUV,AWD,27,GA,500
Mercedes-Benz,GLE,2005,Diesel,Automatic,2.9,333418,252,,5,0,Partial Service,,SUV,AWD,,OH,500
Ford,Explorer,2015,Petrol,,2,57884,,148,2,1,Partial Service,Brown,SUV,AWD,38,PA,10277
Chevrolet,Tahoe,2017,Hybrid,Automatic,2.4,11404,172,155,2,1,Partial Service,Silver,SUV,FWD,52,,22826
Toyota,RAV4,2013,Petrol,Automatic,3.3,25005,,253,3,1,Partial Service,Green,SUV,AWD,24,PA,8164
Honda,Pilot,2009,Petrol,Automatic,3.1,230850,238,224,4,0,No Service,Gray,SUV,FWD,28,PA,500
Audi,A6,2019,Petrol,Automatic,,97471,128,140,1,1,No Service,Red,Sedan,FWD,39,IL,24429
Audi,Q5,2011,Petrol,Automatic,,59083,229,,2,0,No Service,Red,SUV,FWD,25,,11418
Chevrolet,Tahoe,2015,Petrol,Automatic,3.1,112229,221,211,2,0,Full Service,White,SUV,FWD,27,,18809
Volkswagen,Passat,2005,Petrol,Manual,2,348315,,,4,0,Full Service,Brown,Sedan,FWD,40,FL,500
Nissan,Sentra,2005,Diesel,Manual,1.9,127527,156,144,4,0,Full Service,Gray,Sedan,FWD,35,,500
Hyundai,Santa Fe,2012,Petrol,Automatic,2.4,126699,186,177,3,1,Partial Service,Brown,SUV,AWD,33,MI,4167
Mercedes-Benz,GLE,2007,Petrol,Automatic,2,169766,,161,3,1,Partial Service,,SUV,AWD,35,NY,5449
Volkswagen,Passat,2008,Petrol,Automatic,1.5,261112,121,112,4,1,Partial Service,Red,Sedan,FWD,,,500
Honda,Civic,2023,Hybrid,,1.9,11271,,189,1,0,,Green,Sedan,FWD,46,CA,18744
Ford,Escape,2017,Petrol,Automatic,,55025,246,,1,0,Partial Service,Green,SUV,FWD,23,MI,10330
BMW,X3,2010,Petrol,Automatic,2.3,76433,168,168,2,1,No Service,White,SUV,FWD,37,MI,7855
Ford,F-150,2009,Petrol,,3.5,193949,272,266,2,1,Full Service,Red,Truck,4WD,22,IL,500
Mercedes-Benz,GLC,2023,Petrol,Automatic,2,100,170,158,1,0,Full Service,Green,SUV,RWD,32,,46569
Ford,Escape,2009,Diesel,,,241608,269,253,3,0,No Service,Red,SUV,FWD,25,NY,500
Mercedes-Benz,E-Class,2019,Petrol,Automatic,1.6,19956,125,112,2,,Partial Service,Black,Sedan,FWD,38,NY,29644
Hyundai,Santa Fe,2021,Petrol,,3.2,28021,229,208,1,0,No Service,,SUV,AWD,,,20045
Audi,A6,2006,Petrol,Automatic,1.9,12150,150,,4,,Partial Service,Silver,Sedan,FWD,33,CA,11406
Audi,A6,2005,Petrol,Automatic,1.4,290704,106,,4,1,Full Service,,Sedan,AWD,,TX,500
Honda,Pilot,2023,Petrol,,2.4,25848,191,184,1,0,Full Service,,SUV,AWD,30,,33448
Audi,A6,2009,Petrol,Automatic,2,188783,,159,4,1,,Green,Sedan,FWD,39,MI,4487
Ford,Escape,2016,Petrol,Automatic,3,152214,234,215,2,,Full Service,Red,SUV,FWD,32,CA,5477
Honda,Pilot,2016,Electric,Automatic,0,40383,253,278,2,0,No Service,White,SUV,RWD,92,NY,15588
Volkswagen,Golf,2024,Petrol,Automatic,,5319,141,140,1,0,Full Service,Red,Hatchback,AWD,30,GA,21872
Mercedes-Benz,GLC,2023,Petrol,,3.5,20293,273,262,1,,Partial Service,Blue,SUV,AWD,20,FL,37532
Chevrolet,Equinox,2024,Hybrid,Automatic,,1077,138,115,1,0,Full Service,Green,SUV,AWD,55,CA,26005
Mercedes-Benz,GLE,2012,Petrol,Automatic,2.6,140229,197,172,2,1,Partial Service,White,SUV,AWD,32,,11106
Chevrolet,Malibu,2006,Petrol,Automatic,,179295,194,183,3,,Partial Service,,Sedan,FWD,,IL,500
Nissan,Rogue,2022,Petrol,Automatic,3.4,6613,257,230,1,0,Full Service,Black,SUV,AWD,21,GA,25057
Toyota,RAV4,2012,Petrol,Automatic,3.2,178056,231,212,2,1,Full Service,Green,SUV,AWD,28,TX,1239
Chevrolet,Equinox,2011,Petrol,Automatic,3.3,226164,241,217,3,1,Partial Service,Brown,SUV,FWD,31,CA,500
Chevrolet,Silverado,2013,Petrol,Automatic,4.9,244996,376,,2,0,Full Service,,Truck,4WD,10,,1479
Volkswagen,Tiguan,2023,Petrol,Automatic,2.5,10602,185,165,1,,,Brown,SUV,AWD,28,IL,25936
Mercedes-Benz,GLC,2020,Petrol,Automatic,2.9,49760,242,226,1,0,No Service,Silver,SUV,AWD,,GA,28667
BMW,X5,2020,Diesel,Automatic,,65501,,189,2,0,Partial Service,Gray,SUV,AWD,,,38213
Hyundai,Tucson,2022,Diesel,Automatic,2.9,43655,224,197,1,0,Full Service,Black,SUV,AWD,30,MI,22457
Honda,CR-V,2012,Petrol,Automatic,2.1,112093,159,140,3,1,Full Service,Green,SUV,AWD,39,OH,4243
Honda,CR-V,2006,Petrol,Automatic,2.4,198529,196,,4,1,Full Service,Silver,SUV,RWD,37,OH,500
Toyota,RAV4,2006,Petrol,Automatic,2.9,374725,226,237,5,0,Partial Service,Gray,SUV,AWD,28,NC,500
Nissan,Rogue,2018,Petrol,Automatic,3.1,86152,246,238,2,1,,Silver,SUV,AWD,25,GA,10356
Nissan,Pathfinder,2024,Diesel,Automatic,2.7,100,193,186,1,0,Full Service,,SUV,AWD,25,CA,33360
Audi,A4,2020,Petrol,Automatic,1.4,10845,116,123,2,1,Full Service,Silver,Sedan,FWD,42,CA,24146
Ford,F-150,2008,Petrol,Automatic,3.2,114106,244,227,3,1,No Service,Brown,Truck,4WD,25,TX,2084
Mercedes-Benz,GLE,2022,Petrol,Automatic,3.2,25213,246,265,1,0,,Black,SUV,AWD,24,CA,49950
Chevrolet,Equinox,2008,Hybrid,Automatic,2.6,202605,200,194,3,,Full Service,Red,SUV,AWD,37,,500
Mercedes-Benz,GLE,2018,Petrol,Automatic,2.9,54007,232,229,1,0,Partial Service,Blue,SUV,AWD,26,CA,35939
Toyota,Corolla,2008,Petrol,,2.2,407187,170,,4,1,Full Service,Gray,Sedan,FWD,37,CA,500
Toyota,RAV4,2005,Diesel,Manual,3.3,273329,235,,5,1,Partial Service,Silver,SUV,AWD,24,MI,500
Hyundai,Elantra,2015,Petrol,Automatic,1.5,2166,120,118,2,0,Full Service,Brown,Sedan,FWD,42,PA,9337
Audi,A4,2011,Hybrid,Automatic,2.1,198963,178,155,4,0,No Service,,Sedan,FWD,56,MI,3305
Nissan,Altima,2024,Electric,Automatic,0,100,243,267,1,0,,Red,Sedan,FWD,108,IL,24613
Volkswagen,Passat,2023,Petrol,Automatic,2.4,8240,,171,1,0,No Service,,Sedan,FWD,29,FL,21280
BMW,X5,2022,Petrol,Automatic,2.3,35083,,,1,0,,Red,SUV,AWD,,OH,49743
Volkswagen,Passat,2012,Petrol,,2.1,126696,149,168,3,0,,Black,Sedan,FWD,36,,3525
Mercedes-Benz,E-Class,2024,Electric,Automatic,0,100,290,319,1,,,Silver,Sedan,FWD,100,CA,55117
Mercedes-Benz,C-Class,2011,Petrol,Automatic,2.2,213845,175,166,3,1,Full Service,Silver,Sedan,FWD,25,FL,3372
Honda,CR-V,2017,Hybrid,Automatic,2.4,73029,167,145,1,,Partial Service,Brown,SUV,FWD,,GA,4575
Mercedes-Benz,GLC,2013,Petrol,Automatic,2.4,164025,179,164,3,1,Partial Service,Brown,SUV,AWD,35,OH,7890
Ford,Escape,2018,Hybrid,Automatic,2.3,82368,174,173,2,0,Partial Service,,SUV,FWD,48,MI,11422
Honda,Pilot,2016,Petrol,Automatic,2.7,89803,201,169,2,1,No Service,Red,SUV,FWD,30,NY,10906
Volkswagen,Atlas,2023,Hybrid,Automatic,3.1,7939,242,232,1,0,Partial Service,Silver,SUV,FWD,37,OH,32426
BMW,X5,2014,Petrol,Automatic,2.1,94711,173,150,4,,Partial Service,Blue,SUV,FWD,,CA,16817
Ford,Escape,2013,Petrol,Automatic,2.6,182227,208,197,2,0,Full Service,Green,SUV,AWD,32,GA,1323
Nissan,Sentra,2006,Diesel,Automatic,,264411,188,200,5,0,No Service,Green,Sedan,FWD,,,500
BMW,3 Series,2021,Petrol,Automatic,2.5,21353,196,,1,,Full Service,White,Sedan,FWD,38,MI,32574
Audi,Q7,2011,Petrol,Automatic,2.1,223548,145,,3,0,Full Service,Green,SUV,FWD,35,PA,8892
Toyota,RAV4,2020,Petrol,,2.3,83357,189,184,1,1,,Red,SUV,AWD,32,NC,13511
Audi,A6,2021,Petrol,Automatic,1.5,100,124,,1,0,,Silver,Sedan,FWD,,TX,42887
BMW,X5,2012,Petrol,Automatic,3.5,84074,254,246,1,1,Partial Service,,SUV,FWD,,NY,16301
BMW,5 Series,2015,Petrol,Automatic,1.5,137930,131,123,3,1,Partial Service,,Sedan,FWD,39,IL,14630
Nissan,Altima,2018,Electric,Automatic,0,124964,265,291,3,1,Partial Service,Red,Sedan,AWD,112,TX,6881
Ford,Explorer,2017,Petrol,Automatic,3.4,55899,230,221,2,1,,Black,SUV,AWD,17,OH,13843
Nissan,Altima,2011,Diesel,Automatic,2.2,90357,,168,3,1,Full Service,White,Sedan,FWD,31,,3045
Hyundai,Santa Fe,2005,Petrol,Automatic,2.6,232049,215,,4,0,Full Service,Brown,SUV,FWD,,PA,500
Nissan,Sentra,2022,Petrol,Automatic,2,29067,163,162,1,,Full Service,Brown,Sedan,FWD,33,PA,16225
Volkswagen,Tiguan,2019,Petrol,Automatic,3.2,27847,249,220,1,1,Partial Service,,SUV,AWD,,MI,15063
Ford,Mustang,2014,Petrol,,4.3,94810,319,305,2,,Full Service,Black,Coupe,RWD,14,FL,6265
Chevrolet,Equinox,2011,Petrol,Automatic,3.5,139195,,278,3,1,Full Service,,SUV,FWD,,GA,1572
Volkswagen,Atlas,2020,Petrol,Automatic,3.3,31581,265,252,1,1,Partial Service,,SUV,FWD,26,IL,17735
Audi,A6,2011,Petrol,Manual,2.1,186344,158,158,3,0,Partial Service,,Sedan,FWD,33,CA,8269
Audi,A4,2013,Petrol,Automatic,1.9,233637,160,148,2,1,Full Service,Brown,Sedan,FWD,33,,3749
Toyota,Corolla,2005,Petrol,Automatic,2,404098,151,144,3,1,,White,Sedan,FWD,31,NC,500
Volkswagen,Atlas,2015,Petrol,,3.4,156026,234,233,3,0,Full Service,Green,SUV,FWD,27,,8435
Chevrolet,Tahoe,2016,Petrol,Automatic,2.7,171518,208,194,2,0,,Brown,SUV,FWD,,PA,17119
Mercedes-Benz,GLE,2012,Petrol,Automatic,3.1,151584,219,202,4,1,Partial Service,Black,SUV,FWD,26,,11381
Toyota,Highlander,2008,Petrol,Automatic,2.9,251788,217,203,5,1,,Brown,SUV,AWD,29,NC,500
Nissan,Altima,2018,Petrol,Automatic,1.7,12843,,,1,1,Partial Service,Gray,Sedan,FWD,41,NY,11288
Ford,Mustang,2018,Petrol,Automatic,3.2,106177,232,208,1,1,Partial Service,,Coupe,RWD,22,TX,9393
Audi,A4,2005,Petrol,Manual,1.8,165038,,113,4,0,Partial Service,Black,Sedan,AWD,37,PA,500
Audi,A4,2006,Petrol,Manual,1.5,196892,122,,5,0,Partial Service,Brown,Sedan,FWD,40,PA,500
Ford,Explorer,2006,Petrol,Automatic,2.6,391414,192,183,2,0,No Service,Red,SUV,AWD,31,FL,500
Volkswagen,Passat,2009,Petrol,Manual,2.3,142383,171,160,4,1,Full Service,Brown,Sedan,FWD,33,,537
Ford,Mustang,2022,Diesel,Manual,4.4,20898,311,284,1,0,Full Service,,Coupe,RWD,15,OH,22347
Honda,Accord,2010,Petrol,Automatic,1.8,132762,144,132,4,,Full Service,Black,Sedan,FWD,39,PA,1547
BMW,5 Series,2010,Petrol,Automatic,2.3,35022,193,189,3,0,Partial Service,Gray,Sedan,FWD,,MI,12965
Mercedes-Benz,GLC,2011,Petrol,Automatic,2.1,72452,191,176,4,1,Full Service,Red,SUV,AWD,28,PA,9874
Audi,Q5,2005,Petrol,Manual,3,296821,214,207,5,,No Service,Black,SUV,FWD,31,,500
Volkswagen,Tiguan,2009,Petrol,,2.8,205624,,,4,0,Full Service,Silver,SUV,AWD,32,NY,500
Honda,Civic,2012,Petrol,Automatic,1.8,174336,151,132,4,1,Full Service,,Sedan,FWD,43,PA,500
Mercedes-Benz,C-Class,2024,Petrol,Automatic,2.3,100,162,155,1,0,Full Service,Brown,Sedan,AWD,,OH,45128
Mercedes-Benz,C-Class,2012,Petrol,Automatic,2.2,210390,166,150,3,,Partial Service,Blue,Sedan,AWD,35,GA,4184
Mercedes-Benz,GLE,2008,Diesel,Manual,3.4,332531,,,4,1,Partial Service,Red,SUV,AWD,27,GA,500
BMW,5 Series,2010,Diesel,Automatic,1.5,50218,127,106,2,1,No Service,Gray,Sedan,FWD,39,,11658
Volkswagen,Golf,2023,Hybrid,Automatic,1.7,6305,,135,1,,Partial Service,,Hatchback,FWD,49,NC,22444
Ford,Explorer,2007,Petrol,,3.3,242849,,,4,1,Partial Service,Red,SUV,FWD,24,OH,500
Nissan,Rogue,2018,Hybrid,Automatic,3.1,61703,242,240,2,,Full Service,Black,SUV,AWD,,MI,13831
Honda,Accord,2019,Petrol,,2.1,78757,172,167,3,0,,Green,Sedan,AWD,28,MI,5913
Nissan,Pathfinder,2020,Hybrid,Automatic,2.1,98003,172,173,1,1,Full Service,Brown,SUV,AWD,44,,16205
Honda,Accord,2005,Petrol,Automatic,2.3,176695,186,,5,0,Partial Service,Blue,Sedan,FWD,32,CA,500
Honda,CR-V,2016,Hybrid,Automatic,2.6,45113,204,205,3,1,Partial Service,Black,SUV,AWD,46,TX,8716
Honda,CR-V,2007,Diesel,Automatic,,308345,187,169,4,0,No Service,Black,SUV,FWD,30,,500
Ford,Explorer,2022,Petrol,Automatic,3.1,23088,,209,1,0,No Service,Brown,SUV,AWD,,,26089
Audi,Q7,2010,Diesel,Automatic,3.5,233715,268,249,5,1,Full Service,Red,SUV,FWD,27,IL,5624
Chevrolet,Equinox,2022,Diesel,Automatic,,45999,191,171,1,0,Partial Service,Gray,SUV,FWD,33,NC,21343
Volkswagen,Atlas,2008,Petrol,,2.6,38521,206,190,4,1,Partial Service,Green,SUV,FWD,34,IL,9158
Audi,Q7,2016,Hybrid,,3.3,61896,245,,4,1,Partial Service,Brown,SUV,AWD,47,PA,22802
Chevrolet,Tahoe,2022,Petrol,Automatic,2.2,26756,170,165,1,0,No Service,Black,SUV,AWD,27,NC,37785
Ford,Escape,2012,Petrol,Automatic,3,157110,250,226,3,0,No Service,Red,SUV,AWD,26,TX,1373
Ford,Mustang,2017,Diesel,Manual,4.1,49789,325,328,2,0,Full Service,Green,Coupe,RWD,19,NC,12146
Mercedes-Benz,C-Class,2008,Petrol,Automatic,,96457,,170,3,0,Full Service,Green,Sedan,AWD,34,CA,6791
BMW,3 Series,2014,Diesel,,1.8,123601,128,121,3,1,No Service,Blue,Sedan,FWD,40,CA,8948
Toyota,RAV4,2017,Petrol,Automatic,3.1,102378,239,232,2,0,Partial Service,Green,SUV,AWD,29,,11572
Audi,A6,2006,Petrol,Automatic,,161026,179,176,3,0,Partial Service,White,Sedan,FWD,35,OH,4254
Audi,A4,2017,Petrol,Automatic,1.8,34378,,141,4,1,,Gray,Sedan,FWD,,IL,23711
Hyundai,Sonata,2007,Petrol,Manual,2.1,209522,160,147,4,1,Partial Service,,Sedan,FWD,34,TX,500
Nissan,Pathfinder,2011,Diesel,Automatic,3.4,156654,250,245,4,1,Partial Service,Brown,SUV,FWD,23,PA,3177
Audi,Q7,2015,Petrol,Automatic,,168899,229,212,1,0,Full Service,Black,SUV,AWD,,OH,18276
Honda,Accord,2012,Petrol,Automatic,1.6,138214,126,124,3,1,,,Sedan,FWD,38,OH,2113
Ford,Mustang,2015,Petrol,Automatic,5,72781,,368,2,1,,Black,Coupe,RWD,10,OH,7952
Nissan,Rogue,2015,Diesel,Automatic,3.1,148572,,,3,0,Full Service,Brown,SUV,AWD,25,FL,5225
Chevrolet,Equinox,2011,Petrol,Automatic,,199536,170,155,4,1,Full Service,Green,SUV,FWD,38,MI,500
Volkswagen,Tiguan,2014,Petrol,Automatic,2.4,133224,,164,4,,Full Service,Gray,SUV,AWD,33,IL,4798
Mercedes-Benz,GLC,2015,Petrol,Automatic,3.3,68442,,245,2,0,Partial Service,Gray,SUV,FWD,,OH,17433
BMW,X5,2016,Petrol,Automatic,2.9,64843,227,221,2,1,Full Service,Gray,SUV,AWD,31,NY,25964
Toyota,Highlander,2013,Petrol,Automatic,,83504,175,166,2,0,Partial Service,Green,SUV,AWD,29,FL,9785
Volkswagen,Atlas,2022,Electric,,0,29244,271,298,1,1,Full Service,Gray,SUV,AWD,,PA,23178
Hyundai,Elantra,2019,Petrol,Automatic,1.8,145004,140,126,2,0,,Black,Sedan,FWD,,NC,5944
Ford,Explorer,2005,Petrol,,3.1,330542,242,230,3,0,Partial Service,Silver,SUV,AWD,23,,500
Mercedes-Benz,E-Class,2008,Petrol,Automatic,1.8,286927,149,152,3,,No Service,Silver,Sedan,FWD,,MI,500
Audi,A6,2024,Petrol,Automatic,1.5,100,,115,1,0,Full Service,White,Sedan,FWD,41,CA,55644
Volkswagen,Tiguan,2013,Petrol,Automatic,2.3,139604,181,186,3,,,Gray,SUV,AWD,33,IL,3944
Nissan,Pathfinder,2011,Petrol,Automatic,2.5,209348,179,,4,0,Full Service,Blue,SUV,AWD,33,PA,1027
Honda,Accord,2005,Petrol,Automatic,2.3,174891,172,172,5,0,,,Sedan,FWD,27,CA,500
Ford,F-150,2024,Petrol,Automatic,5.6,100,415,394,1,0,,Brown,Truck,4WD,10,MI,28997
Hyundai,Tucson,2005,Petrol,,3.1,221910,237,237,4,0,Partial Service,Red,SUV,AWD,,,500
Volkswagen,Golf,2020,Hybrid,Automatic,1.8,45058,,166,3,,Partial Service,,Hatchback,AWD,54,NC,12906
Volkswagen,Golf,2005,Petrol,,1.8,299373,149,143,3,,Full Service,,Hatchback,AWD,40,CA,500
Mercedes-Benz,GLE,2006,Petrol,Automatic,3.4,117273,253,230,4,1,No Service,Gray,SUV,AWD,24,IL,5371
Nissan,Altima,2021,Diesel,,,58080,169,153,1,0,Full Service,Green,Sedan,FWD,34,FL,15992
Ford,Explorer,2021,Diesel,Automatic,,43950,241,222,1,0,,Black,SUV,AWD,,IL,22840
BMW,3 Series,2005,Petrol,Manual,1.7,51030,142,123,4,1,No Service,Gray,Sedan,FWD,35,GA,4396
Honda,Accord,2012,Petrol,Automatic,1.6,50178,130,130,3,0,Partial Service,Black,Sedan,FWD,,GA,6847
Volkswagen,Passat,2021,Petrol,Automatic,1.6,47149,129,112,1,0,Partial Service,Silver,Sedan,FWD,37,NY,18343
Audi,A6,2017,Hybrid,Automatic,2.4,39793,199,193,2,1,Partial Service,Red,Sedan,FWD,64,NC,25044
Toyota,Highlander,2024,Petrol,Automatic,2.1,100,158,155,1,0,Partial Service,Black,SUV,RWD,,,33899
Hyundai,Sonata,2006,Petrol,Automatic,2.4,114633,179,188,5,0,No Service,Silver,Sedan,FWD,,IL,500
Hyundai,Santa Fe,2016,Petrol,Automatic,3.4,131886,240,,2,1,No Service,Green,SUV,FWD,21,FL,7309
Nissan,Sentra,2005,Petrol,Manual,2.4,191972,194,180,5,1,No Service,Gray,Sedan,FWD,29,IL,500
BMW,5 Series,2011,Petrol,Automatic,1.7,52353,133,129,3,,Full Service,,Sedan,FWD,39,FL,17418
Chevrolet,Silverado,2024,Petrol,Automatic,3.3,100,253,237,1,,Full Service,Black,Truck,RWD,21,TX,37606
Mercedes-Benz,C-Class,2018,Petrol,,2.1,65728,183,168,2,1,Partial Service,,Sedan,AWD,29,NC,18982
Chevrolet,Malibu,2024,Hybrid,Automatic,2.1,100,169,156,1,0,No Service,Blue,Sedan,FWD,59,,20779
Audi,A4,2012,Petrol,Automatic,,163155,191,188,3,,Partial Service,Green,Sedan,FWD,29,MI,5561
Nissan,Rogue,2008,Petrol,Automatic,3.3,174469,258,245,5,1,Full Service,Red,SUV,AWD,25,IL,500
Chevrolet,Tahoe,2010,Petrol,Automatic,3.4,137901,279,257,4,0,Partial Service,Black,SUV,AWD,28,OH,7938
Ford,Mustang,2020,Hybrid,Manual,,28486,,227,2,0,,Black,Coupe,RWD,,TX,25926
Chevrolet,Equinox,2006,Petrol,Automatic,3.3,228315,228,213,4,0,Partial Service,,SUV,AWD,32,OH,500
Volkswagen,Golf,2006,Petrol,,2.3,137116,193,163,4,1,No Service,White,Hatchback,FWD,37,IL,500
Hyundai,Sonata,2021,Diesel,Automatic,1.5,34824,126,100,1,0,Full Service,Blue,Sedan,FWD,40,MI,18357
Hyundai,Elantra,2007,Petrol,Automatic,2,102693,154,142,4,,Full Service,Silver,Sedan,FWD,,,500
Ford,Explorer,2011,Petrol,,2.8,120554,,208,2,1,No Service,White,SUV,FWD,28,FL,4074
Ford,F-150,2022,Petrol,,4.2,27067,309,288,1,0,Full Service,Gray,Truck,4WD,18,TX,27575
BMW,5 Series,2014,Petrol,Automatic,1.6,209766,,,2,1,Partial Service,Brown,Sedan,AWD,38,PA,11781
Chevrolet,Equinox,2022,Hybrid,Automatic,2.1,25223,161,160,1,0,Partial Service,,SUV,AWD,46,GA,18159
Chevrolet,Malibu,2009,Petrol,Automatic,1.7,239313,151,144,3,,No Service,Red,Sedan,AWD,31,NC,500
Ford,Mustang,2011,Petrol,Automatic,,216943,266,,3,1,No Service,Red,Coupe,AWD,21,MI,500
Hyundai,Tucson,2014,Petrol,Automatic,3.3,125904,250,241,2,1,Full Service,Green,SUV,AWD,28,TX,4195
Honda,Pilot,2018,Petrol,Automatic,,51349,166,140,2,0,,Black,SUV,FWD,,FL,21838
Mercedes-Benz,GLE,2022,Petrol,,2.8,9529,212,204,1,0,Full Service,Black,SUV,AWD,34,CA,54159
Ford,Escape,2018,Petrol,Automatic,2.8,60668,225,213,1,0,Partial Service,Gray,SUV,AWD,29,PA,12433
Hyundai,Santa Fe,2010,Petrol,Manual,3,134742,227,226,3,1,Full Service,,SUV,AWD,31,GA,2916
BMW,X5,2022,Petrol,Automatic,2.3,28651,,190,1,0,Partial Service,Silver,SUV,AWD,33,MI,46030
Hyundai,Tucson,2017,Petrol,Automatic,2.6,68635,196,182,3,0,Full Service,,SUV,AWD,31,,11258
Chevrolet,Malibu,2015,Petrol,Automatic,2.5,158667,177,171,1,0,Full Service,White,Sedan,FWD,25,NY,3006
Toyota,RAV4,2005,Petrol,Automatic,2.3,269977,191,177,5,1,,Silver,SUV,AWD,32,NY,500
Nissan,Pathfinder,2006,Petrol,Automatic,,346605,,170,3,,Partial Service,Black,SUV,AWD,38,NY,500
Audi,A6,2006,Diesel,Manual,1.7,284165,129,120,4,0,,Green,Sedan,AWD,36,GA,500
Chevrolet,Silverado,2017,Petrol,Automatic,5.4,133258,398,370,3,0,No Service,Brown,Truck,4WD,10,NY,10421
Toyota,RAV4,2011,Diesel,Automatic,2.5,64841,,203,2,1,Partial Service,Black,SUV,FWD,30,IL,5123
Toyota,Corolla,2023,Petrol,Automatic,2.2,19622,186,181,1,,No Service,Red,Sedan,FWD,32,,15256
Nissan,Altima,2020,Petrol,Automatic,1.6,85557,123,102,2,0,Full Service,Brown,Sedan,FWD,,NC,12245
Hyundai,Elantra,2023,Petrol,Automatic,2.5,9580,186,,1,0,No Service,Silver,Sedan,FWD,34,FL,15273
Honda,CR-V,2005,Diesel,Automatic,2.4,328445,165,161,5,0,Full Service,Brown,SUV,AWD,35,PA,500
Volkswagen,Atlas,2023,Petrol,Automatic,2.1,17408,160,159,1,0,Partial Service,,SUV,FWD,31,OH,32120
Hyundai,Sonata,2023,Hybrid,Automatic,2,11187,159,,1,0,Partial Service,,Sedan,FWD,47,TX,22780
Nissan,Altima,2019,Diesel,Automatic,2.3,25824,172,156,1,0,Partial Service,Brown,Sedan,FWD,33,MI,14292
Chevrolet,Tahoe,2022,Petrol,,3.1,35158,255,235,1,0,Partial Service,Silver,SUV,AWD,23,NY,42836
Audi,Q5,2012,Petrol,,2.9,99635,,209,5,1,Partial Service,Black,SUV,AWD,33,IL,8559
Honda,CR-V,2015,Electric,Automatic,,7368,304,334,2,,No Service,Black,SUV,AWD,127,GA,11181
BMW,5 Series,2019,Petrol,Automatic,2,47793,164,156,2,1,,Silver,Sedan,FWD,35,IL,28248
Honda,Pilot,2017,Petrol,,2.4,23083,182,179,3,0,Partial Service,Gray,SUV,FWD,33,TX,17521
Toyota,Highlander,2011,Petrol,Automatic,2.1,130585,171,151,4,0,,Gray,SUV,AWD,36,OH,4991
Chevrolet,Malibu,2017,Hybrid,Automatic,,44734,125,109,2,0,,Gray,Sedan,FWD,53,OH,10553
Mercedes-Benz,E-Class,2017,Petrol,,1.9,43675,162,,1,0,No Service,Silver,Sedan,FWD,38,CA,27076
Mercedes-Benz,GLE,2005,Petrol,Manual,3.2,323437,255,239,3,1,Full Service,Brown,SUV,AWD,28,PA,500
Volkswagen,Golf,2010,Petrol,,2.1,160934,,,2,,Full Service,Brown,Hatchback,FWD,34,FL,500
BMW,5 Series,2008,Petrol,Manual,2.4,417739,186,176,3,0,Partial Service,Blue,Sedan,AWD,28,TX,500
Nissan,Rogue,2005,Petrol,,3.2,169707,229,,3,1,Full Service,,SUV,AWD,20,IL,500
Toyota,Camry,2016,Petrol,Automatic,,133565,183,177,2,1,Partial Service,,Sedan,AWD,30,FL,5518
Toyota,Camry,2023,Hybrid,Automatic,1.8,16490,132,133,1,0,Full Service,Red,Sedan,FWD,45,NY,23513
Volkswagen,Tiguan,2007,Petrol,Automatic,3.1,192836,239,211,3,1,Full Service,Silver,SUV,AWD,,,500
Audi,Q7,2024,Petrol,Automatic,3.4,3696,,250,1,0,Full Service,White,SUV,AWD,,NC,63545
Ford,Escape,2005,Petrol,Automatic,2.2,390201,167,165,5,1,Partial Service,Black,SUV,AWD,30,OH,500
BMW,X3,2015,Hybrid,,3,85282,233,222,3,1,Partial Service,,SUV,AWD,47,,13857
Toyota,Camry,2018,Petrol,Automatic,1.9,96630,162,147,3,0,Full Service,,Sedan,FWD,37,MI,10456
Hyundai,Sonata,2012,Petrol,Automatic,2,227665,147,139,3,1,Partial Service,,Sedan,FWD,36,IL,500
Ford,Escape,2014,Petrol,Automatic,2.2,194435,175,175,3,1,,Black,SUV,AWD,38,NY,1143
Hyundai,Santa Fe,2017,Petrol,,2.5,89469,178,164,1,1,,Gray,SUV,FWD,32,FL,11020
Mercedes-Benz,GLE,2022,Hybrid,,2.8,22037,199,,1,0,No Service,Blue,SUV,AWD,,,46522
Honda,Accord,2009,Petrol,,2.2,163310,179,179,3,1,Partial Service,Gray,Sedan,FWD,,NY,500
Volkswagen,Tiguan,2008,Petrol,Automatic,2.4,312005,179,174,4,,Partial Service,Green,SUV,AWD,35,OH,500
Honda,CR-V,2021,Diesel,,2.7,33053,220,193,1,0,Full Service,Red,SUV,AWD,32,GA,19456
Toyota,Camry,2017,Petrol,Automatic,1.6,97671,142,,1,0,Full Service,Blue,Sedan,AWD,,NC,9070
Mercedes-Benz,GLE,2017,Petrol,Automatic,2.2,136705,169,173,2,0,,Blue,SUV,AWD,36,NY,30316
Audi,A4,2011,Petrol,Manual,2.1,178858,,172,4,1,Full Service,Gray,Sedan,FWD,35,CA,4288
BMW,5 Series,2022,Petrol,Automatic,2.2,53178,165,154,1,0,,Black,Sedan,FWD,38,,47093
Nissan,Pathfinder,2013,Petrol,Automatic,,110807,175,157,3,0,Full Service,Blue,SUV,AWD,32,OH,8106
Audi,Q5,2011,Petrol,Automatic,3.2,118079,251,245,3,0,Partial Service,Red,SUV,AWD,,IL,8845
Honda,Pilot,2024,Petrol,Automatic,2.7,100,,199,1,0,,,SUV,AWD,30,NC,31966
Chevrolet,Malibu,2021,Diesel,Automatic,1.7,100,130,115,1,0,Partial Service,Black,Sedan,FWD,,NC,16861
Chevrolet,Equinox,2009,Diesel,,3.5,191136,265,259,4,1,Partial Service,Red,SUV,AWD,29,TX,500
Chevrolet,Tahoe,2015,Diesel,Automatic,2.4,86408,184,178,2,0,Full Service,Brown,SUV,AWD,31,GA,21894
Volkswagen,Passat,2021,Petrol,Automatic,1.6,37163,,118,1,0,Full Service,Blue,Sedan,FWD,36,IL,20219
Mercedes-Benz,C-Class,2023,Petrol,Automatic,1.5,27700,121,114,1,,Full Service,Blue,Sedan,FWD,36,OH,39987
Toyota,RAV4,2008,Petrol,Manual,2.1,218310,174,,3,0,Full Service,,SUV,AWD,34,NC,500
Audi,A4,2015,Petrol,Automatic,1.9,141362,179,186,2,0,Full Service,Gray,Sedan,FWD,36,FL,11991
Honda,Pilot,2005,Hybrid,Manual,,271112,237,235,3,1,No Service,White,SUV,AWD,39,GA,500
Audi,Q7,2010,Petrol,Manual,2,41999,,148,3,1,Full Service,,SUV,FWD,39,NC,13614
Volkswagen,Passat,2017,Petrol,Automatic,2.5,37320,207,202,2,1,,,Sedan,FWD,31,FL,12279
Audi,A4,2013,Petrol,Automatic,2.4,164198,196,194,3,1,Partial Service,,Sedan,AWD,,OH,6374
Chevrolet,Silverado,2009,Diesel,Automatic,3.4,228443,,225,3,,Full Service,,Truck,4WD,24,,500
Audi,Q7,2012,Petrol,Automatic,2.1,148234,157,156,3,1,Partial Service,Silver,SUV,AWD,29,CA,12158
Chevrolet,Silverado,2011,Diesel,Manual,5.5,221221,403,383,3,,No Service,,Truck,4WD,10,GA,500
Toyota,Corolla,2012,Petrol,Automatic,1.5,59213,124,122,4,1,Partial Service,Gray,Sedan,FWD,,TX,3492
BMW,3 Series,2021,Petrol,Automatic,1.8,42918,154,138,1,,Partial Service,Green,Sedan,FWD,33,PA,28584
Chevrolet,Silverado,2019,Petrol,Automatic,3.7,100,287,289,1,1,No Service,Brown,Truck,4WD,25,GA,17823
Mercedes-Benz,GLE,2024,Electric,Automatic,0,100,,304,1,0,Partial Service,White,SUV,AWD,119,PA,65486
Nissan,Rogue,2010,Petrol,,,256411,210,203,4,,,Gray,SUV,AWD,34,PA,500
Toyota,Camry,2024,Petrol,,1.6,3552,129,113,1,0,,,Sedan,FWD,33,FL,25895
Hyundai,Santa Fe,2021,Petrol,Automatic,3,53245,227,,1,0,Full Service,Blue,SUV,AWD,28,GA,21606
Ford,Explorer,2015,Petrol,,2.1,45423,169,,2,1,Partial Service,,SUV,FWD,32,OH,11739
Audi,A4,2010,Petrol,Automatic,2.1,73362,157,,4,,Partial Service,Black,Sedan,FWD,39,IL,7251
Honda,Civic,2016,Petrol,Automatic,2.2,64385,162,167,4,1,Partial Service,White,Sedan,AWD,29,MI,5850
Hyundai,Elantra,2022,Petrol,Automatic,2,18948,168,,1,0,Full Service,White,Sedan,FWD,36,OH,17332
Nissan,Sentra,2008,Diesel,Automatic,1.5,225315,134,106,3,0,No Service,Black,Sedan,FWD,36,,500
BMW,3 Series,2013,Diesel,Automatic,1.8,139928,159,146,2,0,Partial Service,Silver,Sedan,FWD,,CA,9646
Mercedes-Benz,GLE,2011,Petrol,,3.4,213114,,264,4,1,,Gray,SUV,AWD,,OH,8260
BMW,3 Series,2023,Petrol,,2.2,19574,177,,1,,No Service,Red,Sedan,FWD,28,,35195
Audi,Q5,2024,Petrol,Automatic,2.4,100,178,191,1,0,No Service,Gray,SUV,AWD,,FL,38605
Toyota,RAV4,2016,Petrol,Automatic,2.1,102712,164,144,2,1,Full Service,,SUV,AWD,36,TX,8789
BMW,3 Series,2012,Petrol,Automatic,2.3,280830,181,168,2,1,Full Service,Black,Sedan,FWD,29,GA,1226
Honda,Civic,2008,Petrol,Automatic,2.3,161396,190,195,4,,Partial Service,Blue,Sedan,FWD,33,TX,500
Toyota,Highlander,2022,Petrol,Automatic,2.5,44089,197,198,1,0,Partial Service,Green,SUV,AWD,29,PA,26835
Audi,Q7,2023,Petrol,Automatic,3,13837,234,,1,0,Partial Service,Green,SUV,AWD,27,CA,53098
Honda,CR-V,2020,Petrol,Automatic,2.5,58009,184,180,1,0,Partial Service,White,SUV,AWD,34,OH,16297
Hyundai,Santa Fe,2011,Petrol,Automatic,3.1,230174,232,232,2,0,Partial Service,Black,SUV,AWD,26,PA,500
Ford,Mustang,2018,Petrol,Automatic,3.1,39154,248,219,2,0,Partial Service,Gray,Coupe,RWD,24,PA,13590
Audi,A4,2015,Electric,Automatic,0,19910,393,432,2,0,Full Service,Gray,Sedan,FWD,101,,18302
Nissan,Altima,2019,Petrol,Automatic,2.5,54261,,199,3,1,Full Service,Blue,Sedan,FWD,38,NY,11597
Mercedes-Benz,GLC,2020,Petrol,Automatic,2.2,81863,193,190,1,0,Partial Service,Brown,SUV,FWD,28,,30004
Hyundai,Santa Fe,2006,Petrol,Manual,2.1,347938,175,157,5,1,Full Service,,SUV,AWD,39,NC,500
Hyundai,Elantra,2019,Petrol,Automatic,2,48333,,,1,0,Partial Service,Red,Sedan,FWD,30,CA,11894
Chevrolet,Tahoe,2014,Petrol,Automatic,2.3,138512,175,175,2,1,Full Service,White,SUV,AWD,28,IL,13662
Chevrolet,Tahoe,2023,Petrol,Automatic,2.8,9492,214,189,1,0,Partial Service,Black,SUV,AWD,30,TX,45596
Mercedes-Benz,E-Class,2016,Hybrid,Automatic,1.5,24169,123,119,2,0,,Black,Sedan,FWD,50,CA,26550
Honda,CR-V,2024,Hybrid,Automatic,3.2,100,251,229,1,0,Full Service,Black,SUV,AWD,38,GA,29119
Ford,Mustang,2024,Hybrid,Automatic,2.7,233,196,173,1,0,,Red,Coupe,RWD,47,NY,25060
Hyundai,Elantra,2022,Petrol,,1.8,1532,143,,1,0,Full Service,Blue,Sedan,FWD,36,NC,17450
Ford,Explorer,2005,Petrol,Automatic,3.4,251710,264,251,3,0,Full Service,Green,SUV,AWD,26,GA,500
Ford,Escape,2017,Petrol,Automatic,3.1,76855,237,213,2,,Full Service,,SUV,AWD,28,TX,8814
Audi,A4,2013,Petrol,Automatic,2.5,131422,209,189,3,1,Partial Service,White,Sedan,FWD,27,IL,7586
BMW,X5,2011,Petrol,Manual,2.8,91961,225,216,3,0,Partial Service,Gray,SUV,AWD,29,MI,14309
Chevrolet,Malibu,2017,Petrol,Automatic,1.4,151151,104,103,3,1,Partial Service,Blue,Sedan,FWD,43,TX,4377
Toyota,Camry,2015,Petrol,,2.1,100,187,171,2,1,Full Service,Green,Sedan,FWD,35,FL,9921
Honda,Civic,2013,Petrol,,1.5,52228,,84,3,0,No Service,Black,Sedan,AWD,34,IL,2534
Volkswagen,Golf,2010,Petrol,,2.3,20348,182,177,3,1,Full Service,Gray,Hatchback,FWD,32,CA,5242
Ford,Escape,2018,Petrol,,,96603,194,,1,0,Partial Service,Silver,SUV,AWD,29,GA,11025
Toyota,Highlander,2008,Petrol,Automatic,3.5,270715,263,239,4,0,No Service,Gray,SUV,AWD,19,IL,500
Audi,A6,2019,Petrol,Automatic,2.4,39061,183,,3,0,Partial Service,Black,Sedan,AWD,37,CA,33329
BMW,X5,2020,Petrol,Automatic,2.8,17596,,210,1,0,,Gray,SUV,FWD,26,FL,42030
Audi,Q7,2018,Electric,Automatic,0,96484,254,279,1,0,No Service,Red,SUV,AWD,104,OH,28619
Audi,Q7,2007,Petrol,Automatic,3.3,197907,269,238,2,,No Service,Brown,SUV,FWD,25,IL,2942
BMW,X3,2013,Petrol,Automatic,3,100,252,233,2,,Full Service,Gray,SUV,AWD,30,MI,19180
Hyundai,Sonata,2015,Hybrid,Automatic,2,107567,150,137,2,1,No Service,White,Sedan,FWD,,IL,4247
Audi,Q7,2018,Petrol,Automatic,2.3,86432,196,186,3,1,,Black,SUV,AWD,26,PA,24225
Chevrolet,Tahoe,2007,Petrol,,3,273530,226,196,4,1,Partial Service,Black,SUV,AWD,25,GA,500
Mercedes-Benz,GLC,2023,Petrol,,2.1,949,159,176,1,0,Partial Service,Red,SUV,AWD,,NC,46659
Volkswagen,Atlas,2007,Petrol,Automatic,3.4,159830,250,231,4,0,,Silver,SUV,AWD,24,PA,500
Ford,Mustang,2008,Petrol,,2.5,103770,,,2,1,Partial Service,Red,Coupe,AWD,37,TX,1728
Chevrolet,Silverado,2019,Electric,Automatic,0,64322,291,,1,0,Full Service,Green,Truck,4WD,123,IL,18792
Ford,Mustang,2015,Hybrid,Automatic,3.9,164152,295,,2,1,No Service,Brown,Coupe,RWD,38,CA,3666
Honda,CR-V,2019,Petrol,Automatic,2.2,1937,168,157,1,1,Full Service,Gray,SUV,AWD,,CA,16855
BMW,X5,2011,Petrol,Manual,2.7,202941,226,220,4,1,Partial Service,Gray,SUV,AWD,31,IL,8150
Nissan,Sentra,2023,Petrol,Automatic,2,13735,165,172,1,0,Partial Service,Blue,Sedan,FWD,39,GA,17991
Audi,Q5,2023,Petrol,Automatic,3.4,11961,259,250,1,0,No Service,Silver,SUV,AWD,28,OH,37554
Audi,A6,2012,Petrol,Automatic,1.8,88200,157,135,3,1,Partial Service,Blue,Sedan,AWD,33,,13466
Nissan,Rogue,2021,Petrol,Automatic,3.2,100,255,246,1,0,Partial Service,Blue,SUV,AWD,21,CA,22105
Honda,Civic,2010,Diesel,,,51977,174,161,2,1,Full Service,Gray,Sedan,AWD,37,PA,3514
Toyota,Corolla,2007,Diesel,Manual,1.6,151079,127,129,4,0,No Service,Green,Sedan,FWD,40,FL,500
Chevrolet,Malibu,2015,Petrol,,1.7,111367,148,146,1,0,,Silver,Sedan,FWD,,,5455
Chevrolet,Silverado,2017,Hybrid,Automatic,4.3,63635,303,287,2,0,,Gray,Truck,4WD,39,,15050
Hyundai,Elantra,2023,Petrol,Automatic,1.5,12658,127,,1,0,,White,Sedan,FWD,38,NY,17782
Nissan,Altima,2017,Petrol,Automatic,,82950,138,124,2,0,No Service,White,Sedan,FWD,,,8297
Audi,A6,2023,Petrol,Automatic,2.3,25154,172,,1,0,Partial Service,Gray,Sedan,FWD,38,NY,47518
Nissan,Rogue,2006,Petrol,Manual,3,293255,232,235,3,1,,White,SUV,AWD,29,,500
Ford,Escape,2008,Petrol,Manual,3,85090,240,216,3,0,Partial Service,Silver,SUV,FWD,27,OH,2587
Toyota,RAV4,2007,Hybrid,Automatic,2.9,252202,234,217,4,0,,,SUV,AWD,40,GA,500
Toyota,Corolla,2010,Petrol,Automatic,2,125473,162,,3,1,Full Service,Blue,Sedan,FWD,34,,500
Toyota,RAV4,2014,Petrol,,2,90445,,166,3,1,,Blue,SUV,AWD,33,NC,6070
Mercedes-Benz,E-Class,2017,Petrol,Automatic,1.5,82801,136,120,3,,Full Service,Blue,Sedan,FWD,36,,25506
BMW,3 Series,2010,Petrol,,,174659,169,168,3,0,Partial Service,Green,Sedan,FWD,,NY,4259
Toyota,Corolla,2012,Petrol,Automatic,2.3,82214,188,172,2,0,Partial Service,Gray,Sedan,FWD,40,NY,3604
BMW,X5,2012,Diesel,Automatic,2.8,206624,222,217,2,0,No Service,Red,SUV,AWD,30,TX,9686
Ford,F-150,2005,Petrol,Manual,,335551,,308,5,1,Partial Service,Green,Truck,4WD,20,CA,500
Ford,Explorer,2014,Petrol,Automatic,2.7,77340,210,195,3,0,Partial Service,White,SUV,AWD,34,,10567
Ford,Mustang,2016,Petrol,,3.1,123492,217,191,3,1,Partial Service,Blue,Coupe,RWD,23,TX,6055
Toyota,RAV4,2023,Diesel,Automatic,2.9,30829,204,205,1,0,Partial Service,,SUV,AWD,29,MI,24560
Honda,Pilot,2005,Petrol,,3,132667,226,,5,1,Partial Service,Gray,SUV,FWD,32,OH,546
Ford,F-150,2019,Petrol,Automatic,5.1,63907,382,,2,0,Full Service,Green,Truck,4WD,10,OH,18610
Audi,A4,2005,Petrol,,1.6,321984,140,134,4,0,,Green,Sedan,FWD,34,TX,500
Hyundai,Elantra,2008,Petrol,Manual,2.4,286985,192,173,3,0,Partial Service,,Sedan,FWD,34,CA,500
Mercedes-Benz,GLC,2009,Petrol,Automatic,2.3,376137,167,168,4,1,Full Service,Red,SUV,FWD,34,,500
Audi,Q5,2014,Diesel,Automatic,2.7,222943,218,205,3,0,Partial Service,Red,SUV,FWD,30,PA,7783
Hyundai,Tucson,2011,Petrol,Automatic,2.6,108079,206,202,2,1,Full Service,,SUV,AWD,,PA,2837
Chevrolet,Malibu,2024,Electric,,0,1588,317,348,1,0,,Blue,Sedan,FWD,,GA,24519
Audi,Q5,2008,Petrol,Manual,2.3,240743,,155,4,0,Full Service,Blue,SUV,AWD,31,PA,500
Mercedes-Benz,C-Class,2011,Petrol,Automatic,2.4,108596,192,177,3,0,,Black,Sedan,FWD,29,NC,8567
Mercedes-Benz,GLC,2005,Petrol,Manual,2.2,325007,181,178,5,1,Full Service,Silver,SUV,AWD,30,FL,500
Hyundai,Sonata,2024,Petrol,,2.4,100,182,156,1,0,Full Service,Green,Sedan,FWD,34,GA,24322
Mercedes-Benz,GLE,2014,Petrol,Automatic,2.2,70588,170,157,3,1,Full Service,Blue,SUV,AWD,28,,19108
Mercedes-Benz,E-Class,2012,Petrol,Automatic,,161432,,148,3,0,Partial Service,Blue,Sedan,FWD,31,PA,12761
Volkswagen,Tiguan,2009,Petrol,Automatic,2.8,199605,222,212,3,0,Full Service,Silver,SUV,AWD,29,PA,500
Mercedes-Benz,C-Class,2023,Petrol,Automatic,1.5,9993,126,94,1,0,Partial Service,,Sedan,FWD,34,GA,35596
Honda,Accord,2006,Petrol,Automatic,1.8,268541,150,165,4,0,Partial Service,Blue,Sedan,FWD,37,FL,500
Chevrolet,Tahoe,2007,Hybrid,Manual,2.3,173478,184,159,3,1,Full Service,Blue,SUV,AWD,43,IL,2829
Chevrolet,Equinox,2005,Petrol,Automatic,,415752,211,198,4,0,Full Service,Gray,SUV,AWD,26,FL,500
Hyundai,Sonata,2024,Electric,Automatic,0,100,337,370,1,0,Full Service,Silver,Sedan,FWD,101,,27223
Honda,Civic,2009,Hybrid,Automatic,1.5,188233,,121,3,,No Service,Red,Sedan,FWD,50,OH,500
Audi,Q7,2020,Diesel,Automatic,,65053,182,174,1,1,Partial Service,Silver,SUV,AWD,30,GA,30017
Toyota,Camry,2010,Petrol,Automatic,2,90047,139,133,3,1,No Service,Black,Sedan,FWD,,NY,2202
Audi,Q7,2007,Petrol,,,301182,261,245,4,1,Partial Service,Brown,SUV,AWD,25,FL,500
Chevrolet,Malibu,2007,Petrol,Manual,1.5,186599,133,124,4,1,Full Service,Black,Sedan,FWD,39,,500
Ford,Explorer,2024,Hybrid,Automatic,3.1,100,223,214,1,0,Partial Service,Green,SUV,AWD,33,CA,33505
Nissan,Altima,2008,Petrol,Automatic,2.5,368250,194,176,2,,,Blue,Sedan,AWD,33,CA,500
Hyundai,Sonata,2021,Hybrid,Automatic,1.9,41753,156,143,1,0,Full Service,Silver,Sedan,FWD,58,GA,17816
BMW,X5,2018,Hybrid,Automatic,2,41252,162,163,1,0,Full Service,Silver,SUV,FWD,,OH,38672
BMW,3 Series,2010,Petrol,Manual,,144349,,166,4,0,No Service,White,Sedan,FWD,35,IL,4446
Mercedes-Benz,E-Class,2022,Petrol,Automatic,2.2,35849,173,182,1,0,Full Service,Brown,Sedan,AWD,,NY,46906
Hyundai,Elantra,2008,Petrol,Automatic,2.3,210074,170,140,3,0,Full Service,Gray,Sedan,AWD,34,GA,500
Honda,CR-V,2014,Petrol,,2.3,81277,194,178,3,1,No Service,Black,SUV,AWD,29,FL,6343
BMW,3 Series,2005,Petrol,Manual,2.2,36787,178,156,4,0,Partial Service,White,Sedan,FWD,35,NC,6615
Mercedes-Benz,GLC,2018,Petrol,Automatic,3.2,13460,249,249,1,1,No Service,Blue,SUV,AWD,21,NC,20116
Chevrolet,Malibu,2011,Petrol,Manual,1.5,78016,99,88,3,0,Full Service,Gray,Sedan,FWD,,,4050
Nissan,Sentra,2021,Petrol,Automatic,,46431,166,166,1,0,Partial Service,Red,Sedan,FWD,36,,13877
Toyota,Corolla,2023,Petrol,Automatic,1.4,4339,,100,1,,Full Service,Silver,Sedan,FWD,39,MI,19094
BMW,5 Series,2009,Petrol,Automatic,1.6,214654,136,,4,1,,Brown,Sedan,FWD,34,TX,3748
Honda,Civic,2017,Petrol,Automatic,2.4,79330,173,167,2,0,,Black,Sedan,FWD,28,,8416
BMW,5 Series,2006,Petrol,Automatic,2,176123,,135,4,1,Full Service,Gray,Sedan,FWD,41,NY,2797
Toyota,Camry,2012,Petrol,,1.5,33356,120,101,3,1,Full Service,Black,Sedan,AWD,35,MI,6333
Mercedes-Benz,C-Class,2009,Petrol,Automatic,,197388,143,121,4,,,Gray,Sedan,FWD,37,TX,1993
Mercedes-Benz,GLE,2016,Petrol,Automatic,2.3,182539,,172,1,1,Partial Service,Brown,SUV,AWD,27,FL,18805
Ford,Escape,2010,Petrol,,2.4,100,,176,3,1,Full Service,Brown,SUV,AWD,27,MI,6583
BMW,5 Series,2014,Hybrid,Automatic,1.9,129092,,130,2,0,Partial Service,Black,Sedan,FWD,45,TX,16909
Mercedes-Benz,GLC,2014,Petrol,Automatic,2.3,173303,179,161,3,0,Full Service,Green,SUV,FWD,31,MI,11988
Hyundai,Tucson,2024,Petrol,Automatic,3.3,100,259,247,1,0,,Silver,SUV,AWD,20,TX,26199
Hyundai,Tucson,2020,Petrol,,,52374,210,203,2,0,Full Service,Blue,SUV,FWD,,MI,18024
Hyundai,Santa Fe,2011,Petrol,Manual,2,133738,150,,4,0,,White,SUV,AWD,34,IL,3725
Ford,Escape,2005,Petrol,Automatic,2.8,176557,205,195,5,,Partial Service,Green,SUV,AWD,30,CA,500
Toyota,RAV4,2014,Petrol,Automatic,2.1,30410,162,,2,0,Full Service,,SUV,FWD,33,IL,11475
Chevrolet,Equinox,2006,Petrol,Automatic,3.4,81385,263,256,5,1,Full Service,Red,SUV,FWD,22,NY,1391
Hyundai,Santa Fe,2023,Hybrid,Automatic,3.1,9440,241,231,1,0,Full Service,Black,SUV,FWD,37,NC,31181
BMW,X5,2009,Diesel,Automatic,3.2,102912,231,224,3,0,No Service,Red,SUV,FWD,28,TX,10963
Toyota,Camry,2020,Petrol,Automatic,2,10860,157,159,1,,Full Service,,Sedan,FWD,,TX,17836
Audi,Q7,2012,Petrol,Automatic,,168644,240,,4,0,No Service,White,SUV,AWD,26,FL,11185
Volkswagen,Atlas,2009,Petrol,Automatic,2.4,168079,175,167,3,1,,,SUV,FWD,25,GA,1078
BMW,X3,2020,Hybrid,Automatic,2.4,44778,176,154,3,0,No Service,Green,SUV,FWD,52,GA,26788
Nissan,Altima,2020,Petrol,Automatic,,57928,188,177,1,0,No Service,Blue,Sedan,AWD,32,CA,12615
Honda,Accord,2014,Petrol,Automatic,1.5,71016,121,107,4,,Partial Service,Gray,Sedan,AWD,37,FL,6138
BMW,5 Series,2012,Diesel,Automatic,2.3,39955,181,173,2,1,Full Service,Gray,Sedan,FWD,,NY,17580
Audi,Q5,2021,Petrol,Automatic,2.9,16158,,225,1,0,Full Service,Green,SUV,AWD,25,OH,34114
Toyota,Camry,2024,Petrol,Automatic,,100,153,150,1,0,,Blue,Sedan,FWD,36,CA,26123
Audi,Q5,2006,Diesel,,2.2,246326,174,164,5,0,Full Service,Black,SUV,FWD,28,OH,500
Volkswagen,Passat,2023,Petrol,,2.1,7595,157,144,1,,Partial Service,Black,Sedan,FWD,34,CA,25035
Nissan,Rogue,2005,Petrol,Automatic,3.4,347395,262,251,5,1,Full Service,Black,SUV,AWD,26,,500
Nissan,Sentra,2016,Hybrid,Automatic,2.2,145807,169,169,3,0,Full Service,Gray,Sedan,FWD,53,NC,2796
Mercedes-Benz,E-Class,2012,Petrol,,1.6,72740,129,133,2,0,No Service,Red,Sedan,AWD,43,PA,14877
Nissan,Sentra,2010,Petrol,Manual,2.4,192339,181,163,4,1,Partial Service,Green,Sedan,FWD,39,IL,500
Chevrolet,Tahoe,2017,Diesel,Automatic,2.6,44629,,186,3,0,No Service,Silver,SUV,FWD,32,,23065
Hyundai,Sonata,2015,Petrol,Automatic,2.4,98907,,185,2,1,,Black,Sedan,FWD,29,IL,5356
Chevrolet,Malibu,2022,Petrol,Automatic,2,13466,158,144,1,,Partial Service,,Sedan,FWD,31,,17918
Hyundai,Sonata,2022,Petrol,Automatic,1.9,23281,156,136,1,0,Full Service,Silver,Sedan,FWD,32,,22533
Audi,A6,2023,Petrol,Automatic,1.9,100,,,1,,Full Service,Black,Sedan,FWD,35,CA,52333
Toyota,RAV4,2013,Petrol,Automatic,2.4,206742,204,180,3,0,Partial Service,Blue,SUV,AWD,30,,777
Mercedes-Benz,E-Class,2005,Diesel,Automatic,1.7,193869,,149,5,1,Partial Service,Blue,Sedan,FWD,34,FL,1399
Audi,Q7,2011,Petrol,,3.4,215316,261,248,3,0,,White,SUV,FWD,22,IL,7656
Mercedes-Benz,GLC,2016,Petrol,Automatic,3.1,121663,230,,2,0,Partial Service,Gray,SUV,AWD,28,PA,15323
Chevrolet,Silverado,2006,Petrol,Automatic,,281855,391,373,3,0,,Silver,Truck,4WD,,CA,500
Volkswagen,Passat,2010,Diesel,Automatic,2.3,136166,191,164,5,,Full Service,White,Sedan,FWD,29,OH,1518
Volkswagen,Atlas,2013,Petrol,Automatic,2.3,133092,,164,3,0,Partial Service,Silver,SUV,FWD,31,NY,7189
Toyota,Camry,2012,Diesel,,,39579,197,176,2,,,Blue,Sedan,FWD,33,MI,6017
Toyota,Highlander,2007,Petrol,Automatic,,189988,158,143,3,,Full Service,Red,SUV,AWD,37,,500
Nissan,Pathfinder,2017,Diesel,Automatic,2.8,78445,228,213,1,1,Full Service,White,SUV,AWD,29,,12691
Chevrolet,Silverado,2023,Diesel,Automatic,3.3,9933,251,236,1,0,,Silver,Truck,4WD,21,FL,31823
Nissan,Pathfinder,2010,Petrol,,3.2,100793,,229,3,0,No Service,Brown,SUV,AWD,28,GA,4417
Mercedes-Benz,GLC,2005,Petrol,Manual,2,330149,182,190,5,0,Partial Service,Red,SUV,AWD,,IL,500
Chevrolet,Silverado,2021,Petrol,Automatic,4,39084,298,271,1,0,Partial Service,Brown,Truck,4WD,18,MI,24549
BMW,X5,2022,Petrol,Automatic,2.5,54602,200,209,1,0,Partial Service,Black,SUV,FWD,28,IL,46863
Toyota,Corolla,2015,Petrol,Automatic,2.1,103597,170,162,3,,,Green,Sedan,AWD,27,NY,3503
Hyundai,Santa Fe,2023,Petrol,Automatic,3,1973,,223,1,,Partial Service,,SUV,FWD,26,FL,31105
Volkswagen,Atlas,2008,Hybrid,Automatic,3.1,277570,238,217,3,,Full Service,Brown,SUV,AWD,47,MI,500
Chevrolet,Malibu,2006,Petrol,,1.9,325955,164,163,3,1,Full Service,Red,Sedan,AWD,36,NY,500
Nissan,Sentra,2008,Hybrid,Automatic,2.2,201775,,170,5,,,Silver,Sedan,AWD,38,OH,500
Toyota,Camry,2021,Petrol,Automatic,2.4,62551,190,172,1,0,Full Service,Red,Sedan,FWD,31,TX,17361
Nissan,Rogue,2005,Petrol,Manual,2.3,223214,177,174,5,0,Full Service,,SUV,FWD,34,TX,500
Volkswagen,Tiguan,2019,Petrol,Automatic,2.7,15306,213,190,2,0,Partial Service,Green,SUV,AWD,26,GA,17251
Ford,Mustang,2017,Petrol,Automatic,3,42271,,205,1,0,Partial Service,Gray,Coupe,RWD,27,MI,13543
Honda,Civic,2024,Diesel,Automatic,1.9,100,158,133,1,0,No Service,,Sedan,FWD,33,NC,19054
Chevrolet,Malibu,2008,Petrol,Automatic,1.4,75715,133,121,3,1,Full Service,Blue,Sedan,FWD,44,TX,1867
Hyundai,Sonata,2021,Petrol,Automatic,,22670,162,170,1,,Full Service,,Sedan,AWD,32,NC,18170
Hyundai,Sonata,2021,Diesel,Automatic,2.4,34463,158,140,1,0,Partial Service,Black,Sedan,FWD,,CA,17104
Honda,CR-V,2010,Petrol,,2.5,90372,192,193,3,1,Full Service,,SUV,FWD,37,PA,3440
Audi,A4,2022,Petrol,,2.5,25898,,191,1,0,Full Service,Blue,Sedan,AWD,33,OH,38454
Chevrolet,Tahoe,2009,Petrol,Automatic,3.1,142286,235,241,4,,Partial Service,Red,SUV,FWD,28,CA,6767
BMW,X5,2023,Electric,Automatic,0,20416,345,,1,0,Full Service,Red,SUV,FWD,105,GA,56412
Nissan,Rogue,2018,Petrol,Automatic,2.7,61757,,206,1,0,,Silver,SUV,AWD,26,,13037
Hyundai,Santa Fe,2011,Petrol,Automatic,,226798,144,136,2,1,Partial Service,Green,SUV,AWD,31,,500
Toyota,Camry,2022,Petrol,Automatic,2.3,100,,,1,0,Partial Service,,Sedan,AWD,31,GA,21342
Honda,Civic,2023,Hybrid,,1.6,31249,,137,1,0,Partial Service,Silver,Sedan,FWD,57,,17785
Honda,Accord,2016,Hybrid,Automatic,,78135,,174,2,0,,White,Sedan,FWD,54,GA,9851
Ford,F-150,2020,Petrol,,,19933,379,355,1,0,,Green,Truck,RWD,15,CA,21928
Mercedes-Benz,E-Class,2017,Petrol,Automatic,,28221,201,187,2,0,Partial Service,White,Sedan,FWD,28,GA,29316
Audi,A6,2018,Diesel,Automatic,1.8,94212,144,144,2,,Full Service,Green,Sedan,FWD,,,25344
Toyota,RAV4,2017,Petrol,Automatic,2.4,88193,196,184,2,1,Partial Service,Blue,SUV,FWD,29,,10154
Honda,CR-V,2007,Petrol,Manual,2.2,176322,173,171,5,1,Partial Service,Silver,SUV,FWD,30,CA,500
Volkswagen,Atlas,2015,Petrol,Automatic,2.6,107879,196,,3,0,No Service,,SUV,AWD,27,FL,9319
Chevrolet,Silverado,2023,Petrol,Automatic,4.4,18498,331,298,1,0,No Service,Green,Truck,4WD,13,GA,27981
Nissan,Rogue,2009,Diesel,Automatic,,120252,271,261,3,1,,Red,SUV,FWD,24,MI,1250
Mercedes-Benz,GLE,2010,Petrol,Automatic,2.3,252491,184,,4,0,,White,SUV,FWD,33,,5655
Chevrolet,Malibu,2015,Petrol,Automatic,2.2,144830,180,155,1,1,,White,Sedan,AWD,35,NY,3078
Honda,Accord,2020,Hybrid,Automatic,,63446,169,,2,0,Partial Service,Gray,Sedan,FWD,51,NY,14139
Hyundai,Santa Fe,2006,Diesel,,2.7,110477,219,194,3,1,Partial Service,Red,SUV,AWD,26,,1445
Hyundai,Tucson,2016,Hybrid,Automatic,3.3,114217,258,,4,0,Full Service,Silver,SUV,AWD,43,IL,7897
Volkswagen,Atlas,2023,Hybrid,,2.5,6062,206,191,1,0,No Service,Red,SUV,RWD,,NY,29716
Hyundai,Tucson,2005,Petrol,Automatic,2.2,227326,168,163,4,0,Partial Service,Silver,SUV,AWD,28,PA,500
Chevrolet,Equinox,2020,Petrol,Automatic,2.2,59891,177,,1,1,No Service,White,SUV,AWD,32,OH,11695
Volkswagen,Passat,2016,Petrol,Automatic,,106880,164,135,2,1,Full Service,Red,Sedan,FWD,32,NY,7400
Audi,Q5,2011,Petrol,Automatic,2.2,149005,165,163,4,0,Full Service,White,SUV,RWD,32,,7743
Volkswagen,Golf,2012,Petrol,Automatic,,170848,176,168,3,,Full Service,Blue,Hatchback,FWD,36,OH,500
Chevrolet,Silverado,2017,Hybrid,Automatic,5.5,83150,400,,2,0,Partial Service,Green,Truck,4WD,23,GA,14276
BMW,3 Series,2021,Hybrid,Automatic,,76053,147,135,1,0,No Service,Gray,Sedan,FWD,50,,25875
Audi,Q7,2021,Petrol,,2.1,55012,157,134,1,0,No Service,Gray,SUV,AWD,33,NY,36374
Honda,Pilot,2011,Petrol,Automatic,3.3,192206,247,233,3,1,Full Service,White,SUV,FWD,23,CA,2158
Toyota,Corolla,2015,Petrol,Automatic,2.3,71743,203,,2,1,,Red,Sedan,FWD,,NY,4609
Volkswagen,Passat,2009,Petrol,,2.1,235160,162,150,4,0,Partial Service,,Sedan,FWD,,NC,500
Mercedes-Benz,GLE,2012,Petrol,,2.7,99621,214,217,3,1,,,SUV,FWD,36,MI,14175
Ford,Escape,2019,Electric,Automatic,0,92758,252,277,2,1,,Brown,SUV,AWD,116,NY,9866
Volkswagen,Golf,2015,Petrol,Automatic,1.5,105320,121,111,2,,Full Service,Brown,Hatchback,FWD,,,6687
Audi,A6,2013,Petrol,Automatic,2.2,126181,164,150,2,1,Partial Service,Brown,Sedan,FWD,,FL,12652
Ford,Explorer,2023,Petrol,Automatic,2.2,10395,177,178,1,0,Partial Service,Red,SUV,AWD,35,PA,30516
Volkswagen,Tiguan,2019,Hybrid,Automatic,2.1,41246,177,184,1,0,Partial Service,Black,SUV,FWD,49,PA,16910
Honda,Civic,2022,Petrol,Automatic,,22060,,112,1,0,Full Service,Blue,Sedan,FWD,36,CA,17452
Mercedes-Benz,GLE,2015,Petrol,,3,99152,222,,2,1,Full Service,Brown,SUV,AWD,24,GA,20846
BMW,5 Series,2010,Petrol,,1.7,267468,119,105,3,1,Full Service,Gray,Sedan,FWD,34,OH,3413
Toyota,Highlander,2019,Petrol,,2.3,42953,171,164,1,0,Full Service,,SUV,FWD,37,NC,22497
Toyota,Highlander,2005,Petrol,Manual,2.1,123730,167,155,4,0,Full Service,Green,SUV,AWD,40,OH,969
Hyundai,Santa Fe,2021,Hybrid,Automatic,3.3,35459,244,239,1,0,Partial Service,Silver,SUV,AWD,34,CA,23585
Audi,A4,2022,Hybrid,Automatic,1.5,37323,110,,1,0,No Service,White,Sedan,FWD,45,MI,28925
Mercedes-Benz,GLC,2009,Petrol,Manual,2.6,167587,,190,3,0,Full Service,Blue,SUV,AWD,,NC,5214
Hyundai,Santa Fe,2024,Petrol,Automatic,2.8,1699,217,,1,0,Full Service,Brown,SUV,FWD,26,FL,33167
Hyundai,Santa Fe,2007,Petrol,Automatic,,227545,,,3,0,No Service,Red,SUV,FWD,32,PA,500
BMW,X5,2017,Diesel,Automatic,2.7,95786,,225,2,1,,Silver,SUV,AWD,29,FL,23972
Chevrolet,Tahoe,2010,Petrol,Automatic,2.8,261649,214,200,3,0,Full Service,Green,SUV,FWD,27,NY,2559
Honda,Civic,2022,Diesel,Automatic,2.2,37438,176,169,1,0,Full Service,Silver,Sedan,AWD,,TX,16188
Nissan,Pathfinder,2012,Petrol,Automatic,3,100,231,231,3,1,,,SUV,AWD,32,CA,10609
BMW,5 Series,2005,Petrol,Manual,2.2,226782,182,174,5,0,Partial Service,Silver,Sedan,FWD,34,,500
Nissan,Sentra,2024,Petrol,Automatic,2.1,1707,169,175,1,0,Full Service,Red,Sedan,FWD,,TX,21876
Mercedes-Benz,GLE,2012,Petrol,Automatic,2.5,65515,184,170,2,1,No Service,Brown,SUV,AWD,31,IL,13564
Mercedes-Benz,GLC,2010,Diesel,Automatic,2.6,171290,176,162,5,,,Silver,SUV,FWD,28,FL,4491
Mercedes-Benz,GLC,2007,Petrol,Automatic,,246170,,171,4,1,Full Service,Silver,SUV,AWD,28,NY,500
BMW,X5,2012,Petrol,Automatic,2.2,263821,174,169,2,1,,Black,SUV,FWD,36,OH,7449
Chevrolet,Equinox,2013,Petrol,Automatic,2.1,82797,170,165,2,1,No Service,Gray,SUV,AWD,31,NY,4479
Audi,A4,2024,Petrol,Automatic,2.2,8032,157,171,1,,,Blue,Sedan,FWD,,FL,38039
BMW,X5,2023,Petrol,Automatic,2.5,6121,,192,1,0,Full Service,Black,SUV,AWD,28,NY,64376
Toyota,RAV4,2023,Petrol,,2.3,24593,187,180,1,0,No Service,Silver,SUV,AWD,,TX,22814
Hyundai,Santa Fe,2009,Petrol,Automatic,2.9,194911,202,,3,0,Partial Service,Red,SUV,AWD,26,NY,500
Honda,Accord,2016,Petrol,Automatic,1.6,119328,,117,2,1,Partial Service,White,Sedan,FWD,34,NC,6093
Mercedes-Benz,GLE,2021,Petrol,,2.7,47338,236,231,1,0,Full Service,Brown,SUV,AWD,26,OH,47734
Audi,A4,2016,Petrol,Automatic,1.7,105643,147,139,2,1,No Service,Red,Sedan,FWD,34,NY,11341
Ford,Explorer,2011,Petrol,Automatic,2.3,68515,178,153,3,0,Full Service,Green,SUV,AWD,35,,4020
Volkswagen,Tiguan,2019,Petrol,Automatic,3.1,57955,239,240,3,1,Full Service,Green,SUV,AWD,23,NC,13959
Honda,Pilot,2015,Petrol,Automatic,2.6,70016,191,,3,0,Full Service,Blue,SUV,FWD,30,IL,13736
Hyundai,Sonata,2022,Petrol,,1.5,40306,,123,1,0,No Service,,Sedan,FWD,40,PA,16567
Hyundai,Sonata,2015,Diesel,Automatic,,49179,188,,2,1,Partial Service,Red,Sedan,AWD,32,NY,7347
Toyota,RAV4,2020,Diesel,Automatic,3,83669,235,233,1,0,Partial Service,,SUV,AWD,28,CA,15580
Ford,Mustang,2015,Diesel,Manual,3.2,32195,,,3,,Full Service,Blue,Coupe,AWD,29,MI,11211
BMW,5 Series,2019,Petrol,Automatic,1.5,45141,104,,2,0,Partial Service,Black,Sedan,FWD,37,MI,34739
BMW,3 Series,2010,Petrol,,1.4,197686,131,,3,1,No Service,White,Sedan,FWD,38,OH,2305
Audi,A6,2021,Petrol,,2.2,21300,178,171,1,0,No Service,,Sedan,FWD,32,OH,38514
BMW,3 Series,2021,Petrol,Automatic,2,88487,158,158,1,0,Partial Service,Brown,Sedan,FWD,32,NY,29817
Toyota,Corolla,2013,Petrol,Automatic,1.7,186951,123,118,2,0,Partial Service,Blue,Sedan,FWD,42,CA,500
Volkswagen,Golf,2008,Petrol,Manual,,232930,194,199,3,0,Partial Service,Blue,Hatchback,FWD,31,IL,500
Toyota,Corolla,2015,Diesel,Automatic,2,42817,159,146,3,0,No Service,Blue,Sedan,FWD,36,IL,6110
Chevrolet,Malibu,2016,Electric,,0,80216,193,,2,0,Full Service,,Sedan,FWD,,OH,8172
BMW,5 Series,2008,Petrol,Manual,,276983,115,117,3,1,Partial Service,Brown,Sedan,FWD,38,IL,539
Volkswagen,Passat,2020,Diesel,Automatic,,100,,132,1,0,Partial Service,Black,Sedan,FWD,35,IL,20474
Ford,Escape,2009,Petrol,,,130710,212,195,4,1,No Service,White,SUV,FWD,,NC,627
Nissan,Sentra,2009,Petrol,,1.7,111303,143,129,4,0,,Black,Sedan,FWD,38,MI,500
Toyota,Highlander,2018,Hybrid,Automatic,2.6,57357,199,203,1,0,Partial Service,Green,SUV,AWD,47,CA,17604
Hyundai,Tucson,2023,Petrol,Automatic,,25460,210,210,1,0,Partial Service,Silver,SUV,AWD,26,PA,22115
BMW,X5,2009,Petrol,Manual,2.4,176852,,196,5,,,White,SUV,AWD,23,GA,5657
BMW,X3,2023,Diesel,Automatic,2.5,19267,209,191,1,,Full Service,Black,SUV,AWD,30,IL,39923
Chevrolet,Tahoe,2024,Petrol,Automatic,3,4770,,234,1,0,Full Service,Gray,SUV,AWD,27,,50377
Audi,Q7,2022,Diesel,Automatic,3.1,20926,,226,1,,,Silver,SUV,AWD,25,TX,45952
Volkswagen,Passat,2017,Petrol,Automatic,2.2,84431,172,,3,1,Partial Service,Green,Sedan,AWD,31,,9080
Ford,Mustang,2010,Diesel,Manual,2.5,222732,185,200,2,1,Partial Service,Green,Coupe,RWD,36,OH,500
Ford,Explorer,2024,Hybrid,Automatic,2,100,142,152,1,0,Full Service,Blue,SUV,AWD,52,TX,36139
BMW,5 Series,2005,Petrol,,1.9,100,133,141,4,1,Partial Service,White,Sedan,AWD,37,PA,4452
Ford,Mustang,2016,Petrol,Automatic,2.9,135855,234,,2,0,Partial Service,Gray,Coupe,AWD,30,IL,6990
Toyota,Camry,2008,Petrol,Automatic,1.7,234505,136,,4,,No Service,Silver,Sedan,FWD,,TX,500
Toyota,Highlander,2010,Petrol,,3.3,282355,240,227,3,1,No Service,Green,SUV,AWD,26,NY,500
Mercedes-Benz,GLE,2022,Petrol,Automatic,2.9,1079,217,,1,0,Partial Service,Brown,SUV,FWD,27,GA,54402
Honda,Civic,2023,Petrol,Automatic,2,18122,178,163,1,0,,Black,Sedan,FWD,38,NY,19176
Hyundai,Santa Fe,2007,Petrol,Automatic,2.2,243796,,185,3,,Partial Service,White,SUV,AWD,34,TX,500
Ford,Escape,2022,Hybrid,,3.4,27181,247,239,1,0,,Gray,SUV,AWD,,,21428
BMW,X5,2008,Petrol,Automatic,2.6,100,201,195,3,0,No Service,Black,SUV,FWD,32,MI,13991
BMW,X5,2014,Petrol,Automatic,2,124524,165,153,3,1,Full Service,Silver,SUV,AWD,38,MI,18975
Ford,Explorer,2023,Petrol,Automatic,3,100,238,216,1,0,Full Service,Red,SUV,AWD,25,FL,32009
Toyota,Camry,2011,Diesel,Automatic,1.8,163996,144,146,3,,Full Service,White,Sedan,FWD,32,,500
Chevrolet,Equinox,2021,Petrol,Automatic,,34572,270,,1,0,Partial Service,Red,SUV,RWD,22,CA,17869
Nissan,Altima,2007,Diesel,Automatic,2,190467,164,173,4,1,,Blue,Sedan,FWD,37,PA,500
Chevrolet,Equinox,2015,Petrol,Automatic,2.4,187383,187,171,1,0,Partial Service,Gray,SUV,AWD,34,IL,2906
Honda,Pilot,2018,Petrol,Automatic,3.1,72424,236,241,3,0,Partial Service,Brown,SUV,AWD,23,,18073
Nissan,Rogue,2012,Petrol,Automatic,2,207165,161,155,2,0,Partial Service,White,SUV,AWD,30,CA,500
Mercedes-Benz,GLC,2022,Petrol,Automatic,3.4,27510,,248,1,0,Full Service,Brown,SUV,AWD,23,OH,37804
Ford,Mustang,2005,Diesel,Automatic,4.3,260876,,291,4,1,Partial Service,Gray,Coupe,RWD,17,,500
Honda,CR-V,2016,Petrol,Automatic,,103016,211,,4,0,Full Service,,SUV,AWD,,OH,9052
Honda,Pilot,2023,Petrol,Automatic,2.7,13676,205,195,1,0,Partial Service,White,SUV,RWD,27,MI,36017
Hyundai,Elantra,2021,Electric,Automatic,0,47644,313,344,1,0,Full Service,Black,Sedan,FWD,,MI,14406
Hyundai,Santa Fe,2018,Electric,Automatic,0,46803,294,323,3,1,No Service,Blue,SUV,RWD,105,TX,11767
Toyota,Corolla,2018,Petrol,Automatic,2.3,25568,172,141,1,,,Red,Sedan,FWD,38,IL,8838
Volkswagen,Tiguan,2006,Petrol,Automatic,3.4,94501,264,,4,1,,Brown,SUV,RWD,29,TX,1064
Mercedes-Benz,GLE,2009,Petrol,Automatic,2.5,156835,,191,2,,Partial Service,,SUV,AWD,31,OH,7542
BMW,3 Series,2016,Diesel,,,70412,125,111,3,0,Partial Service,,Sedan,AWD,43,GA,15336
Audi,Q5,2020,Petrol,Automatic,2.3,8407,197,,1,,Full Service,Blue,SUV,AWD,31,NC,34323
Nissan,Sentra,2023,Petrol,Automatic,,18824,135,134,1,,Partial Service,Blue,Sedan,FWD,37,MI,16587
Volkswagen,Passat,2005,Petrol,Automatic,1.4,253154,126,113,4,0,Partial Service,Gray,Sedan,AWD,40,NC,500
Chevrolet,Tahoe,2012,Petrol,Automatic,3.1,174183,249,224,2,1,Partial Service,Black,SUV,FWD,33,NY,8319
Audi,Q5,2011,Diesel,Automatic,3.5,41247,268,249,3,,Full Service,Silver,SUV,RWD,21,TX,11160
Mercedes-Benz,GLC,2019,Petrol,Automatic,3.4,25899,260,244,2,0,Partial Service,Gray,SUV,AWD,21,GA,26856
Toyota,Highlander,2016,Petrol,Automatic,3.1,167695,233,222,3,1,Partial Service,Green,SUV,AWD,,,7674
Mercedes-Benz,GLC,2022,Petrol,Automatic,3.2,30147,,247,1,,Full Service,,SUV,FWD,27,GA,38844
BMW,3 Series,2005,Petrol,Automatic,2.5,289761,205,202,5,1,Partial Service,Brown,Sedan,FWD,25,,500
Chevrolet,Malibu,2010,Diesel,Manual,1.9,166351,146,142,2,1,No Service,Brown,Sedan,FWD,,PA,500
Ford,F-150,2021,Electric,Automatic,0,4140,322,354,1,,Partial Service,Silver,Truck,4WD,123,MI,24618
Nissan,Altima,2016,Petrol,Automatic,2,138647,158,155,3,0,No Service,Black,Sedan,AWD,35,OH,4662
BMW,X5,2013,Petrol,Automatic,3.4,157725,265,243,2,1,Full Service,,SUV,FWD,24,MI,13991
BMW,5 Series,2023,Petrol,,1.9,17438,158,139,1,0,Partial Service,Blue,Sedan,FWD,,OH,49632
Toyota,RAV4,2006,Petrol,Manual,,95954,,181,5,0,,Green,SUV,AWD,,OH,1347
Chevrolet,Equinox,2022,Petrol,Automatic,2.2,17774,173,162,1,,Full Service,Brown,SUV,AWD,33,FL,11197
Audi,A4,2019,Hybrid,Automatic,2,32957,186,172,2,1,,White,Sedan,FWD,50,MI,21157
Mercedes-Benz,C-Class,2010,Petrol,Automatic,1.7,182104,135,115,2,1,Full Service,Silver,Sedan,FWD,36,,3957
Ford,Escape,2014,Petrol,Automatic,2.5,198127,182,178,3,1,No Service,Silver,SUV,AWD,33,,975
Audi,Q5,2018,Petrol,Automatic,2.4,93574,193,161,1,0,No Service,Green,SUV,AWD,26,MI,20357
Toyota,Highlander,2011,Diesel,Automatic,2.5,223784,200,203,2,1,Full Service,Blue,SUV,FWD,29,GA,607
Ford,F-150,2020,Petrol,Automatic,5.4,55232,392,363,1,0,Full Service,Gray,Truck,RWD,,FL,21624
Toyota,RAV4,2007,Petrol,Manual,3.4,286812,268,258,5,0,No Service,Blue,SUV,AWD,,FL,500
Nissan,Altima,2009,Petrol,Automatic,1.6,99419,,125,4,1,Partial Service,Silver,Sedan,FWD,42,IL,1419
Nissan,Altima,2017,Diesel,Automatic,2.5,113582,197,198,2,0,Full Service,Blue,Sedan,AWD,26,,7518
Hyundai,Elantra,2009,Petrol,Automatic,,121954,185,178,2,1,No Service,Black,Sedan,FWD,31,GA,500
Nissan,Altima,2023,Electric,Automatic,0,3932,,325,1,0,No Service,,Sedan,FWD,113,IL,20187
Honda,Civic,2024,Petrol,Automatic,1.7,530,139,138,1,,Full Service,Black,Sedan,FWD,36,CA,22386
Audi,A4,2016,Petrol,Automatic,2.4,58970,217,212,4,1,,Red,Sedan,FWD,32,OH,12711
Mercedes-Benz,GLE,2010,Petrol,Automatic,3,220473,237,,4,1,Full Service,White,SUV,FWD,25,IL,9709
Hyundai,Sonata,2011,Petrol,Automatic,1.5,309743,121,112,1,,Full Service,White,Sedan,FWD,41,PA,500
Ford,Escape,2009,Petrol,Automatic,2.4,181379,185,172,3,0,Full Service,,SUV,AWD,30,NY,500
Honda,Civic,2011,Petrol,,,268025,184,,2,0,,Blue,Sedan,FWD,31,CA,500
BMW,5 Series,2018,Petrol,Automatic,2.3,64034,167,163,2,1,Partial Service,,Sedan,AWD,35,FL,25549
Ford,Explorer,2020,Petrol,Automatic,3.3,15730,266,253,1,0,Full Service,Red,SUV,AWD,22,GA,23031
Hyundai,Tucson,2017,Petrol,Automatic,2.7,77076,,225,2,1,Full Service,White,SUV,AWD,22,NC,9427
Volkswagen,Tiguan,2008,Petrol,Automatic,3.2,203903,230,233,3,1,No Service,Brown,SUV,AWD,24,TX,500
Audi,A4,2019,Petrol,Automatic,1.8,60275,155,126,2,0,Full Service,Gray,Sedan,AWD,32,TX,22597
Nissan,Altima,2006,Petrol,Automatic,2.2,387658,186,199,4,1,,,Sedan,FWD,32,GA,500
Toyota,Corolla,2008,Diesel,Automatic,1.4,61789,115,113,3,1,,White,Sedan,FWD,,NY,1796
Volkswagen,Atlas,2020,Petrol,Automatic,2.7,74495,200,189,2,0,Full Service,White,SUV,AWD,23,OH,22090
Honda,Accord,2019,Petrol,Automatic,1.7,68756,152,125,2,1,Partial Service,Red,Sedan,FWD,32,FL,10990
Honda,CR-V,2017,Petrol,Automatic,2.2,77988,184,,3,0,No Service,Green,SUV,AWD,,NY,9359
BMW,3 Series,2023,Petrol,Automatic,,100,141,,1,0,Partial Service,Black,Sedan,FWD,,FL,35529
Chevrolet,Malibu,2006,Petrol,,2,80647,157,154,5,0,No Service,Silver,Sedan,FWD,34,,855
Nissan,Pathfinder,2013,Petrol,Automatic,3.4,128579,255,253,3,0,,Black,SUV,AWD,,PA,6151
BMW,X5,2013,Petrol,Automatic,2.5,168623,194,183,4,,No Service,Green,SUV,AWD,27,,11944
Toyota,Corolla,2012,Petrol,Automatic,2.1,134304,156,132,3,,,Blue,Sedan,FWD,31,,611
Ford,Mustang,2006,Petrol,Manual,,240541,276,255,4,1,Partial Service,Green,Coupe,RWD,29,TX,500
Nissan,Pathfinder,2016,Petrol,Automatic,3.2,120300,246,230,2,0,Full Service,Gray,SUV,AWD,22,TX,12158
Audi,Q7,2012,Petrol,Automatic,3,134899,243,229,3,0,Full Service,Gray,SUV,AWD,30,MI,15794
Nissan,Altima,2013,Hybrid,Automatic,1.6,81913,132,111,4,,,Red,Sedan,AWD,59,,4280
Ford,F-150,2014,Diesel,Automatic,3.2,131452,242,,4,1,Full Service,Black,Truck,4WD,26,IL,5394
Hyundai,Elantra,2007,Petrol,Automatic,1.6,52963,124,,4,0,Partial Service,Silver,Sedan,FWD,38,,2023
Honda,Pilot,2023,Petrol,Automatic,2.6,100,222,,1,0,Full Service,,SUV,AWD,27,OH,33462
Honda,Accord,2005,Petrol,Manual,1.7,280121,118,118,3,0,Partial Service,Brown,Sedan,FWD,35,PA,500
Ford,Explorer,2015,Petrol,Automatic,2.3,127993,188,,1,1,Full Service,Gray,SUV,AWD,27,GA,8804
Toyota,Highlander,2008,Petrol,Automatic,2.7,157833,216,218,5,0,Full Service,,SUV,AWD,31,NY,1415
Honda,Civic,2009,Petrol,Automatic,1.4,200345,114,101,2,,,Red,Sedan,FWD,40,GA,500
Hyundai,Sonata,2007,Petrol,Automatic,2.1,103753,174,,2,0,Full Service,Brown,Sedan,FWD,,CA,688
Nissan,Pathfinder,2010,Petrol,Manual,3.5,173167,263,236,4,0,,White,SUV,AWD,26,MI,1657
Nissan,Pathfinder,2008,Petrol,Manual,3,149130,225,205,5,,Full Service,Gray,SUV,FWD,26,NY,1383
Audi,A4,2021,Petrol,Automatic,2,30095,172,162,1,0,Partial Service,Gray,Sedan,FWD,34,,29557
Audi,Q7,2012,Hybrid,Automatic,2.3,53618,161,146,3,0,Partial Service,Blue,SUV,AWD,56,NC,17527
Nissan,Rogue,2018,Petrol,Automatic,3.1,52275,236,219,2,0,Partial Service,Green,SUV,AWD,23,NY,12919
Chevrolet,Equinox,2007,Petrol,Automatic,2.8,137234,,,4,1,Partial Service,Gray,SUV,AWD,30,MI,500
BMW,5 Series,2006,Petrol,Automatic,1.7,382840,122,91,5,1,Full Service,Silver,Sedan,FWD,37,,500
Nissan,Sentra,2023,Petrol,Automatic,2.4,100,187,154,1,0,Full Service,,Sedan,FWD,29,FL,20322
Nissan,Altima,2006,Petrol,Automatic,1.5,10048,122,103,4,1,Partial Service,Black,Sedan,AWD,36,TX,3845
Volkswagen,Passat,2023,Petrol,Automatic,1.8,18569,159,164,1,,Partial Service,Brown,Sedan,FWD,36,TX,25026
Honda,CR-V,2020,Diesel,Automatic,3.2,23369,231,215,1,,Partial Service,,SUV,AWD,,TX,18164
Volkswagen,Tiguan,2007,Petrol,Automatic,3.4,138093,272,259,4,1,No Service,Blue,SUV,AWD,,NY,500
Hyundai,Santa Fe,2020,Petrol,Automatic,2.6,30762,200,190,1,0,Full Service,Blue,SUV,AWD,31,MI,21654
Nissan,Pathfinder,2015,Petrol,Automatic,,105154,168,143,4,0,Partial Service,Blue,SUV,AWD,35,FL,10163
Toyota,RAV4,2005,Petrol,Automatic,2.3,292585,175,,4,1,No Service,Green,SUV,AWD,,IL,500
Mercedes-Benz,GLC,2014,Petrol,Automatic,2.7,2966,192,176,1,1,Partial Service,Green,SUV,RWD,25,GA,16765
Audi,Q7,2015,Petrol,Automatic,2.4,97110,190,,2,0,,Black,SUV,RWD,,CA,22795
Ford,Escape,2016,Petrol,,2.6,119171,195,184,2,0,No Service,Gray,SUV,AWD,30,MI,6001
Audi,Q5,2016,Petrol,Automatic,3.2,81332,241,,2,0,No Service,Gray,SUV,FWD,27,CA,17450
Mercedes-Benz,GLC,2022,Diesel,Automatic,3.4,34626,,232,1,0,No Service,Silver,SUV,FWD,21,GA,31156
BMW,5 Series,2024,Petrol,Automatic,2.5,100,186,176,1,0,Full Service,Red,Sedan,FWD,30,OH,54611
Volkswagen,Golf,2018,Petrol,Automatic,2.5,121039,189,197,1,0,No Service,Red,Hatchback,FWD,26,IL,7235
Hyundai,Santa Fe,2021,Diesel,Automatic,3.2,10167,262,258,1,0,Partial Service,Gray,SUV,FWD,25,CA,24000
Ford,Escape,2023,Petrol,,2.1,7841,159,,1,0,Partial Service,Silver,SUV,AWD,27,NY,22054
Honda,Pilot,2005,Petrol,Automatic,2.4,378634,172,177,4,0,Partial Service,Gray,SUV,AWD,34,NY,500
Volkswagen,Passat,2023,Petrol,Automatic,2.5,24301,187,179,1,0,Full Service,Gray,Sedan,FWD,26,FL,25331
Ford,Escape,2007,Petrol,Automatic,2.8,295473,206,194,4,0,Full Service,Blue,SUV,FWD,25,NC,500
Honda,Accord,2020,Petrol,Automatic,,67907,,149,2,0,Partial Service,Green,Sedan,FWD,38,OH,13607
Honda,CR-V,2016,Diesel,Automatic,3.3,105936,240,237,3,0,Partial Service,Brown,SUV,FWD,24,,8832
Toyota,RAV4,2024,Petrol,Automatic,2.6,100,,190,1,0,Partial Service,Silver,SUV,AWD,,,25159
Chevrolet,Tahoe,2021,Diesel,Automatic,2.6,32971,206,188,1,0,,Black,SUV,AWD,30,MI,38124
Volkswagen,Tiguan,2013,Petrol,Automatic,3.2,17203,257,233,2,1,Partial Service,Black,SUV,FWD,23,OH,8434
Chevrolet,Tahoe,2011,Petrol,Automatic,2.4,98771,166,137,3,0,Partial Service,Brown,SUV,AWD,32,NC,12682
Toyota,Camry,2010,Diesel,,2,39938,156,169,3,,Partial Service,Gray,Sedan,FWD,39,GA,5012
Chevrolet,Silverado,2024,Petrol,Automatic,4.9,228,370,367,1,0,,Gray,Truck,4WD,10,NC,36908
Volkswagen,Passat,2006,Petrol,Automatic,2.3,99651,,149,4,1,Partial Service,Silver,Sedan,AWD,30,IL,843
Hyundai,Elantra,2014,Petrol,Automatic,2,96093,155,157,2,0,Full Service,Green,Sedan,FWD,32,,3919
Honda,Civic,2015,Petrol,Automatic,,103145,153,140,2,0,Full Service,,Sedan,FWD,37,PA,4773
Chevrolet,Tahoe,2012,Petrol,Automatic,3.2,64004,250,247,2,1,Full Service,Brown,SUV,AWD,21,NY,13762
Audi,A6,2022,Electric,Automatic,,51928,336,369,1,0,Partial Service,Blue,Sedan,FWD,109,OH,47358
Toyota,Highlander,2007,Petrol,Manual,2.2,161625,168,170,4,0,Full Service,,SUV,FWD,30,IL,500
Hyundai,Elantra,2010,Petrol,Automatic,1.8,212067,136,131,4,1,Full Service,Green,Sedan,FWD,39,IL,500
Mercedes-Benz,GLC,2017,Hybrid,Automatic,2.2,72295,176,,3,1,Partial Service,,SUV,AWD,,IL,17333
Ford,Explorer,2016,Petrol,,3,69135,227,227,4,0,Partial Service,Black,SUV,AWD,27,,14063
BMW,3 Series,2017,Petrol,Automatic,1.9,73843,,,1,,Partial Service,Black,Sedan,FWD,34,FL,17673
Ford,Mustang,2014,Petrol,Manual,4.7,99767,333,325,3,,Partial Service,Black,Coupe,RWD,14,,5705
Honda,CR-V,2024,Petrol,Automatic,2.5,3242,194,176,1,0,,Brown,SUV,RWD,29,,29261
Hyundai,Elantra,2024,Petrol,Automatic,1.6,10355,137,138,1,0,Partial Service,Silver,Sedan,FWD,42,CA,19694
Ford,F-150,2013,Petrol,Automatic,3.1,169940,,233,3,1,Partial Service,Silver,Truck,4WD,22,MI,3521
Ford,Explorer,2007,Petrol,Manual,2.7,237689,221,223,3,0,Partial Service,Green,SUV,AWD,23,PA,500
Audi,A6,2024,Diesel,Automatic,1.8,2298,131,135,1,0,Partial Service,Black,Sedan,AWD,35,FL,57810
Ford,F-150,2012,Petrol,Automatic,,85176,218,199,3,1,Partial Service,White,Truck,4WD,26,NY,6609
Chevrolet,Equinox,2021,Petrol,Automatic,2.5,23328,175,190,1,0,Partial Service,White,SUV,AWD,31,FL,19921
Toyota,Camry,2017,Petrol,Automatic,,145716,194,195,2,0,Full Service,,Sedan,AWD,38,GA,7000
Volkswagen,Tiguan,2022,Petrol,Automatic,2.5,3234,192,198,1,,No Service,White,SUV,FWD,30,FL,21572
Audi,A4,2009,Petrol,Manual,1.4,139850,101,77,3,1,Partial Service,Black,Sedan,FWD,37,GA,3458
Honda,Civic,2009,Petrol,Manual,2.3,244713,177,166,4,0,,Red,Sedan,FWD,34,NC,500
Hyundai,Sonata,2009,Petrol,,2.5,234984,205,181,3,0,No Service,Gray,Sedan,FWD,30,FL,500
Hyundai,Tucson,2013,Petrol,Automatic,3,156940,238,220,3,0,Full Service,Gray,SUV,AWD,29,IL,2616
Ford,F-150,2009,Hybrid,Automatic,4.4,202660,330,307,4,0,,,Truck,4WD,33,PA,500
BMW,X3,2018,Petrol,Automatic,2,97227,170,154,3,1,Partial Service,Silver,SUV,FWD,31,TX,18145
Chevrolet,Equinox,2021,Petrol,Automatic,2.6,33409,188,181,1,1,,Blue,SUV,RWD,,TX,15486
Ford,F-150,2009,Diesel,,4.2,168165,320,310,4,1,No Service,White,Truck,RWD,16,CA,515
Chevrolet,Tahoe,2016,Petrol,Automatic,,118804,195,166,1,0,No Service,Brown,SUV,AWD,26,OH,16592
Mercedes-Benz,GLE,2022,Petrol,Automatic,2.8,17803,217,,1,0,No Service,Brown,SUV,AWD,26,TX,49476
Toyota,Highlander,2012,Petrol,Automatic,2.6,104368,211,185,5,1,Full Service,Silver,SUV,FWD,34,FL,6296
Nissan,Sentra,2016,Hybrid,Automatic,2.4,104923,185,181,3,0,Partial Service,,Sedan,FWD,49,,4579
Ford,Escape,2008,Petrol,,3.1,412181,229,199,4,1,Full Service,Green,SUV,AWD,29,FL,500
Nissan,Sentra,2009,Petrol,,1.4,183107,,94,3,0,Partial Service,Silver,Sedan,FWD,34,,500
BMW,5 Series,2024,Petrol,Automatic,1.9,100,147,,1,,Full Service,Silver,Sedan,FWD,33,GA,54651
BMW,X5,2019,Petrol,Automatic,2.8,43221,205,193,1,,Partial Service,Blue,SUV,FWD,,,39166
Hyundai,Santa Fe,2019,Petrol,Automatic,2.6,85697,206,,2,0,No Service,Gray,SUV,AWD,,NC,16055
Chevrolet,Tahoe,2005,Petrol,Automatic,3.3,377675,250,231,3,0,Partial Service,Blue,SUV,AWD,24,PA,500
Mercedes-Benz,C-Class,2011,Petrol,Automatic,2.3,171600,,174,2,0,Partial Service,White,Sedan,FWD,30,GA,5680
Audi,A6,2022,Electric,Automatic,0,17695,,422,1,1,No Service,Silver,Sedan,FWD,107,TX,35914
Volkswagen,Passat,2011,Petrol,Automatic,2.4,238759,188,175,3,1,Partial Service,,Sedan,AWD,30,NC,500
Honda,Pilot,2010,Petrol,Automatic,3.5,234238,275,271,4,0,Partial Service,Brown,SUV,AWD,19,NY,500
Audi,A4,2022,Petrol,Automatic,,19945,143,123,1,1,Full Service,Black,Sedan,AWD,34,NY,28563
Ford,Escape,2007,Petrol,,2.9,150527,224,,5,0,Full Service,Red,SUV,AWD,32,NY,500
Audi,Q5,2008,Petrol,Manual,,82226,197,195,3,1,No Service,Blue,SUV,FWD,30,,5332
BMW,X5,2009,Petrol,Automatic,2,218944,170,155,4,0,Partial Service,Gray,SUV,RWD,,,5921
Ford,Mustang,2022,Diesel,Manual,3.4,22675,,247,1,,Full Service,Black,Coupe,RWD,24,,23489
Nissan,Sentra,2020,Hybrid,Automatic,2,24378,166,161,2,0,Partial Service,Silver,Sedan,FWD,,,12874
Ford,F-150,2022,Petrol,Automatic,3.6,15010,266,,1,0,Partial Service,Silver,Truck,4WD,24,GA,25980
Toyota,Highlander,2015,Hybrid,,3.1,65762,244,225,3,0,Full Service,Red,SUV,AWD,44,CA,12892
Chevrolet,Equinox,2012,Petrol,Automatic,3,210786,231,218,4,,,Blue,SUV,AWD,26,NC,500
Honda,CR-V,2014,Petrol,Automatic,2.5,162684,,171,3,1,Partial Service,Green,SUV,FWD,29,NY,3114
Mercedes-Benz,GLC,2010,Diesel,Automatic,3.2,93776,243,226,3,1,Full Service,White,SUV,AWD,24,IL,8582
Volkswagen,Golf,2020,Petrol,Automatic,2,60514,168,170,3,1,Full Service,White,Hatchback,FWD,33,MI,12398
Chevrolet,Malibu,2018,Petrol,Automatic,1.7,99946,140,127,3,,Full Service,Black,Sedan,FWD,,NC,7384
Volkswagen,Passat,2012,Petrol,Automatic,1.9,92032,148,,2,0,,White,Sedan,FWD,39,TX,5553
Chevrolet,Malibu,2012,Petrol,,2.3,104547,194,,3,1,Partial Service,Blue,Sedan,FWD,,NY,2663
Chevrolet,Malibu,2005,Hybrid,Automatic,2.5,137872,184,174,3,0,Full Service,White,Sedan,FWD,,FL,500
Volkswagen,Atlas,2008,Petrol,Automatic,2.7,333617,208,220,5,1,,Green,SUV,AWD,,CA,500
Toyota,Camry,2014,Diesel,Automatic,2.2,72987,183,170,3,1,Partial Service,Gray,Sedan,FWD,33,GA,5801
BMW,3 Series,2012,Petrol,,,65859,,,4,0,Partial Service,Brown,Sedan,FWD,36,NY,11171
Nissan,Pathfinder,2007,Petrol,,2.4,275631,198,,4,1,,,SUV,FWD,33,GA,500
Volkswagen,Tiguan,2011,Petrol,,3.4,151018,253,258,3,0,Full Service,,SUV,AWD,21,,1959
Toyota,Highlander,2016,Petrol,Automatic,2.5,52765,212,218,2,1,Partial Service,Brown,SUV,AWD,30,FL,12474
Nissan,Sentra,2021,Petrol,Automatic,1.4,100,116,117,1,0,Partial Service,Red,Sedan,FWD,37,NY,15922
Ford,Escape,2021,Petrol,Automatic,3.4,23700,260,242,1,0,No Service,White,SUV,FWD,23,,17232
Mercedes-Benz,GLE,2007,Petrol,Automatic,2.4,260293,188,178,3,0,Full Service,Red,SUV,AWD,32,NC,1727
Honda,Civic,2009,Hybrid,Manual,,286659,109,99,4,1,Partial Service,,Sedan,FWD,60,,500
Honda,Civic,2012,Petrol,,1.6,125003,134,123,4,0,No Service,Brown,Sedan,AWD,39,TX,1396
Hyundai,Tucson,2016,Hybrid,Automatic,2.9,37088,205,186,2,0,No Service,Black,SUV,AWD,47,FL,10573
Hyundai,Elantra,2019,Petrol,Automatic,2.2,79488,184,157,1,1,No Service,Brown,Sedan,FWD,30,PA,7065
Nissan,Altima,2009,Petrol,,2.2,78676,185,156,3,1,No Service,,Sedan,FWD,31,,2286
Nissan,Pathfinder,2020,Petrol,Automatic,2.1,69694,169,170,2,1,Partial Service,Black,SUV,AWD,33,IL,16475
Honda,Accord,2012,Petrol,Automatic,2.4,71764,178,153,3,0,Full Service,,Sedan,AWD,31,PA,5822
BMW,5 Series,2015,Diesel,Automatic,2,47548,180,161,2,0,Partial Service,Silver,Sedan,FWD,36,IL,23850
Honda,Accord,2015,Petrol,Automatic,2.3,11820,183,185,2,0,Partial Service,Black,Sedan,FWD,31,NY,10838
Nissan,Pathfinder,2009,Petrol,Automatic,3.3,234840,254,221,3,0,,Green,SUV,AWD,,FL,500
Volkswagen,Atlas,2018,Petrol,Automatic,2,121790,157,144,2,0,Partial Service,Silver,SUV,FWD,38,IL,15378
Toyota,Highlander,2011,Petrol,Automatic,3.3,44272,261,253,4,0,,,SUV,FWD,26,GA,9663
Audi,A6,2024,Petrol,Automatic,1.4,100,109,110,1,0,,,Sedan,FWD,38,IL,53705
Honda,Pilot,2007,Petrol,Automatic,3,122077,,,3,1,Partial Service,Silver,SUV,AWD,,NC,2139
Audi,A4,2021,Petrol,Automatic,1.5,428,,,1,0,,Silver,Sedan,FWD,30,,30905
Ford,Explorer,2019,Petrol,Automatic,3.2,94926,240,237,1,,Full Service,Blue,SUV,FWD,23,GA,17885
Volkswagen,Atlas,2010,Diesel,Automatic,2.6,158822,190,185,4,1,,Blue,SUV,FWD,24,NC,2151
Chevrolet,Malibu,2019,Petrol,Automatic,,77038,115,90,1,0,Partial Service,White,Sedan,FWD,40,IL,10471
Ford,Explorer,2011,Hybrid,Automatic,3.4,89452,268,248,3,1,,Blue,SUV,FWD,51,PA,6290
BMW,3 Series,2024,Petrol,Automatic,1.6,100,123,101,1,0,Partial Service,,Sedan,AWD,36,CA,41466
Mercedes-Benz,GLC,2013,Petrol,,3.4,118852,262,235,3,,Full Service,,SUV,FWD,24,,11711
Honda,Civic,2006,Petrol,Automatic,2,228987,,149,2,0,No Service,Red,Sedan,FWD,35,PA,500
Hyundai,Tucson,2007,Petrol,,2.4,300998,189,171,5,1,Partial Service,Silver,SUV,AWD,33,MI,500
Nissan,Pathfinder,2018,Petrol,Automatic,,67614,200,193,2,1,Partial Service,Gray,SUV,AWD,36,PA,13907
Volkswagen,Passat,2010,Petrol,Manual,2.5,227420,191,180,4,1,No Service,Gray,Sedan,FWD,35,,500
BMW,X5,2021,Electric,Automatic,0,48261,287,315,1,0,Partial Service,Red,SUV,AWD,110,NC,46021
Toyota,RAV4,2005,Petrol,Automatic,3.3,230529,238,238,4,1,,,SUV,AWD,28,CA,500
Nissan,Pathfinder,2013,Petrol,Automatic,2.9,146800,220,,3,1,No Service,Silver,SUV,FWD,,PA,4360
Audi,Q7,2024,Hybrid,,2.4,100,,163,1,0,Partial Service,Brown,SUV,RWD,51,PA,58693
Volkswagen,Tiguan,2012,Petrol,Automatic,2,246708,,,3,1,Full Service,,SUV,FWD,33,PA,500
Hyundai,Sonata,2018,Petrol,Automatic,1.8,96918,138,120,2,,Partial Service,White,Sedan,FWD,39,MI,9424
BMW,5 Series,2017,Petrol,Automatic,2.5,69761,195,173,3,,Partial Service,Green,Sedan,FWD,,,23886
Audi,Q7,2006,Petrol,Automatic,2.1,124368,,181,4,,Full Service,Silver,SUV,FWD,,,6341
Audi,A4,2011,Petrol,Automatic,2.3,149744,174,170,3,1,No Service,White,Sedan,FWD,35,,4117
Nissan,Altima,2017,Electric,Automatic,0,36767,,306,2,1,,,Sedan,FWD,108,NY,9975
Chevrolet,Equinox,2014,Petrol,Automatic,3.4,127576,253,,3,1,Full Service,Brown,SUV,AWD,,CA,3916
Volkswagen,Atlas,2013,Petrol,Automatic,3,117636,210,198,2,0,No Service,Silver,SUV,AWD,25,,7397
Honda,CR-V,2012,Petrol,Automatic,2.9,183132,217,212,3,0,Full Service,Green,SUV,AWD,28,TX,1214
Volkswagen,Atlas,2022,Hybrid,Automatic,,25108,171,171,1,0,Partial Service,Black,SUV,AWD,55,NY,26733
Hyundai,Elantra,2015,Petrol,Automatic,2.5,115721,188,170,2,,Full Service,Blue,Sedan,FWD,37,IL,3840
Audi,A4,2017,Petrol,Automatic,,152554,166,145,2,0,Full Service,,Sedan,FWD,38,IL,14870
Ford,Mustang,2007,Petrol,Manual,2.9,165202,,211,4,1,Full Service,Green,Coupe,AWD,29,IL,500
Toyota,Corolla,2012,Petrol,,1.5,100,134,128,1,1,Partial Service,,Sedan,FWD,36,PA,6631
Hyundai,Sonata,2005,Petrol,Manual,1.9,268447,143,140,4,1,Partial Service,Black,Sedan,AWD,,FL,500
Audi,Q7,2018,Petrol,Automatic,2.1,86055,168,159,2,1,Partial Service,Black,SUV,AWD,33,PA,27741
Nissan,Sentra,2018,Petrol,,2.1,56993,154,121,1,0,Partial Service,White,Sedan,FWD,30,,9519
BMW,3 Series,2020,Petrol,Automatic,1.7,56498,134,,2,1,Full Service,,Sedan,AWD,36,CA,23272
Volkswagen,Atlas,2015,Electric,Automatic,0,20814,354,389,2,,Partial Service,Gray,SUV,FWD,94,OH,14613
Ford,Explorer,2014,Petrol,Automatic,,127248,224,201,1,0,Partial Service,Gray,SUV,RWD,29,TX,8492
Nissan,Rogue,2021,Petrol,Automatic,3.3,46795,244,220,1,0,Partial Service,Gray,SUV,FWD,,TX,17649
BMW,3 Series,2020,Electric,,0,65989,338,371,1,1,Full Service,White,Sedan,FWD,104,PA,23756
Mercedes-Benz,GLC,2017,Petrol,Automatic,2.3,82744,176,147,4,,Partial Service,Brown,SUV,FWD,,OH,17193
Ford,F-150,2010,Diesel,,3.4,290268,,252,4,1,Partial Service,Brown,Truck,4WD,19,FL,500
BMW,3 Series,2006,Diesel,Automatic,1.8,212147,133,,4,0,Full Service,Blue,Sedan,FWD,32,NC,500
Chevrolet,Equinox,2013,Petrol,,2.3,120673,178,,3,1,No Service,Blue,SUV,AWD,,GA,3129
Mercedes-Benz,GLE,2012,Petrol,Automatic,2.7,148559,198,184,3,1,Partial Service,Red,SUV,AWD,28,PA,11679
Chevrolet,Equinox,2008,Petrol,Automatic,3.4,226884,256,250,3,1,Partial Service,Green,SUV,RWD,,IL,500
BMW,X5,2023,Petrol,Automatic,2.3,3059,176,,1,0,Partial Service,Gray,SUV,AWD,31,TX,50477
Honda,Accord,2019,Petrol,Automatic,1.9,35865,150,149,3,0,Partial Service,Silver,Sedan,FWD,31,OH,14810
Hyundai,Tucson,2012,Diesel,Automatic,2.8,153508,221,193,2,1,Full Service,Blue,SUV,FWD,35,OH,1504
Honda,Accord,2014,Petrol,Automatic,2.2,88041,,,2,1,Partial Service,Gray,Sedan,FWD,38,OH,5650
Ford,Explorer,2006,Petrol,Manual,3,237302,202,196,3,1,Full Service,Brown,SUV,FWD,23,OH,500
Toyota,Highlander,2007,Petrol,Automatic,2.6,168903,,197,3,0,Partial Service,Red,SUV,AWD,,NC,500
Hyundai,Elantra,2021,Petrol,Automatic,2.4,60663,180,184,1,0,No Service,Silver,Sedan,FWD,31,FL,10956
Mercedes-Benz,E-Class,2017,Petrol,Automatic,,206477,108,107,3,0,Partial Service,Black,Sedan,FWD,39,NY,19611
Volkswagen,Tiguan,2009,Petrol,Manual,3.2,155164,223,214,4,0,Partial Service,Blue,SUV,FWD,31,MI,500
Toyota,Highlander,2016,Petrol,Automatic,3.3,75004,250,240,2,0,Full Service,Black,SUV,FWD,,OH,15839
Nissan,Rogue,2020,Petrol,Automatic,2.4,18203,207,190,2,0,Partial Service,Silver,SUV,FWD,28,CA,18915
Volkswagen,Passat,2021,Petrol,Automatic,1.9,37858,,156,1,0,Partial Service,Black,Sedan,FWD,33,OH,18300
Honda,CR-V,2021,Petrol,Automatic,2.8,27361,234,,1,0,Full Service,Red,SUV,AWD,29,,21337
Volkswagen,Golf,2009,Petrol,Automatic,2.1,334873,153,150,4,1,Full Service,Brown,Hatchback,FWD,,OH,500
Volkswagen,Golf,2014,Petrol,Automatic,1.8,204781,132,133,3,1,Partial Service,Black,Hatchback,FWD,,GA,500
Hyundai,Santa Fe,2021,Petrol,Automatic,3.1,16417,,215,1,0,Full Service,Blue,SUV,AWD,28,,24951
Ford,Explorer,2010,Diesel,Automatic,3.1,172812,233,,3,1,Partial Service,Brown,SUV,AWD,,NC,1523
Chevrolet,Equinox,2005,Petrol,Manual,2.1,242074,164,157,3,1,No Service,White,SUV,FWD,29,FL,500
Mercedes-Benz,C-Class,2021,Electric,Automatic,0,31697,343,377,1,0,Full Service,Green,Sedan,FWD,118,PA,32939
Ford,Escape,2014,Petrol,Automatic,2.3,131087,182,170,2,0,Partial Service,Silver,SUV,RWD,29,,4561
Honda,CR-V,2007,Petrol,Manual,2.8,103460,217,,4,,Partial Service,,SUV,RWD,36,MI,1297
Ford,F-150,2010,Petrol,Manual,,153588,273,265,4,1,Partial Service,White,Truck,RWD,30,TX,1912
Hyundai,Elantra,2007,Petrol,Automatic,1.9,107044,160,161,5,1,Partial Service,Blue,Sedan,FWD,28,NC,500
Ford,Escape,2014,Petrol,Automatic,3.1,224576,236,240,2,0,Full Service,Gray,SUV,FWD,23,GA,500
Mercedes-Benz,GLC,2020,Petrol,Automatic,2,62940,164,145,1,0,No Service,Brown,SUV,FWD,33,FL,27204
Honda,Pilot,2018,Electric,Automatic,0,70521,,,1,1,Full Service,Red,SUV,AWD,112,IL,16618
Audi,Q5,2019,Diesel,Automatic,2.8,58295,217,201,1,0,Full Service,Red,SUV,AWD,32,PA,27828
Volkswagen,Passat,2018,Petrol,Automatic,1.4,7981,133,,3,0,Full Service,Gray,Sedan,FWD,,,15750
Ford,Explorer,2015,Petrol,Automatic,3.2,49858,254,261,2,1,Full Service,Red,SUV,AWD,22,TX,11893
BMW,5 Series,2012,Petrol,Automatic,2.2,185998,165,,3,,No Service,Black,Sedan,FWD,30,IL,8061
Mercedes-Benz,GLE,2009,Diesel,Automatic,2.7,200540,214,212,4,1,No Service,Silver,SUV,FWD,32,TX,5457
Toyota,Camry,2016,Petrol,,1.4,64048,,94,1,0,Full Service,White,Sedan,FWD,42,MI,10400
Chevrolet,Equinox,2023,Hybrid,Automatic,2.4,6510,,152,1,0,Full Service,White,SUV,AWD,46,GA,24866
Nissan,Sentra,2012,Petrol,Automatic,,141587,129,119,3,0,,Silver,Sedan,FWD,39,IL,500
Mercedes-Benz,C-Class,2007,Petrol,Manual,2.4,129996,196,193,4,1,Partial Service,Blue,Sedan,FWD,35,IL,3174
BMW,3 Series,2011,Petrol,,,222082,162,141,3,0,Partial Service,,Sedan,AWD,40,NC,2789
BMW,X5,2006,Petrol,Automatic,,280458,176,169,4,1,Partial Service,Green,SUV,AWD,30,NY,500
Toyota,RAV4,2013,Petrol,Automatic,,116994,194,195,3,0,,,SUV,FWD,32,NC,5360
Mercedes-Benz,GLC,2013,Petrol,Automatic,,170493,257,247,3,0,Full Service,Green,SUV,RWD,26,IL,9698
Hyundai,Tucson,2024,Diesel,Automatic,,5241,214,201,1,0,,Green,SUV,FWD,30,CA,26694
Ford,Escape,2012,Petrol,Automatic,2.9,228966,215,207,2,1,Full Service,Green,SUV,AWD,27,CA,500
Chevrolet,Silverado,2013,Petrol,Automatic,3.5,151505,253,249,2,1,Full Service,,Truck,4WD,21,TX,5203
Toyota,Camry,2018,Petrol,Automatic,1.9,81328,162,163,1,0,Partial Service,Brown,Sedan,FWD,41,GA,10861
Nissan,Rogue,2016,Petrol,Automatic,2.7,87596,199,173,1,1,,,SUV,AWD,,CA,8194
Audi,Q5,2023,Petrol,Automatic,,28352,195,172,1,0,Full Service,Blue,SUV,AWD,34,IL,40198
Mercedes-Benz,GLE,2013,Petrol,Automatic,3,158174,232,228,3,1,Partial Service,Red,SUV,AWD,28,MI,12847
Nissan,Sentra,2017,Petrol,Automatic,1.8,83063,149,146,2,0,,Green,Sedan,FWD,33,NC,7315
Mercedes-Benz,GLE,2016,Petrol,Automatic,,129050,234,214,1,0,Partial Service,Blue,SUV,AWD,,GA,25254
BMW,5 Series,2023,Petrol,Automatic,1.6,12854,127,122,1,0,,,Sedan,AWD,36,CA,52858
BMW,X5,2007,Petrol,Manual,,112136,228,211,3,1,Partial Service,Brown,SUV,AWD,24,PA,7231
Toyota,Highlander,2021,Diesel,Automatic,,45281,201,204,1,0,Partial Service,Brown,SUV,AWD,30,PA,26315
Hyundai,Tucson,2010,Petrol,Automatic,2.2,168598,,166,3,0,Full Service,White,SUV,AWD,37,OH,500
Ford,Escape,2017,Petrol,Automatic,3.1,68896,249,237,2,1,,,SUV,FWD,26,CA,9132
Ford,Explorer,2006,Petrol,Automatic,3.1,397820,259,,3,,Partial Service,Gray,SUV,AWD,23,PA,500
Volkswagen,Tiguan,2012,Petrol,Automatic,2.8,35579,218,191,4,0,Full Service,Red,SUV,AWD,29,GA,8526
Nissan,Pathfinder,2007,Petrol,Automatic,,290152,250,252,3,0,Partial Service,Red,SUV,AWD,,,500
Volkswagen,Passat,2023,Petrol,Automatic,2.4,10500,183,178,1,,,Brown,Sedan,FWD,34,IL,19491
Audi,Q7,2016,Hybrid,Automatic,2.9,48811,,204,1,0,Partial Service,,SUV,AWD,43,GA,25182
Honda,Civic,2018,Petrol,Automatic,2.5,104931,205,190,2,1,No Service,Black,Sedan,AWD,25,GA,5550
BMW,X5,2010,Petrol,Automatic,,254799,165,151,4,,Partial Service,,SUV,AWD,35,PA,5440
Toyota,Camry,2012,Diesel,Automatic,2.5,240773,166,154,3,0,Full Service,,Sedan,FWD,37,IL,500
Toyota,RAV4,2021,Petrol,Automatic,2.7,45574,186,176,1,0,Full Service,Blue,SUV,AWD,29,NC,20416
Mercedes-Benz,GLE,2022,Petrol,Automatic,2.9,28339,218,210,1,0,Partial Service,Gray,SUV,FWD,27,TX,50103
Volkswagen,Atlas,2024,Petrol,,2,100,166,170,1,,Full Service,Silver,SUV,AWD,34,GA,36536
Mercedes-Benz,GLC,2011,Petrol,Automatic,3,198654,236,228,3,0,No Service,White,SUV,FWD,31,MI,4619
Honda,Civic,2019,Petrol,Automatic,2.2,46583,171,166,1,,Full Service,Brown,Sedan,FWD,33,PA,11792
Chevrolet,Tahoe,2021,Petrol,Automatic,2.9,62869,204,189,1,1,Partial Service,Red,SUV,AWD,,,29903
Nissan,Pathfinder,2018,Petrol,Automatic,3,99820,209,198,1,0,Partial Service,Brown,SUV,AWD,33,OH,15259
Chevrolet,Equinox,2009,Petrol,Manual,3.1,139890,222,216,3,0,Partial Service,Black,SUV,AWD,25,NC,500
Volkswagen,Passat,2012,Petrol,Automatic,2,155082,172,175,3,0,Full Service,Green,Sedan,FWD,37,NC,2206
Nissan,Rogue,2007,Petrol,,2.9,57194,224,212,4,1,,Blue,SUV,AWD,23,MI,3027
Volkswagen,Passat,2019,Petrol,Automatic,1.8,58188,,141,1,1,,Green,Sedan,FWD,34,NY,10517
BMW,X5,2019,Petrol,,3.2,36547,212,210,2,,Partial Service,Blue,SUV,AWD,29,FL,35780
Hyundai,Sonata,2008,Petrol,,,71018,178,177,3,0,Full Service,,Sedan,FWD,33,IL,2916
Nissan,Rogue,2009,Petrol,,,170821,179,162,4,,,Red,SUV,FWD,31,GA,500
Mercedes-Benz,E-Class,2015,Petrol,Automatic,1.8,70530,142,161,1,0,Partial Service,White,Sedan,FWD,38,MI,25938
Volkswagen,Passat,2009,Petrol,Automatic,2.3,197452,189,172,3,0,Partial Service,Brown,Sedan,FWD,34,FL,500
Mercedes-Benz,E-Class,2017,Petrol,Automatic,1.4,98110,109,,3,1,Full Service,Blue,Sedan,AWD,,OH,21891
Mercedes-Benz,GLE,2021,Petrol,Automatic,,8710,190,167,1,0,Partial Service,,SUV,AWD,30,FL,46491
Audi,A4,2013,Petrol,Automatic,2,179612,172,166,2,,No Service,Blue,Sedan,FWD,36,OH,5432
Audi,A6,2007,Petrol,Manual,2.4,338112,208,185,5,1,Partial Service,Red,Sedan,FWD,35,GA,500
Ford,F-150,2007,Petrol,,3.3,288553,246,225,3,1,Full Service,,Truck,4WD,23,FL,500
Ford,Mustang,2018,Petrol,Automatic,2.5,82871,204,215,1,1,Full Service,Brown,Coupe,RWD,,MI,11082
Honda,CR-V,2007,Petrol,Automatic,3.1,191441,240,239,4,0,No Service,Silver,SUV,AWD,24,CA,500
Hyundai,Tucson,2022,Petrol,Automatic,2.5,44349,167,145,1,,Partial Service,,SUV,FWD,,FL,20797
BMW,X3,2007,Petrol,Manual,3.3,122931,252,238,4,0,Partial Service,Silver,SUV,FWD,,MI,4127
Audi,Q5,2008,Petrol,Automatic,,174267,269,262,3,1,Partial Service,Brown,SUV,FWD,25,,2309
Chevrolet,Tahoe,2012,Petrol,Automatic,2.1,179708,177,173,3,1,Full Service,,SUV,AWD,32,PA,7881
Volkswagen,Golf,2017,Petrol,Automatic,1.9,78035,131,117,3,0,Full Service,Brown,Hatchback,FWD,,CA,8771
Audi,Q7,2005,Petrol,Automatic,2.1,365449,175,167,5,0,Full Service,Green,SUV,AWD,37,,500
Nissan,Sentra,2006,Petrol,Manual,,368446,182,173,5,1,Partial Service,Red,Sedan,FWD,31,NC,500
Audi,A4,2014,Diesel,,2.4,162505,186,,2,0,,Gray,Sedan,FWD,32,FL,9150
Mercedes-Benz,GLE,2020,Petrol,Automatic,2.7,24620,210,,1,0,Partial Service,Black,SUV,AWD,,,41618
Honda,CR-V,2007,Petrol,,,47586,188,177,2,0,,Green,SUV,AWD,32,NY,4250
Nissan,Rogue,2024,Petrol,Automatic,3.2,574,262,246,1,0,Full Service,Brown,SUV,RWD,25,IL,26504
BMW,3 Series,2010,Petrol,Automatic,2,177449,186,177,3,1,Full Service,Black,Sedan,AWD,,NY,3637
Audi,A6,2019,Petrol,Automatic,1.6,26091,,102,1,,No Service,Blue,Sedan,FWD,36,OH,31294
Chevrolet,Silverado,2018,Hybrid,Automatic,5.5,115219,375,349,2,0,Full Service,,Truck,4WD,17,GA,14965
BMW,X3,2013,Petrol,Automatic,2.6,188715,183,,4,1,Full Service,Gray,SUV,FWD,28,CA,6885
Toyota,Highlander,2018,Petrol,,,67342,269,253,2,1,No Service,Green,SUV,AWD,18,,13260
Honda,CR-V,2008,Diesel,Automatic,3.2,119740,231,220,4,0,,Blue,SUV,AWD,24,CA,1227
Volkswagen,Tiguan,2024,Petrol,Automatic,3.5,100,264,249,1,0,No Service,Silver,SUV,AWD,27,FL,24129
Ford,Explorer,2011,Petrol,Automatic,3.4,124442,249,242,2,,,Blue,SUV,AWD,28,CA,4575
Volkswagen,Atlas,2022,Hybrid,Automatic,2.3,18417,177,157,1,0,Partial Service,White,SUV,AWD,53,GA,28126
Audi,A4,2019,Diesel,Automatic,1.9,42297,172,146,3,0,No Service,Silver,Sedan,FWD,29,MI,21860
Hyundai,Sonata,2023,Petrol,Automatic,1.6,22723,138,,1,0,Full Service,,Sedan,AWD,35,FL,20538
BMW,X5,2017,Petrol,Automatic,2.7,2175,209,185,2,0,Partial Service,,SUV,AWD,31,PA,31828
Volkswagen,Atlas,2009,Petrol,Automatic,2.1,144190,176,173,3,1,Full Service,Red,SUV,AWD,,IL,2463
Honda,Accord,2008,Petrol,Automatic,,269318,158,141,3,1,Full Service,Green,Sedan,FWD,37,FL,500
Volkswagen,Passat,2019,Petrol,Automatic,2.4,52069,180,169,2,0,Partial Service,Silver,Sedan,FWD,30,TX,14089
Honda,Pilot,2020,Diesel,,3.3,67431,256,242,1,0,Full Service,Black,SUV,FWD,28,FL,24582
BMW,3 Series,2011,Diesel,Automatic,2.5,111695,186,173,3,0,,Blue,Sedan,FWD,26,IL,7725
Ford,Explorer,2009,Petrol,Automatic,2.4,236805,195,179,4,1,Partial Service,,SUV,AWD,30,PA,500
Ford,F-150,2012,Petrol,Automatic,,62636,395,384,2,,,Blue,Truck,4WD,10,GA,8756
Hyundai,Santa Fe,2016,Petrol,Automatic,3.5,132549,258,248,1,1,,Brown,SUV,AWD,19,NY,7677
BMW,X5,2022,Petrol,Automatic,2.1,13325,167,151,1,1,,Blue,SUV,AWD,28,IL,38770
Ford,Escape,2011,Petrol,,2.8,102603,221,216,4,1,Partial Service,Red,SUV,AWD,,GA,3142
Honda,Accord,2021,Petrol,Automatic,,47451,213,203,1,1,Partial Service,Red,Sedan,FWD,30,NY,15359
Chevrolet,Tahoe,2009,Petrol,Automatic,3.2,216976,259,230,4,1,,Brown,SUV,AWD,26,NC,2404
Honda,Pilot,2013,Petrol,,3.2,150910,242,,2,1,No Service,Blue,SUV,AWD,22,PA,5409
Ford,F-150,2012,Petrol,Automatic,4.6,163066,327,305,3,,No Service,Green,Truck,4WD,,MI,2685
Honda,Accord,2020,Hybrid,Automatic,2.3,80111,151,125,2,0,Partial Service,Black,Sedan,FWD,,GA,13835
Mercedes-Benz,GLC,2022,Petrol,Automatic,,17659,263,241,1,0,,Black,SUV,AWD,15,IL,33453
Honda,CR-V,2012,Petrol,Automatic,2.2,156299,180,168,3,0,No Service,Black,SUV,AWD,28,,2166
Mercedes-Benz,GLC,2015,Petrol,,3.4,71261,271,276,3,0,Full Service,Red,SUV,AWD,26,NC,18777
Volkswagen,Golf,2020,Petrol,Automatic,2.1,61317,174,176,2,,Partial Service,Silver,Hatchback,FWD,35,,11560
Volkswagen,Tiguan,2009,Petrol,Automatic,3.2,183183,245,235,4,0,,Silver,SUV,FWD,21,CA,500
Chevrolet,Malibu,2019,Electric,,0,47755,346,380,2,1,,Black,Sedan,FWD,108,NC,10647
Nissan,Altima,2020,Electric,Automatic,0,57475,360,396,2,1,,Brown,Sedan,FWD,122,NY,10845
Hyundai,Tucson,2022,Electric,Automatic,0,31773,313,344,1,0,Full Service,Blue,SUV,AWD,108,NC,21960
Ford,Mustang,2022,Hybrid,Manual,3.4,40162,,232,1,0,Full Service,Brown,Coupe,RWD,48,PA,21861
Mercedes-Benz,GLE,2017,Petrol,Automatic,2.7,104767,218,216,1,1,,Silver,SUV,AWD,28,NC,22513
Hyundai,Tucson,2005,Petrol,Automatic,2.1,268891,,160,4,0,Partial Service,,SUV,AWD,33,GA,500
Honda,CR-V,2012,Petrol,Automatic,3.4,43544,265,243,2,0,Full Service,Brown,SUV,AWD,26,NC,8217
Volkswagen,Tiguan,2020,Petrol,Automatic,3.3,5230,250,247,1,0,Partial Service,Silver,SUV,AWD,21,CA,20021
Audi,Q5,2008,Petrol,Automatic,3.4,218160,254,244,5,0,Partial Service,Green,SUV,AWD,,TX,632
Nissan,Sentra,2013,Petrol,,2,96958,139,123,2,1,Full Service,Silver,Sedan,FWD,39,,3014
Ford,Mustang,2011,Petrol,Manual,4.4,179843,336,305,2,,No Service,,Coupe,AWD,20,FL,500
Mercedes-Benz,GLC,2007,Petrol,Automatic,3.1,161004,236,237,3,1,Full Service,Blue,SUV,AWD,25,OH,2904
Nissan,Sentra,2019,Hybrid,Automatic,1.8,48076,148,144,1,0,Full Service,Gray,Sedan,FWD,37,OH,11548
Hyundai,Elantra,2007,Petrol,Automatic,1.4,344944,122,118,3,0,Full Service,,Sedan,FWD,36,TX,500
Ford,Mustang,2007,Petrol,Manual,3.2,285035,237,219,3,,Full Service,,Coupe,RWD,30,NY,500
Honda,CR-V,2016,Petrol,Automatic,2.7,92766,,178,2,1,Partial Service,Red,SUV,FWD,29,IL,8087
Nissan,Altima,2014,Petrol,Automatic,,58309,,112,1,1,No Service,,Sedan,AWD,,PA,5327
Volkswagen,Tiguan,2008,Hybrid,,,115583,161,154,2,0,Full Service,Red,SUV,FWD,44,OH,1711
Nissan,Rogue,2013,Petrol,Automatic,2.3,154232,191,169,3,0,No Service,Black,SUV,AWD,33,NC,2706
Audi,A6,2021,Petrol,Automatic,2.4,1339,171,163,1,0,No Service,Green,Sedan,AWD,31,GA,36817
Volkswagen,Tiguan,2021,Petrol,Automatic,,63214,280,264,1,0,Partial Service,Gray,SUV,AWD,29,TX,16894
Nissan,Pathfinder,2015,Petrol,Automatic,2.3,97407,178,,2,0,Partial Service,Blue,SUV,AWD,35,PA,9858
Mercedes-Benz,GLE,2012,Hybrid,Automatic,3,209717,,200,3,0,Full Service,Blue,SUV,AWD,51,GA,13117
Hyundai,Tucson,2023,Petrol,Automatic,2.8,4106,203,204,1,0,Partial Service,Blue,SUV,AWD,32,OH,22238
Chevrolet,Equinox,2012,Petrol,Automatic,3.2,73547,253,235,2,,Partial Service,Green,SUV,AWD,25,NY,4857
Honda,Civic,2016,Hybrid,Automatic,1.4,49891,110,104,3,0,Full Service,Black,Sedan,FWD,54,,7929
BMW,X5,2017,Hybrid,Automatic,2.4,117960,199,182,1,1,,,SUV,FWD,,TX,22978
Volkswagen,Atlas,2006,Petrol,Automatic,2.6,291718,192,182,5,0,,Red,SUV,AWD,30,TX,500
Toyota,RAV4,2011,Petrol,Automatic,2.8,140742,209,219,4,1,Full Service,Brown,SUV,AWD,32,,1946
Ford,Escape,2010,Petrol,Automatic,2.8,172447,,214,3,0,Partial Service,Gray,SUV,FWD,33,,500
Ford,Escape,2008,Petrol,Manual,3.2,233906,249,270,3,0,Partial Service,Green,SUV,FWD,26,,500
Ford,F-150,2011,Petrol,Automatic,4.9,235914,358,320,3,1,Full Service,Brown,Truck,RWD,11,FL,500
Honda,CR-V,2024,Diesel,Automatic,3.3,100,261,253,1,0,No Service,,SUV,AWD,19,,26432
Toyota,RAV4,2019,Diesel,Automatic,3.3,70291,243,209,1,0,Full Service,Brown,SUV,AWD,19,GA,15347
BMW,X3,2008,Petrol,Automatic,2.8,254131,225,215,3,,Partial Service,,SUV,FWD,25,OH,500
Chevrolet,Silverado,2007,Petrol,Automatic,3,242195,240,243,4,1,Partial Service,Brown,Truck,4WD,25,MI,500
Mercedes-Benz,E-Class,2016,Hybrid,Automatic,1.8,14065,138,135,2,1,Full Service,,Sedan,FWD,44,GA,25612
Mercedes-Benz,C-Class,2013,Petrol,Automatic,2.5,176573,185,176,3,1,No Service,Blue,Sedan,AWD,36,CA,6017
Hyundai,Tucson,2005,Petrol,,,155491,166,163,4,1,,Green,SUV,RWD,36,TX,500
Ford,Explorer,2008,Petrol,Automatic,2.8,183896,233,221,3,,Partial Service,Green,SUV,AWD,31,IL,500
Toyota,Corolla,2020,Diesel,Automatic,2.4,89078,,161,1,0,Full Service,Gray,Sedan,FWD,33,FL,10961
Audi,Q7,2008,Petrol,Automatic,2.9,65422,233,213,4,,No Service,Silver,SUV,AWD,27,IL,10063
Mercedes-Benz,C-Class,2012,Petrol,Automatic,1.9,133788,151,126,3,0,,Silver,Sedan,FWD,32,PA,9290
Mercedes-Benz,GLE,2006,Petrol,Automatic,2.9,362737,226,207,4,0,Partial Service,Brown,SUV,FWD,26,GA,500
Audi,Q5,2010,Petrol,Automatic,2.3,151976,,167,4,1,Full Service,Brown,SUV,AWD,32,NC,5285
Volkswagen,Atlas,2015,Hybrid,Automatic,3,74869,227,,2,1,Partial Service,Green,SUV,AWD,,GA,10727
Chevrolet,Silverado,2011,Petrol,Manual,4.9,237692,353,336,3,1,,,Truck,4WD,14,OH,500
Toyota,Highlander,2014,Petrol,Automatic,2.5,67395,191,174,2,1,Partial Service,Red,SUV,AWD,,CA,9773
Chevrolet,Malibu,2007,Petrol,Automatic,2.4,289502,189,186,3,1,Full Service,Red,Sedan,FWD,,IL,500
Ford,Mustang,2006,Petrol,Automatic,4.5,217812,345,330,5,0,Full Service,Red,Coupe,RWD,13,CA,500
Chevrolet,Malibu,2018,Petrol,,1.4,86061,136,124,2,0,No Service,Green,Sedan,FWD,45,PA,8549
Mercedes-Benz,GLE,2019,Petrol,Automatic,3.2,93052,248,226,2,1,Partial Service,Red,SUV,AWD,23,,28179
Nissan,Sentra,2008,Diesel,Automatic,1.4,90578,,95,4,0,,Silver,Sedan,FWD,41,CA,715
Chevrolet,Silverado,2006,Petrol,Manual,3.2,244672,244,230,3,0,Partial Service,White,Truck,4WD,26,TX,500
Hyundai,Tucson,2009,Petrol,Automatic,,207641,,220,3,0,Partial Service,,SUV,AWD,23,,500
Audi,Q5,2008,Petrol,Automatic,,121905,229,214,4,1,No Service,Blue,SUV,FWD,26,PA,4023
Honda,Civic,2012,Petrol,,2.2,41071,172,,3,0,Partial Service,Silver,Sedan,AWD,35,,5505
Ford,Explorer,2008,Hybrid,Automatic,3.3,169530,261,,5,0,Full Service,Black,SUV,AWD,40,MI,500
Audi,Q7,2014,Hybrid,,3.1,113465,238,212,2,1,,White,SUV,RWD,44,CA,17854
Audi,Q5,2005,Petrol,Automatic,3.4,257096,252,239,4,0,Partial Service,Brown,SUV,AWD,17,PA,500
BMW,X5,2013,Petrol,Automatic,3.3,126626,245,225,3,1,Full Service,Brown,SUV,FWD,24,,14705
Mercedes-Benz,GLE,2019,Petrol,Automatic,2.2,29551,180,158,1,,Partial Service,,SUV,AWD,31,,39103
Hyundai,Elantra,2006,Petrol,Manual,1.7,293037,133,115,4,1,Full Service,Blue,Sedan,AWD,37,TX,500
Audi,Q7,2019,Petrol,Automatic,2.4,49703,,176,3,0,Full Service,Blue,SUV,AWD,31,MI,36629
BMW,3 Series,2018,Diesel,,2,75170,167,168,2,1,Partial Service,Green,Sedan,FWD,,MI,18076
BMW,3 Series,2012,Petrol,Automatic,,210174,157,136,4,0,Full Service,Green,Sedan,FWD,37,PA,5184
Ford,F-150,2005,Petrol,Automatic,4.4,363672,332,297,4,1,Partial Service,Blue,Truck,4WD,19,PA,500
Nissan,Sentra,2022,Petrol,,2.4,32716,205,192,1,,Partial Service,Blue,Sedan,FWD,28,,15876
Chevrolet,Equinox,2019,Petrol,Automatic,2.6,99023,215,228,2,1,Full Service,,SUV,AWD,25,PA,11737
Hyundai,Tucson,2012,Petrol,Automatic,,68097,267,,4,0,Full Service,Gray,SUV,AWD,,PA,6719
Chevrolet,Tahoe,2016,Petrol,Automatic,2.9,94999,230,225,3,1,,Blue,SUV,AWD,30,PA,17198
Nissan,Rogue,2010,Petrol,,,93291,164,142,4,1,,Green,SUV,AWD,33,CA,2935
Audi,A4,2019,Hybrid,Automatic,,52474,128,114,1,0,No Service,Gray,Sedan,FWD,49,IL,21535
Ford,Mustang,2016,Petrol,Automatic,5,149504,,350,2,0,Partial Service,Brown,Coupe,RWD,23,CA,6911
Mercedes-Benz,C-Class,2022,Petrol,Automatic,,28260,,179,1,1,Full Service,Green,Sedan,FWD,29,NC,32741
Ford,Escape,2014,Petrol,Automatic,,288,258,236,1,0,No Service,Gray,SUV,FWD,27,PA,10872
Chevrolet,Silverado,2019,Petrol,Automatic,4.3,59078,324,324,2,1,Full Service,Gray,Truck,4WD,23,PA,16249
Toyota,RAV4,2021,Petrol,Automatic,2.4,38172,176,,1,0,Full Service,Brown,SUV,FWD,34,OH,22910
Volkswagen,Tiguan,2006,Petrol,Manual,,225581,255,229,5,0,Full Service,Blue,SUV,AWD,27,FL,500
Volkswagen,Golf,2007,Petrol,Automatic,1.6,36567,133,,4,1,No Service,Black,Hatchback,FWD,42,GA,2507
Audi,A6,2019,Hybrid,Automatic,2.2,79741,181,184,2,0,Full Service,Green,Sedan,FWD,51,GA,33216
Honda,CR-V,2014,Diesel,Automatic,3.4,66778,254,247,2,1,Full Service,,SUV,AWD,25,TX,7902
Audi,A4,2013,Petrol,Automatic,,177149,,129,4,1,Partial Service,,Sedan,FWD,35,,5686
Toyota,RAV4,2007,Petrol,Automatic,2.4,277804,200,,4,,,Silver,SUV,RWD,33,PA,500
BMW,X3,2007,Petrol,Automatic,2.2,176903,,169,5,0,No Service,Black,SUV,AWD,33,TX,1805
Volkswagen,Atlas,2007,Petrol,Manual,,306779,,209,4,1,Full Service,Brown,SUV,AWD,,CA,500
Honda,Accord,2006,Petrol,Manual,2.5,122239,183,161,5,0,Partial Service,Black,Sedan,FWD,32,PA,500
Nissan,Altima,2005,Petrol,Automatic,,188539,149,154,5,0,,Green,Sedan,FWD,34,,500
Volkswagen,Atlas,2019,Petrol,Automatic,2.6,15633,205,194,2,0,Full Service,,SUV,FWD,33,MI,21205
BMW,X3,2020,Hybrid,Automatic,2.4,95804,178,169,2,,No Service,Brown,SUV,FWD,46,NY,24460
BMW,5 Series,2007,Petrol,Automatic,2.3,184477,177,177,4,0,Full Service,,Sedan,FWD,29,,4052
Toyota,Camry,2016,Electric,Automatic,0,125280,395,434,3,,Partial Service,Gray,Sedan,FWD,,NC,5261
Volkswagen,Passat,2007,Petrol,Automatic,1.5,268307,128,125,2,,Full Service,Silver,Sedan,FWD,36,NC,500
Chevrolet,Malibu,2006,Petrol,Manual,1.9,177487,151,159,4,1,No Service,Blue,Sedan,FWD,33,NC,500
Mercedes-Benz,C-Class,2008,Petrol,Automatic,1.6,329881,,128,4,,Full Service,Red,Sedan,FWD,43,TX,500
Mercedes-Benz,E-Class,2007,Petrol,Automatic,,64105,113,100,3,1,Partial Service,,Sedan,FWD,34,CA,8712
Mercedes-Benz,GLE,2012,Petrol,Automatic,,122002,211,190,4,0,Full Service,,SUV,FWD,,PA,14513
BMW,3 Series,2014,Petrol,Automatic,1.6,157798,131,,4,0,,Black,Sedan,FWD,30,GA,10062
Volkswagen,Atlas,2019,Petrol,Automatic,2.6,66076,195,176,3,0,No Service,Brown,SUV,AWD,32,,16961
Hyundai,Sonata,2019,Petrol,Automatic,2.2,62062,167,163,1,0,Partial Service,Silver,Sedan,FWD,32,CA,13258
Honda,CR-V,2015,Hybrid,Automatic,2.8,87447,218,208,4,1,Partial Service,Brown,SUV,AWD,43,,6633
Mercedes-Benz,GLE,2008,Petrol,Automatic,2.1,242838,182,187,5,1,No Service,Gray,SUV,AWD,37,MI,2715
Chevrolet,Malibu,2012,Petrol,Automatic,2.5,167310,,170,4,1,Partial Service,Black,Sedan,FWD,34,NY,500
Nissan,Pathfinder,2007,Petrol,Automatic,,53505,230,239,4,0,Full Service,Gray,SUV,AWD,26,,5117
Toyota,Corolla,2024,Petrol,Automatic,2.1,5893,181,186,1,0,Full Service,Blue,Sedan,FWD,33,MI,21715
BMW,X3,2008,Petrol,Automatic,2,259021,152,140,3,1,No Service,Silver,SUV,AWD,32,,500
Audi,A4,2008,Petrol,Manual,1.6,256536,115,116,3,1,No Service,White,Sedan,FWD,36,NY,500
Toyota,Corolla,2011,Petrol,Automatic,2.4,202804,180,163,3,1,Full Service,Gray,Sedan,AWD,40,FL,500
Hyundai,Santa Fe,2009,Petrol,Automatic,2.2,150173,189,167,4,1,Full Service,Red,SUV,FWD,30,GA,1359
Volkswagen,Tiguan,2007,Diesel,Automatic,2.6,106275,213,193,5,1,Partial Service,Gray,SUV,AWD,26,GA,1199
Ford,Explorer,2014,Petrol,Automatic,2.3,108766,191,,3,,Full Service,Silver,SUV,AWD,32,OH,7975
Hyundai,Sonata,2016,Petrol,Automatic,,135499,146,163,3,0,Full Service,Silver,Sedan,FWD,33,PA,5704
Hyundai,Tucson,2006,Petrol,Manual,3.4,163182,264,249,4,1,Full Service,Brown,SUV,FWD,,NY,500
Volkswagen,Passat,2011,Petrol,,2.5,267160,191,170,2,1,,Red,Sedan,FWD,,MI,500
BMW,X5,2013,Petrol,,3.3,111774,243,239,2,,Partial Service,Blue,SUV,FWD,26,FL,14342
Mercedes-Benz,E-Class,2006,Petrol,Automatic,,45625,153,145,3,0,,Blue,Sedan,FWD,36,,10453
Ford,Explorer,2015,Hybrid,Automatic,3.4,132713,244,219,3,0,Full Service,White,SUV,AWD,49,NC,10208
Toyota,Corolla,2009,Petrol,Manual,2.4,172885,187,,3,1,No Service,Silver,Sedan,FWD,30,TX,500
Audi,A6,2007,Petrol,Automatic,2.1,205096,150,164,3,,Partial Service,Red,Sedan,AWD,32,IL,3110
Volkswagen,Passat,2008,Petrol,Manual,2.3,259135,194,196,5,0,Full Service,Black,Sedan,FWD,33,TX,500
Ford,Explorer,2010,Petrol,Automatic,2.6,226093,209,199,3,1,Full Service,Green,SUV,AWD,33,TX,500
Ford,Escape,2013,Petrol,Automatic,,172564,193,196,4,0,Partial Service,Red,SUV,FWD,31,PA,1523
Hyundai,Elantra,2022,Petrol,Automatic,1.7,22615,127,117,1,0,Full Service,Silver,Sedan,FWD,29,CA,16868
Volkswagen,Tiguan,2021,Hybrid,Automatic,3.3,42721,250,244,1,0,Partial Service,White,SUV,AWD,34,OH,19483
Volkswagen,Atlas,2010,Petrol,Automatic,2.9,238671,232,222,3,1,Full Service,Gray,SUV,AWD,28,GA,500
Honda,Accord,2020,Petrol,Automatic,2,2944,185,175,1,0,Full Service,Red,Sedan,AWD,,OH,20745
Ford,Escape,2021,Hybrid,Automatic,2.5,37755,198,190,1,0,Full Service,Blue,SUV,FWD,,GA,19581
Volkswagen,Golf,2022,Petrol,Automatic,2.4,25888,198,190,1,0,Full Service,Silver,Hatchback,FWD,31,GA,19276
Ford,Explorer,2006,Petrol,Automatic,2.2,296603,164,146,5,1,,Red,SUV,RWD,34,,500
Volkswagen,Golf,2008,Diesel,Automatic,1.9,223591,160,149,4,0,Full Service,,Hatchback,AWD,37,MI,500
Ford,Explorer,2015,Petrol,Automatic,2.4,117933,,194,2,1,Partial Service,Black,SUV,FWD,35,TX,8252
Nissan,Rogue,2013,Petrol,Automatic,2.9,142107,236,221,3,1,,Green,SUV,AWD,22,MI,3363
Mercedes-Benz,E-Class,2016,Petrol,Automatic,1.6,49185,124,135,2,1,Full Service,Green,Sedan,FWD,41,,22081
BMW,X5,2020,Diesel,Automatic,2.1,67264,163,149,1,,Full Service,Red,SUV,AWD,31,MI,42990
Mercedes-Benz,GLE,2016,Petrol,Automatic,3.1,45895,235,225,2,1,No Service,Green,SUV,FWD,31,IL,19823
Chevrolet,Silverado,2016,Petrol,Automatic,4.4,91154,318,295,3,1,Partial Service,Brown,Truck,4WD,10,NY,9986
Honda,Accord,2017,Petrol,Automatic,1.7,5343,151,,2,0,Full Service,Green,Sedan,FWD,34,NC,15234
BMW,X5,2005,Petrol,Automatic,2.7,379080,206,203,4,1,Partial Service,Gray,SUV,FWD,32,IL,500
Mercedes-Benz,GLE,2006,Petrol,Manual,2.7,100,200,192,4,,Full Service,Silver,SUV,AWD,31,GA,11165
Ford,Escape,2013,Petrol,Automatic,2,227176,159,157,3,,Partial Service,Green,SUV,AWD,34,OH,500
Chevrolet,Equinox,2013,Petrol,Automatic,2.5,134279,197,192,3,0,No Service,Blue,SUV,AWD,,MI,2878
Ford,F-150,2009,Petrol,Automatic,3.4,377289,255,255,3,1,Partial Service,Black,Truck,RWD,,GA,500
Toyota,Highlander,2020,Hybrid,Automatic,,87365,197,161,1,1,Partial Service,Black,SUV,AWD,53,GA,17451
Nissan,Pathfinder,2007,Petrol,,2,179666,165,155,3,1,Partial Service,Blue,SUV,AWD,37,MI,500
Hyundai,Tucson,2005,Petrol,Automatic,2.1,348673,168,160,5,1,,Black,SUV,FWD,31,NC,500
Toyota,Corolla,2021,Petrol,Automatic,,23235,121,112,1,0,Full Service,White,Sedan,FWD,41,TX,15459
Mercedes-Benz,E-Class,2006,Petrol,Manual,1.5,100722,125,139,4,1,,Black,Sedan,FWD,37,MI,6229
Nissan,Pathfinder,2010,Petrol,Manual,2.6,262782,201,204,4,0,No Service,,SUV,AWD,28,,500
Mercedes-Benz,E-Class,2020,Hybrid,Automatic,,46660,,160,2,0,No Service,Green,Sedan,FWD,,,32901
Hyundai,Sonata,2010,Diesel,Automatic,2.4,254198,,154,4,0,Full Service,Brown,Sedan,FWD,30,,500
Mercedes-Benz,GLC,2005,Petrol,Automatic,2.5,213355,170,141,4,1,Partial Service,Gray,SUV,FWD,35,NC,500
Nissan,Rogue,2021,Hybrid,Automatic,3.4,90668,268,248,1,1,No Service,Red,SUV,AWD,34,TX,12073
Ford,Mustang,2023,Petrol,Automatic,4.1,22668,311,305,1,,Partial Service,Red,Coupe,RWD,18,NY,25108
Toyota,RAV4,2010,Petrol,Automatic,2.2,331115,182,175,4,1,Partial Service,,SUV,FWD,,NC,500
Nissan,Pathfinder,2021,Petrol,Automatic,3.5,36815,266,248,1,0,Full Service,Black,SUV,FWD,25,PA,27486
Mercedes-Benz,GLC,2010,Petrol,Manual,2.6,115430,201,,4,1,Full Service,,SUV,FWD,27,PA,7522
Chevrolet,Malibu,2012,Petrol,Automatic,2.4,139640,,161,2,1,Full Service,Red,Sedan,AWD,,NC,1238
Hyundai,Elantra,2007,Petrol,Manual,1.7,129088,142,134,4,1,,Red,Sedan,AWD,36,,500
Volkswagen,Atlas,2018,Petrol,Automatic,3.4,57673,253,243,1,0,Full Service,Blue,SUV,AWD,21,GA,19024
Nissan,Pathfinder,2012,Petrol,Automatic,2.6,58760,210,180,3,1,Partial Service,Blue,SUV,AWD,30,NC,7954
Mercedes-Benz,GLE,2015,Petrol,Automatic,3.3,123123,246,246,3,1,Partial Service,Gray,SUV,AWD,31,NC,20202
Nissan,Rogue,2015,Electric,Automatic,0,132028,,387,2,,Full Service,Silver,SUV,AWD,109,,6276
Volkswagen,Tiguan,2020,Petrol,Automatic,2.9,79070,194,190,1,1,Partial Service,Green,SUV,AWD,26,,14395
Audi,A4,2016,Hybrid,Automatic,2.5,100,193,195,2,1,No Service,Black,Sedan,FWD,42,GA,15118
Nissan,Pathfinder,2011,Petrol,Manual,2.3,172729,177,177,4,1,No Service,Gray,SUV,AWD,33,MI,1960
Nissan,Rogue,2008,Hybrid,Manual,2.5,74668,193,182,5,1,,Brown,SUV,AWD,32,TX,2475
BMW,3 Series,2008,Diesel,Manual,2.4,24207,,,2,1,,Blue,Sedan,FWD,36,PA,7455
Ford,Explorer,2009,Petrol,Automatic,3.4,240023,251,251,3,1,Partial Service,Red,SUV,FWD,21,GA,500
Audi,A6,2010,Petrol,Automatic,,144585,140,138,3,1,Full Service,Blue,Sedan,FWD,,PA,8023
Audi,A4,2023,Diesel,Automatic,2.3,8127,180,162,1,,,Silver,Sedan,FWD,33,CA,29191
Honda,Pilot,2009,Hybrid,Automatic,3.5,168407,248,232,4,,Full Service,Blue,SUV,AWD,41,OH,1617
Honda,CR-V,2022,Diesel,Automatic,3,18493,236,216,1,0,Partial Service,Blue,SUV,AWD,,PA,22216
Chevrolet,Silverado,2024,Petrol,Automatic,3.4,4143,263,236,1,0,Partial Service,Silver,Truck,4WD,23,MI,34867
Honda,Accord,2007,Petrol,Automatic,1.8,251468,149,128,5,0,Partial Service,,Sedan,FWD,37,,500
Mercedes-Benz,GLE,2016,Petrol,Automatic,3.4,48259,267,,1,0,Full Service,Green,SUV,AWD,22,NY,28255
Audi,A6,2021,Hybrid,Automatic,1.9,46778,163,157,1,0,Full Service,Red,Sedan,AWD,55,TX,41667
Chevrolet,Malibu,2023,Petrol,Automatic,2,25827,150,147,1,,Partial Service,White,Sedan,FWD,,IL,20818
Volkswagen,Passat,2020,Diesel,Automatic,2.1,20098,176,188,1,,Full Service,Green,Sedan,FWD,35,CA,20052
Volkswagen,Passat,2006,Petrol,Automatic,2.1,293921,156,158,4,0,Partial Service,Red,Sedan,AWD,32,FL,500
Nissan,Altima,2006,Petrol,Automatic,2.4,143541,196,,2,0,Full Service,White,Sedan,FWD,30,FL,500
Ford,F-150,2005,Petrol,Automatic,3.6,229653,264,251,5,1,Full Service,Brown,Truck,4WD,18,MI,500
Volkswagen,Golf,2023,Petrol,Automatic,,6380,199,188,1,0,,Black,Hatchback,AWD,27,,21835
Honda,Civic,2021,Electric,Automatic,0,8914,,273,1,,Full Service,Green,Sedan,AWD,118,NY,17955
Chevrolet,Tahoe,2019,Petrol,Automatic,,54874,238,226,1,0,Full Service,Green,SUV,AWD,30,GA,32126
Audi,Q5,2010,Diesel,Automatic,3.4,99096,263,232,3,1,Partial Service,Blue,SUV,FWD,25,NC,7345
Hyundai,Sonata,2016,Petrol,Automatic,1.8,142630,148,145,2,1,Partial Service,Blue,Sedan,FWD,34,NC,4139
Mercedes-Benz,GLC,2020,Petrol,Automatic,,40679,191,176,1,0,Full Service,Blue,SUV,AWD,32,MI,32468
BMW,X3,2017,Petrol,Automatic,2.8,125178,224,218,2,0,No Service,White,SUV,FWD,27,TX,18121
Ford,F-150,2022,Petrol,Automatic,3.5,100,254,236,1,0,Full Service,Green,Truck,4WD,27,,30874
Chevrolet,Equinox,2005,Diesel,Automatic,2.4,96662,,183,4,1,Partial Service,Brown,SUV,AWD,27,PA,500
Ford,Explorer,2024,Petrol,Automatic,2.8,5367,227,212,1,0,No Service,Black,SUV,FWD,28,GA,33868
Volkswagen,Tiguan,2020,Petrol,Automatic,2.3,48939,177,196,1,0,Partial Service,Gray,SUV,RWD,,CA,16701
Toyota,Highlander,2020,Hybrid,Automatic,3.1,112616,,221,3,1,,Brown,SUV,FWD,39,OH,13535
Ford,F-150,2024,Petrol,Automatic,4.3,100,,298,1,0,Full Service,Green,Truck,4WD,,MI,32763
Audi,Q7,2024,Petrol,,3.5,100,254,268,1,0,,White,SUV,AWD,20,CA,55499
Ford,Escape,2009,Petrol,Automatic,3.4,128966,264,251,3,0,,Black,SUV,AWD,26,,1002
Hyundai,Tucson,2020,Petrol,Automatic,2.6,2952,206,,1,,Full Service,Green,SUV,RWD,25,NY,19882
Nissan,Altima,2014,Petrol,Automatic,1.6,101057,133,120,2,0,Full Service,White,Sedan,FWD,35,MI,5952
Ford,Escape,2015,Petrol,Automatic,2.9,58365,217,,2,0,Partial Service,,SUV,AWD,26,,9366
Volkswagen,Golf,2013,Petrol,Automatic,1.9,168905,163,149,4,1,No Service,Blue,Hatchback,FWD,29,GA,573
Honda,Civic,2007,Petrol,Automatic,2.1,166594,163,158,4,1,,Blue,Sedan,FWD,31,MI,500
Hyundai,Santa Fe,2012,Petrol,Automatic,2.4,19095,185,184,4,0,Partial Service,Gray,SUV,AWD,32,OH,10437
Chevrolet,Tahoe,2011,Petrol,Automatic,2.8,174112,186,,3,0,,,SUV,AWD,,TX,7729
Nissan,Pathfinder,2006,Petrol,Automatic,2.3,203143,184,193,3,1,No Service,Green,SUV,AWD,26,,500
Ford,Mustang,2010,Diesel,Manual,4.6,272886,343,310,3,1,Partial Service,White,Coupe,RWD,15,NC,500
Volkswagen,Golf,2011,Petrol,Manual,1.6,212749,137,126,4,1,Partial Service,Red,Hatchback,FWD,39,OH,500
Hyundai,Sonata,2005,Petrol,Automatic,2.5,231998,184,174,4,0,Full Service,Brown,Sedan,FWD,32,,500
Volkswagen,Passat,2018,Petrol,Automatic,1.5,8045,,115,1,0,Partial Service,Green,Sedan,FWD,41,MI,15532
Ford,Mustang,2010,Petrol,Manual,4.3,262455,322,298,4,0,Partial Service,White,Coupe,RWD,16,IL,500
Nissan,Pathfinder,2006,Petrol,Manual,2.4,354554,184,184,4,1,Partial Service,Silver,SUV,AWD,28,GA,500
Honda,Civic,2021,Petrol,Automatic,1.8,61978,,144,1,,Partial Service,Green,Sedan,AWD,,FL,11025
Audi,Q5,2024,Petrol,,3.3,563,257,245,1,0,No Service,Brown,SUV,FWD,25,NY,41411
Hyundai,Tucson,2017,Petrol,Automatic,2.5,89610,211,204,1,0,No Service,White,SUV,AWD,26,CA,8771
Ford,Mustang,2016,Petrol,,2.7,138217,,212,2,1,Partial Service,Blue,Coupe,RWD,32,,6110
Audi,A6,2022,Diesel,Automatic,2.1,25595,164,155,1,0,,Green,Sedan,FWD,34,,44425
Honda,Accord,2017,Petrol,,,71352,,96,1,0,Partial Service,,Sedan,FWD,40,PA,10708
Hyundai,Sonata,2024,Diesel,Automatic,2.5,100,193,171,1,0,Partial Service,White,Sedan,FWD,30,IL,23488
Mercedes-Benz,C-Class,2015,Petrol,Automatic,2.5,98713,183,177,2,1,Full Service,Brown,Sedan,FWD,31,NC,13934
Nissan,Pathfinder,2021,Petrol,Automatic,2.9,22358,224,208,1,0,Partial Service,White,SUV,AWD,28,CA,25261
Honda,Pilot,2007,Diesel,Automatic,3.2,126386,,229,2,,Partial Service,Red,SUV,AWD,28,GA,2497
Mercedes-Benz,GLC,2023,Diesel,Automatic,,100,158,,1,,Full Service,Gray,SUV,RWD,31,,35190
Mercedes-Benz,GLC,2007,Petrol,,3.1,205064,242,224,5,1,No Service,Brown,SUV,AWD,32,CA,632
Toyota,RAV4,2006,Petrol,Manual,2.9,93293,226,230,4,1,No Service,Green,SUV,AWD,19,MI,1126
Toyota,RAV4,2014,Petrol,Automatic,3.4,56778,,248,1,,,Silver,SUV,AWD,19,TX,7620
BMW,X3,2016,Diesel,Automatic,3,25840,226,201,2,0,Full Service,Black,SUV,AWD,26,,24137
Nissan,Rogue,2008,Petrol,Automatic,2.1,163215,182,184,4,0,Full Service,Silver,SUV,AWD,32,IL,500
Toyota,Corolla,2008,Petrol,Automatic,2.1,203217,177,172,4,0,Full Service,Gray,Sedan,FWD,32,FL,500
Hyundai,Elantra,2021,Petrol,Automatic,,17789,,140,1,0,Full Service,Red,Sedan,FWD,38,CA,15129
BMW,5 Series,2017,Hybrid,,2.4,138970,187,166,2,1,Full Service,Silver,Sedan,FWD,51,GA,21269
Chevrolet,Malibu,2013,Petrol,Automatic,,212974,166,159,3,0,,Red,Sedan,FWD,32,CA,500
Toyota,RAV4,2005,Petrol,Automatic,3.4,257754,256,226,3,1,No Service,Blue,SUV,FWD,25,PA,500
Ford,Mustang,2021,Petrol,Automatic,,41325,210,193,1,0,Partial Service,White,Coupe,RWD,32,IL,20404
Volkswagen,Tiguan,2016,Petrol,Automatic,3.4,110042,254,232,3,1,,Silver,SUV,AWD,26,PA,7198
Audi,Q7,2023,Hybrid,Automatic,3.1,32983,230,225,1,,No Service,Gray,SUV,AWD,43,CA,43783
Audi,Q5,2024,Hybrid,Automatic,3.2,100,,231,1,,,Green,SUV,AWD,42,,37746
Toyota,Corolla,2015,Petrol,Automatic,2.5,213446,187,164,2,1,Full Service,Gray,Sedan,FWD,34,TX,500
Audi,A6,2024,Petrol,Automatic,2.2,100,181,,1,0,,Green,Sedan,FWD,30,IL,59071
BMW,5 Series,2023,Petrol,Automatic,1.4,29547,,118,1,0,No Service,Blue,Sedan,FWD,40,CA,41117
Mercedes-Benz,C-Class,2023,Petrol,Automatic,1.5,9338,137,126,1,,Partial Service,Blue,Sedan,FWD,40,FL,40414
Ford,F-150,2012,Petrol,,4.6,127046,,339,4,0,,,Truck,RWD,14,NY,5042
Hyundai,Santa Fe,2005,Petrol,Manual,2.1,116415,164,,4,1,Full Service,Black,SUV,AWD,40,IL,631
Toyota,Corolla,2013,Petrol,Automatic,2.4,135413,167,146,4,1,Full Service,,Sedan,FWD,29,GA,1012
Mercedes-Benz,GLE,2024,Petrol,Automatic,2.6,100,203,,1,0,,Black,SUV,FWD,29,OH,57593
Honda,Accord,2012,Petrol,Automatic,1.6,49055,136,138,3,1,Full Service,White,Sedan,AWD,36,NY,6244
BMW,5 Series,2007,Diesel,Automatic,2.2,231172,187,172,4,1,Partial Service,Brown,Sedan,FWD,,,1361
Chevrolet,Silverado,2024,Petrol,Automatic,,6876,403,,1,0,,,Truck,RWD,11,CA,32568
Audi,Q5,2011,Petrol,Automatic,3,54763,233,214,3,1,Partial Service,Brown,SUV,AWD,20,,9004
BMW,X3,2007,Petrol,Automatic,3.2,167445,240,231,5,1,Partial Service,,SUV,FWD,22,,2152
Ford,Explorer,2018,Petrol,,2.4,68696,193,181,2,1,Full Service,Red,SUV,AWD,34,,15016
Hyundai,Santa Fe,2012,Petrol,Automatic,2.3,120799,169,159,2,1,Full Service,Black,SUV,AWD,,FL,4920
Hyundai,Tucson,2019,Diesel,Automatic,,81054,186,,2,0,,Red,SUV,AWD,25,,12701
Audi,Q5,2024,Petrol,Automatic,2.9,100,,224,1,,No Service,Black,SUV,FWD,29,NC,38800
Toyota,RAV4,2016,Petrol,,2.4,159155,178,175,1,1,Partial Service,Blue,SUV,FWD,,IL,5659
Volkswagen,Tiguan,2020,Petrol,Automatic,3,24913,253,245,3,1,Full Service,Brown,SUV,AWD,25,FL,16343
Hyundai,Tucson,2021,Diesel,Automatic,2.9,46026,201,195,1,,Partial Service,Red,SUV,AWD,34,MI,17163
Volkswagen,Tiguan,2005,Petrol,Automatic,3,152245,231,232,4,,Full Service,,SUV,FWD,24,FL,500
Toyota,RAV4,2009,Petrol,Manual,3,187469,220,,3,0,Full Service,Blue,SUV,FWD,26,PA,500
Volkswagen,Tiguan,2016,Petrol,Automatic,2.2,72202,171,174,2,0,Full Service,Black,SUV,AWD,35,,11763
Audi,A6,2014,Petrol,Automatic,1.7,157009,138,137,2,,Full Service,White,Sedan,FWD,39,GA,14074
Mercedes-Benz,GLE,2010,Petrol,Automatic,2.6,100,222,223,4,1,Partial Service,Gray,SUV,AWD,30,FL,16065
Toyota,Camry,2024,Petrol,Automatic,1.7,2031,,139,1,0,Partial Service,Red,Sedan,AWD,34,PA,26061
Audi,Q5,2009,Petrol,Automatic,3.3,106172,236,236,4,0,Full Service,Silver,SUV,AWD,27,NY,6823
Hyundai,Sonata,2013,Diesel,Automatic,2.4,260667,197,,2,1,Full Service,Gray,Sedan,FWD,29,GA,500
Mercedes-Benz,E-Class,2019,Petrol,Automatic,1.6,93299,125,120,1,0,Partial Service,Gray,Sedan,FWD,41,IL,33377
BMW,X3,2018,Petrol,Automatic,,30390,209,198,2,1,Partial Service,White,SUV,AWD,27,NY,22887
Ford,Explorer,2014,Petrol,Automatic,2.2,64664,,185,2,,Full Service,,SUV,AWD,33,,10815
Hyundai,Santa Fe,2016,Diesel,,3.1,16633,234,,1,0,Full Service,Green,SUV,AWD,31,NY,17252
BMW,X3,2019,Petrol,Automatic,3.1,55194,235,223,2,0,,Black,SUV,AWD,,GA,25694
Ford,Mustang,2018,Petrol,Manual,,18968,264,259,2,0,Partial Service,Brown,Coupe,RWD,21,,15846
Chevrolet,Tahoe,2022,Hybrid,Automatic,2.6,39000,217,214,1,0,Full Service,Silver,SUV,AWD,52,GA,39016
Hyundai,Sonata,2013,Diesel,Automatic,1.5,136991,129,129,2,0,Partial Service,Black,Sedan,AWD,41,OH,2494
Audi,Q5,2016,Petrol,Automatic,2.6,101469,195,181,2,1,No Service,,SUV,AWD,33,FL,13677
Hyundai,Sonata,2015,Petrol,Automatic,2.4,155577,,,3,,Partial Service,Gray,Sedan,FWD,32,FL,4425
Nissan,Altima,2021,Petrol,Automatic,2.4,68354,203,193,1,0,,Blue,Sedan,FWD,32,NY,17105
Toyota,Camry,2009,Petrol,Manual,,255167,,133,2,0,Full Service,Black,Sedan,FWD,,NC,500
Chevrolet,Tahoe,2017,Electric,Automatic,0,100,301,331,1,,No Service,Brown,SUV,AWD,117,CA,23326
Audi,A4,2011,Petrol,Manual,2.2,213371,149,142,3,0,,Red,Sedan,FWD,28,TX,2731
Chevrolet,Equinox,2012,Diesel,Automatic,3.2,262442,237,222,2,,Full Service,,SUV,FWD,28,CA,500
Volkswagen,Tiguan,2024,Diesel,Automatic,2.3,5361,191,180,1,0,Full Service,Blue,SUV,AWD,30,,28907
Honda,Pilot,2008,Petrol,Automatic,2.4,44721,,185,3,1,Full Service,Red,SUV,AWD,36,NY,6126
Ford,Escape,2007,Petrol,Automatic,2.3,137131,179,,4,0,Partial Service,,SUV,AWD,31,FL,500
BMW,X3,2022,Petrol,Automatic,2.1,29451,158,151,1,0,Full Service,Red,SUV,FWD,41,NC,39413
Ford,F-150,2010,Diesel,Automatic,3.9,36618,,277,4,0,Partial Service,Brown,Truck,RWD,21,TX,7928
Chevrolet,Equinox,2012,Petrol,Automatic,2.2,152044,166,155,5,1,Full Service,Blue,SUV,AWD,,CA,1730
Toyota,RAV4,2010,Petrol,Automatic,,285176,198,170,3,1,Full Service,Red,SUV,AWD,,NY,500
Chevrolet,Equinox,2023,Petrol,Automatic,2.3,100,181,183,1,0,No Service,Silver,SUV,FWD,32,GA,21983
Toyota,Corolla,2007,Petrol,Manual,1.7,337030,124,123,5,0,Partial Service,,Sedan,FWD,39,NC,500
Toyota,RAV4,2008,Diesel,Automatic,2.3,256319,185,176,4,0,Partial Service,Black,SUV,RWD,29,NY,500
Mercedes-Benz,GLE,2014,Hybrid,Automatic,,121396,165,154,3,0,,Silver,SUV,AWD,,,18706
Chevrolet,Malibu,2015,Hybrid,,1.9,156705,167,139,1,0,,Red,Sedan,FWD,47,TX,3163
BMW,3 Series,2007,Petrol,Automatic,1.8,246306,159,146,4,0,Full Service,Brown,Sedan,FWD,38,TX,500
Nissan,Sentra,2015,Hybrid,Automatic,2.3,103254,179,165,2,1,Partial Service,Gray,Sedan,AWD,50,CA,3666
BMW,5 Series,2013,Hybrid,Automatic,,55374,135,134,3,0,No Service,Brown,Sedan,FWD,47,TX,15904
Ford,F-150,2018,Petrol,Automatic,5.6,66204,420,399,2,0,No Service,Gray,Truck,4WD,10,FL,13889
Ford,Mustang,2012,Petrol,Automatic,2.9,130159,226,203,3,1,Full Service,Gray,Coupe,RWD,27,NC,2906
Honda,Civic,2012,Petrol,Automatic,2,187160,161,133,3,1,Partial Service,Gray,Sedan,AWD,29,CA,500
Hyundai,Santa Fe,2014,Petrol,Automatic,2.1,141202,163,148,2,1,Partial Service,Black,SUV,AWD,33,NY,5707
Ford,Explorer,2015,Petrol,,3.1,129815,,217,2,1,Partial Service,White,SUV,AWD,27,GA,8554
Volkswagen,Golf,2015,Petrol,Automatic,1.5,127307,109,91,2,1,Partial Service,White,Hatchback,AWD,43,CA,3810
Toyota,Corolla,2008,Petrol,Manual,2.1,300025,175,165,2,1,Partial Service,Red,Sedan,FWD,29,TX,500
BMW,X5,2005,Petrol,Manual,,193711,213,211,5,0,Full Service,Black,SUV,AWD,29,GA,2730
Toyota,Camry,2009,Petrol,,,157316,166,,4,,Partial Service,White,Sedan,FWD,,FL,500
BMW,5 Series,2008,Petrol,Automatic,1.5,245891,127,131,3,0,,,Sedan,FWD,35,NY,2124
Volkswagen,Tiguan,2014,Petrol,Automatic,3.5,168558,,,3,0,Full Service,Brown,SUV,FWD,23,NY,3789
Audi,A4,2019,Petrol,Automatic,1.7,32967,133,137,2,,Partial Service,Gray,Sedan,AWD,35,CA,22502
Audi,Q5,2006,Petrol,Manual,2.6,328238,,200,3,0,Partial Service,Red,SUV,FWD,28,PA,500
Audi,Q7,2005,Petrol,Manual,3.1,285819,233,234,5,1,Partial Service,Gray,SUV,AWD,29,PA,500
Audi,Q7,2009,Petrol,Automatic,3.3,186933,254,238,3,1,Partial Service,Red,SUV,FWD,21,NC,6383
BMW,X5,2009,Petrol,Automatic,2.3,294095,,,3,0,Partial Service,Black,SUV,AWD,28,TX,2277
Nissan,Rogue,2015,Petrol,Automatic,2.1,149558,167,170,3,,Partial Service,Blue,SUV,AWD,34,PA,5139
Audi,Q5,2010,Petrol,Manual,3,287208,226,219,3,1,Partial Service,Black,SUV,AWD,,FL,500
Volkswagen,Passat,2020,Petrol,Automatic,1.4,55779,107,110,1,0,No Service,,Sedan,AWD,41,FL,15103
Mercedes-Benz,E-Class,2019,Diesel,,1.5,23145,124,96,2,0,Partial Service,Silver,Sedan,FWD,38,CA,33023
Audi,A4,2008,Petrol,Automatic,1.8,87504,161,144,3,1,Partial Service,White,Sedan,FWD,38,NY,4685
Toyota,Corolla,2022,Diesel,Automatic,1.8,100,,141,1,0,Full Service,White,Sedan,AWD,41,NY,16716
Mercedes-Benz,GLE,2009,Petrol,,2.5,141966,205,181,4,0,Full Service,Blue,SUV,AWD,36,OH,9932
Mercedes-Benz,GLE,2008,Petrol,,2.4,188471,185,,4,1,Full Service,Black,SUV,FWD,29,CA,6030
Chevrolet,Equinox,2015,Hybrid,Automatic,3,106426,224,227,2,,,Brown,SUV,AWD,39,GA,6250
Volkswagen,Golf,2018,Petrol,,2.5,84280,182,175,3,0,No Service,Green,Hatchback,FWD,35,IL,8384
Chevrolet,Malibu,2007,Petrol,Automatic,1.8,222298,158,145,4,,Full Service,Silver,Sedan,AWD,,PA,500
Hyundai,Elantra,2015,Petrol,,1.5,123945,141,136,3,1,No Service,Blue,Sedan,FWD,38,IL,2548
Audi,A6,2008,Petrol,Manual,2.1,219925,144,120,3,1,Partial Service,Brown,Sedan,FWD,32,CA,2343
Audi,Q5,2021,Electric,,0,82044,319,350,1,0,Partial Service,Gray,SUV,AWD,102,FL,28218
Chevrolet,Tahoe,2024,Petrol,Automatic,,3999,234,232,1,0,Full Service,Silver,SUV,AWD,22,IL,54774
Nissan,Altima,2014,Petrol,Automatic,2.3,148724,170,157,2,1,Full Service,Blue,Sedan,FWD,34,OH,2729
Mercedes-Benz,E-Class,2009,Petrol,Manual,,111248,193,183,3,0,Partial Service,Gray,Sedan,AWD,,,9790
Mercedes-Benz,E-Class,2013,Petrol,Automatic,1.5,75293,,98,3,1,Partial Service,Black,Sedan,FWD,36,NY,15695
Chevrolet,Malibu,2011,Petrol,Manual,2.4,206597,189,159,2,1,Partial Service,Silver,Sedan,FWD,38,CA,500
Audi,Q7,2008,Petrol,Automatic,2.9,255171,233,223,2,0,Full Service,Blue,SUV,RWD,31,NC,2722
Mercedes-Benz,GLE,2007,Petrol,,3.2,374944,244,237,3,1,No Service,Blue,SUV,FWD,24,NY,500
Chevrolet,Tahoe,2006,Petrol,Automatic,3.3,193798,236,210,4,1,Partial Service,Red,SUV,AWD,23,NY,1045
Volkswagen,Tiguan,2018,Hybrid,Automatic,3.4,77255,255,229,2,,Full Service,Blue,SUV,AWD,34,OH,12892
Audi,A4,2013,Petrol,Automatic,1.7,72493,131,126,2,0,Partial Service,White,Sedan,FWD,34,PA,11811
BMW,X5,2022,Petrol,Automatic,3.3,45861,257,249,1,0,Full Service,Red,SUV,AWD,25,PA,50084
Honda,CR-V,2023,Petrol,Automatic,2.3,17981,168,168,1,0,Full Service,Brown,SUV,AWD,29,NY,24782
Audi,A4,2007,Petrol,Automatic,1.8,357325,136,119,4,1,Full Service,Brown,Sedan,FWD,36,,500
BMW,X5,2006,Petrol,Manual,2.2,314638,165,162,4,1,No Service,,SUV,AWD,31,TX,500
Audi,A6,2024,Diesel,Automatic,2.3,7118,192,191,1,0,Partial Service,Blue,Sedan,AWD,36,,50312
Nissan,Rogue,2022,Petrol,,3,16935,229,209,1,0,Full Service,Blue,SUV,AWD,21,PA,22622
Mercedes-Benz,E-Class,2013,Petrol,Automatic,1.6,107220,133,135,1,,No Service,Black,Sedan,FWD,35,MI,13602
Audi,A4,2016,Petrol,Automatic,2.3,98108,186,157,2,,Full Service,Gray,Sedan,FWD,30,PA,14060
Honda,Accord,2011,Petrol,Manual,,64968,129,,3,1,Full Service,Red,Sedan,FWD,38,MI,4633
Toyota,RAV4,2016,Petrol,,2.6,82109,214,197,2,0,Partial Service,Silver,SUV,AWD,32,PA,9917
Mercedes-Benz,C-Class,2014,Petrol,Automatic,2.1,136216,162,154,2,,Partial Service,Brown,Sedan,AWD,34,OH,10764
Volkswagen,Passat,2018,Petrol,Automatic,,56218,111,103,1,1,Full Service,Silver,Sedan,FWD,,GA,11126
Toyota,RAV4,2010,Diesel,Automatic,2.5,110632,199,203,4,1,Partial Service,Green,SUV,FWD,32,PA,2543
Honda,Pilot,2020,Petrol,Automatic,,6835,221,221,2,0,Partial Service,Silver,SUV,AWD,,PA,26876
Nissan,Altima,2009,Petrol,Automatic,2.2,154987,173,177,4,1,Full Service,,Sedan,FWD,37,PA,500
Mercedes-Benz,E-Class,2020,Petrol,,1.9,15055,162,136,1,0,Partial Service,Silver,Sedan,FWD,36,MI,39679
Chevrolet,Malibu,2010,Petrol,Manual,2.5,188284,195,179,4,1,Partial Service,,Sedan,FWD,32,FL,500
Chevrolet,Equinox,2015,Hybrid,Automatic,,252582,192,,2,0,No Service,,SUV,AWD,55,NY,500
Volkswagen,Tiguan,2007,Hybrid,Automatic,,439932,,222,4,0,Partial Service,Green,SUV,AWD,25,,500
BMW,5 Series,2009,Petrol,Automatic,1.7,315695,119,100,2,1,,Silver,Sedan,AWD,35,FL,500
Toyota,RAV4,2010,Petrol,Automatic,2.8,118736,212,203,3,1,Full Service,,SUV,AWD,21,IL,2433
Nissan,Rogue,2023,Petrol,Automatic,3.3,867,242,228,1,0,Full Service,Black,SUV,FWD,22,TX,26541
Nissan,Sentra,2014,Petrol,Automatic,2.4,189070,191,175,4,1,Full Service,,Sedan,AWD,35,NY,500
Toyota,RAV4,2012,Petrol,Automatic,3.4,141214,250,219,2,,Full Service,,SUV,AWD,,FL,2642
Audi,A6,2019,Hybrid,Automatic,1.5,102225,,112,1,0,Full Service,White,Sedan,FWD,55,IL,32404
Audi,A6,2005,Petrol,Automatic,1.7,97854,128,120,4,1,No Service,Silver,Sedan,FWD,33,FL,4366
Chevrolet,Equinox,2006,Petrol,Manual,3.4,198536,259,248,4,,Full Service,Black,SUV,FWD,25,PA,500
BMW,X3,2011,Hybrid,Automatic,3.3,89313,,228,2,1,Full Service,Gray,SUV,AWD,36,GA,9840
Honda,Civic,2019,Petrol,Automatic,2.5,43854,188,169,1,0,No Service,Gray,Sedan,FWD,,,10132
Toyota,RAV4,2023,Electric,Automatic,0,4719,247,271,1,0,Partial Service,White,SUV,AWD,108,OH,27143
Nissan,Rogue,2007,Petrol,Manual,3.1,144333,230,217,4,0,,,SUV,AWD,,IL,500
Mercedes-Benz,E-Class,2022,Diesel,,2.1,23416,145,137,1,0,Full Service,Blue,Sedan,FWD,,NC,49511
Ford,Mustang,2005,Petrol,Manual,3.9,100800,280,272,5,,Partial Service,White,Coupe,AWD,22,NC,500
Nissan,Altima,2019,Petrol,,2.2,56283,168,160,1,1,Full Service,Brown,Sedan,FWD,41,TX,11401
Mercedes-Benz,C-Class,2008,Diesel,Automatic,1.5,249951,143,139,4,1,Full Service,Blue,Sedan,FWD,36,PA,500
Hyundai,Elantra,2018,Electric,Automatic,0,4706,,266,1,0,Partial Service,White,Sedan,FWD,102,,12222
Mercedes-Benz,GLE,2012,Petrol,,2.6,149935,206,,3,1,Full Service,Green,SUV,FWD,30,OH,13956
Ford,Escape,2020,Electric,Automatic,0,46733,323,355,1,0,Full Service,Green,SUV,AWD,109,IL,17129
Volkswagen,Golf,2006,Hybrid,Manual,1.9,181027,151,134,4,,Full Service,Red,Hatchback,AWD,51,FL,500
Toyota,RAV4,2021,Diesel,Automatic,2.4,34165,184,173,1,1,No Service,Brown,SUV,AWD,,TX,14458
BMW,3 Series,2006,Petrol,Automatic,2,124332,171,177,3,1,Full Service,White,Sedan,FWD,37,MI,2741
Ford,Escape,2009,Petrol,Manual,,100,212,211,5,1,,,SUV,AWD,26,MI,6177
Ford,Mustang,2015,Petrol,Automatic,3.6,179585,295,288,3,0,Full Service,White,Coupe,RWD,24,CA,3828
Hyundai,Tucson,2015,Petrol,Automatic,2.3,84677,195,185,2,0,Partial Service,Red,SUV,AWD,34,NY,8256
Hyundai,Sonata,2005,Petrol,Automatic,2.5,390929,,188,4,,Partial Service,Gray,Sedan,FWD,33,NC,500
Honda,Civic,2013,Petrol,Automatic,2.5,83225,193,177,2,0,No Service,Black,Sedan,FWD,30,OH,3897
Chevrolet,Malibu,2016,Hybrid,Automatic,,184949,177,177,3,1,Partial Service,Black,Sedan,AWD,62,,2020
Ford,Mustang,2017,Petrol,Automatic,4.7,96867,328,,1,,Partial Service,Black,Coupe,RWD,22,FL,10537
Volkswagen,Golf,2010,Petrol,Manual,1.9,304941,163,154,2,0,,White,Hatchback,FWD,36,GA,500
Nissan,Altima,2017,Petrol,Automatic,1.4,80982,100,,3,,Full Service,Red,Sedan,AWD,41,TX,8423
BMW,X3,2011,Petrol,Automatic,2.1,295798,174,160,2,1,Full Service,Silver,SUV,AWD,38,NY,500
Honda,Pilot,2019,Petrol,Automatic,3.3,45479,259,247,1,1,Full Service,Black,SUV,AWD,23,GA,20496
BMW,X3,2023,Petrol,,2,10789,169,151,1,0,,Red,SUV,FWD,39,IL,45844
Audi,Q7,2015,Petrol,Automatic,2.9,118718,222,,3,1,Partial Service,Black,SUV,AWD,,NC,17729
Volkswagen,Tiguan,2005,Petrol,Manual,2.2,183933,185,181,4,1,Full Service,Red,SUV,AWD,,IL,500
Mercedes-Benz,E-Class,2007,Petrol,Automatic,2.5,322995,,187,3,,Full Service,Silver,Sedan,FWD,26,MI,500
Mercedes-Benz,GLE,2008,Petrol,Automatic,2.8,16074,190,,3,,Full Service,White,SUV,AWD,33,,13351
Toyota,Camry,2020,Petrol,Automatic,1.8,61481,140,,1,0,Full Service,Red,Sedan,FWD,34,NY,15921
Toyota,RAV4,2023,Petrol,Automatic,2.9,20946,242,213,1,,,Green,SUV,AWD,31,NY,24396
Audi,Q7,2016,Petrol,Automatic,3,65202,236,213,3,0,Partial Service,Black,SUV,AWD,27,IL,25970
Mercedes-Benz,E-Class,2024,Petrol,Automatic,1.6,8403,133,115,1,0,No Service,Gray,Sedan,AWD,31,IL,44978
Honda,CR-V,2021,Petrol,Automatic,2.4,33119,183,171,1,0,Full Service,Black,SUV,AWD,,IL,23205
Toyota,RAV4,2014,Petrol,Automatic,2.6,144020,206,202,2,0,,,SUV,FWD,35,GA,5020
BMW,X5,2020,Petrol,Automatic,2.5,45224,,,2,0,Full Service,White,SUV,AWD,30,CA,43083
BMW,X5,2013,Diesel,Automatic,,62864,183,176,1,0,Partial Service,,SUV,AWD,31,MI,21305
Chevrolet,Silverado,2008,Petrol,Automatic,3.6,219647,264,245,4,1,Partial Service,White,Truck,RWD,20,FL,500
Hyundai,Tucson,2021,Petrol,Automatic,2.1,45200,155,,1,0,Full Service,Gray,SUV,AWD,30,,17963
BMW,5 Series,2014,Diesel,Automatic,2.2,114648,171,169,1,0,Full Service,,Sedan,FWD,33,NC,18364
Honda,Pilot,2011,Hybrid,,2.7,70052,,,4,,Full Service,Gray,SUV,RWD,46,TX,8525
Ford,Explorer,2011,Petrol,Automatic,3,207617,237,229,3,1,,Brown,SUV,AWD,29,FL,852
Nissan,Pathfinder,2008,Petrol,Manual,3,167431,222,213,2,,Partial Service,Blue,SUV,AWD,26,NC,570
Honda,Pilot,2019,Petrol,Automatic,2.2,67379,175,161,2,1,Partial Service,White,SUV,FWD,25,,17577
Hyundai,Santa Fe,2016,Diesel,Automatic,2.7,31873,194,177,2,0,Full Service,,SUV,AWD,28,TX,14164
Ford,Mustang,2022,Petrol,,3.4,100,237,,1,0,No Service,Silver,Coupe,AWD,23,IL,18914
Chevrolet,Equinox,2014,Petrol,Automatic,,74396,240,230,2,,Full Service,Green,SUV,FWD,,NC,6601
Mercedes-Benz,GLC,2016,Petrol,,2.7,23256,209,192,3,1,,Black,SUV,AWD,28,,16555
Mercedes-Benz,GLC,2012,Petrol,,,119612,,169,2,0,,Blue,SUV,AWD,31,FL,10586
Hyundai,Elantra,2017,Petrol,Automatic,2.3,140221,171,163,3,1,Full Service,Blue,Sedan,FWD,34,TX,3481
Mercedes-Benz,GLE,2010,Petrol,Manual,2.7,204886,200,182,3,1,,Gray,SUV,AWD,31,PA,6361
Honda,CR-V,2016,Petrol,Automatic,2.5,98643,,,3,0,,Green,SUV,AWD,25,FL,8453
Chevrolet,Equinox,2010,Petrol,Automatic,3.5,191713,,242,4,0,Partial Service,Red,SUV,AWD,24,OH,500
Volkswagen,Atlas,2011,Petrol,Automatic,2.7,181800,199,203,2,1,,Silver,SUV,FWD,29,PA,1768
Honda,Civic,2021,Petrol,,1.7,9772,,138,1,0,Partial Service,Brown,Sedan,AWD,42,OH,15009
Nissan,Sentra,2015,Electric,Automatic,0,208875,237,260,2,,Full Service,Green,Sedan,FWD,109,MI,500
Mercedes-Benz,E-Class,2011,Petrol,Automatic,,88290,112,89,2,1,No Service,Red,Sedan,AWD,37,,11761
Volkswagen,Passat,2012,Petrol,Automatic,2,232066,155,148,3,,,Silver,Sedan,FWD,30,CA,500
Toyota,RAV4,2022,Hybrid,Automatic,,24686,245,234,1,1,,White,SUV,RWD,38,FL,17750
Nissan,Altima,2009,Petrol,Manual,1.7,143657,138,,3,,Partial Service,Gray,Sedan,FWD,34,TX,500
Toyota,Highlander,2017,Petrol,Automatic,2.4,141213,188,176,1,0,No Service,,SUV,FWD,30,FL,11848
Honda,CR-V,2022,Petrol,Automatic,,29300,199,195,1,0,Full Service,,SUV,AWD,34,NY,25336
Audi,A6,2024,Petrol,Automatic,,100,156,156,1,0,Full Service,Blue,Sedan,FWD,,TX,52937
Nissan,Rogue,2010,Petrol,Automatic,,276117,,181,3,1,,Green,SUV,FWD,,MI,500
Mercedes-Benz,GLE,2005,Diesel,Automatic,2.7,162206,202,190,4,1,Full Service,Gray,SUV,AWD,31,GA,3548
Honda,Civic,2018,Electric,Automatic,0,37342,320,352,2,0,,Gray,Sedan,FWD,112,MI,10287
Nissan,Sentra,2019,Hybrid,Automatic,2.5,15435,210,205,2,0,Full Service,Silver,Sedan,FWD,38,MI,12097
Nissan,Rogue,2008,Petrol,Automatic,,244270,263,252,4,0,Partial Service,,SUV,AWD,26,,500
Nissan,Sentra,2018,Hybrid,Automatic,2.3,45970,205,212,2,0,Partial Service,,Sedan,FWD,49,TX,10394
Mercedes-Benz,E-Class,2006,Petrol,,2,195735,167,146,2,0,,,Sedan,AWD,34,GA,2851
Audi,Q5,2006,Petrol,,2.5,294797,200,175,4,,Partial Service,Red,SUV,AWD,23,TX,500
Nissan,Sentra,2010,Petrol,Manual,1.8,148590,161,152,3,0,No Service,,Sedan,FWD,36,GA,500
Mercedes-Benz,GLC,2014,Petrol,Automatic,2.2,96668,167,149,2,0,Partial Service,White,SUV,RWD,35,NC,16551
Chevrolet,Malibu,2024,Petrol,Automatic,2.3,3295,174,167,1,0,Full Service,White,Sedan,FWD,33,,24114
BMW,X5,2024,Diesel,Automatic,3.1,100,234,219,1,,Partial Service,,SUV,RWD,29,GA,60139
BMW,X5,2007,Petrol,Automatic,3,205459,,232,5,0,Partial Service,,SUV,AWD,28,PA,3959
Chevrolet,Tahoe,2010,Petrol,Automatic,,211948,185,,4,0,Partial Service,Blue,SUV,AWD,,MI,4978
Ford,Explorer,2011,Petrol,Manual,2.4,350513,,183,4,0,Partial Service,Red,SUV,RWD,33,,500
Chevrolet,Tahoe,2014,Petrol,Automatic,,207000,236,,4,0,No Service,Silver,SUV,FWD,28,NY,9938
Chevrolet,Tahoe,2021,Petrol,Automatic,2.7,85294,187,,1,1,Partial Service,Blue,SUV,AWD,24,IL,29823
Hyundai,Elantra,2005,Petrol,Automatic,2.4,344257,186,171,5,1,Partial Service,Blue,Sedan,FWD,33,,500
Toyota,Highlander,2021,Diesel,Automatic,2.4,100,191,175,1,0,Partial Service,Blue,SUV,FWD,31,NC,26209
Honda,Accord,2005,Diesel,Automatic,1.9,123315,138,137,5,1,Partial Service,Gray,Sedan,FWD,38,NC,500
Nissan,Sentra,2008,Petrol,Manual,1.8,165722,,128,3,1,No Service,Red,Sedan,AWD,34,NC,500
Chevrolet,Tahoe,2021,Petrol,,2.3,42580,200,191,1,1,No Service,Green,SUV,AWD,26,TX,29375
Toyota,RAV4,2019,Hybrid,,2.4,40710,,167,1,0,No Service,Silver,SUV,FWD,55,,13882
Ford,Explorer,2007,Petrol,,2.7,279854,221,194,4,,No Service,Brown,SUV,FWD,30,CA,500
Chevrolet,Tahoe,2008,Diesel,Automatic,2.8,358679,,218,3,1,Full Service,Brown,SUV,AWD,26,PA,500
Volkswagen,Passat,2021,Hybrid,,1.4,36593,111,104,1,0,Full Service,,Sedan,FWD,48,CA,20531
Volkswagen,Atlas,2006,Petrol,Automatic,2.2,265581,173,172,5,0,Full Service,Brown,SUV,AWD,,FL,500
Ford,Escape,2011,Hybrid,Manual,2.1,123848,179,153,4,1,,,SUV,AWD,44,FL,2084
Chevrolet,Malibu,2015,Petrol,Automatic,2.5,119301,,176,2,0,Full Service,Green,Sedan,FWD,,IL,4956
Honda,Civic,2021,Hybrid,Automatic,2.2,27153,182,166,1,0,Full Service,,Sedan,FWD,42,CA,16631
Toyota,Camry,2005,Petrol,Manual,2.4,254500,213,198,5,1,Full Service,Red,Sedan,FWD,31,GA,500
Hyundai,Elantra,2014,Petrol,Automatic,,194161,160,168,2,0,No Service,Green,Sedan,FWD,,GA,500
Nissan,Pathfinder,2011,Petrol,Manual,,100,181,164,4,0,Full Service,Brown,SUV,AWD,30,OH,11362
Volkswagen,Passat,2012,Petrol,Automatic,1.6,79452,123,108,2,0,Full Service,Red,Sedan,FWD,35,MI,6021
Mercedes-Benz,GLE,2024,Petrol,Automatic,3.4,100,250,234,1,0,Partial Service,Red,SUV,AWD,27,NY,57157
Chevrolet,Malibu,2009,Petrol,,,65555,165,158,3,,Partial Service,Brown,Sedan,FWD,37,GA,3443
Nissan,Sentra,2024,Hybrid,Automatic,2.2,100,170,151,1,0,Partial Service,Blue,Sedan,AWD,54,,19354
Chevrolet,Malibu,2016,Petrol,Automatic,,142031,141,139,3,0,,Red,Sedan,FWD,34,OH,4251
Toyota,Corolla,2009,Petrol,Automatic,1.4,175936,102,93,4,0,,Gray,Sedan,AWD,40,PA,500
Nissan,Rogue,2018,Electric,Automatic,,102858,357,392,2,1,Partial Service,,SUV,AWD,95,TX,8770
Nissan,Sentra,2020,Petrol,Automatic,,100,154,157,2,0,Full Service,Brown,Sedan,AWD,,NY,13196
Volkswagen,Golf,2011,Petrol,Automatic,2,247096,158,152,4,1,,,Hatchback,FWD,28,NY,500
Hyundai,Elantra,2015,Petrol,Automatic,,175542,181,169,2,0,No Service,,Sedan,FWD,29,NC,604
Toyota,RAV4,2019,Petrol,Automatic,2.2,5838,170,,1,0,Full Service,Red,SUV,AWD,29,CA,18363
Ford,Explorer,2020,Petrol,,2.1,32654,167,156,2,0,Full Service,Gray,SUV,AWD,30,OH,24874
Hyundai,Tucson,2011,Petrol,Automatic,3.1,238228,228,197,3,0,Full Service,Gray,SUV,AWD,,CA,500
Chevrolet,Equinox,2019,Petrol,Automatic,2.8,37672,207,202,2,0,Partial Service,Silver,SUV,AWD,31,MI,16692
Ford,Mustang,2019,Hybrid,Manual,,41157,298,272,2,0,No Service,,Coupe,RWD,44,,14065
Volkswagen,Golf,2023,Petrol,Automatic,,100,174,172,1,0,,Black,Hatchback,FWD,34,NY,21987
Honda,Pilot,2005,Petrol,Automatic,2.8,204123,210,205,4,1,Full Service,,SUV,AWD,28,IL,500
Volkswagen,Golf,2010,Petrol,Automatic,2.1,217691,182,,3,1,Full Service,Green,Hatchback,FWD,33,IL,500
Ford,Explorer,2012,Petrol,Automatic,2.9,96659,217,211,3,1,Full Service,Green,SUV,RWD,24,,6837
BMW,3 Series,2020,Hybrid,Automatic,2,60337,145,149,1,0,Partial Service,White,Sedan,FWD,,PA,24614
Ford,F-150,2018,Electric,Automatic,0,56989,340,374,2,0,Full Service,Gray,Truck,4WD,108,PA,17705
Ford,Escape,2024,Diesel,Automatic,2,3902,159,149,1,0,Partial Service,Red,SUV,AWD,35,CA,25306
Hyundai,Sonata,2017,Hybrid,Automatic,2,288,152,140,2,0,Full Service,White,Sedan,FWD,49,FL,12985
Ford,Explorer,2007,Petrol,Automatic,2.5,50924,181,153,3,,Partial Service,Gray,SUV,AWD,,CA,4903
Volkswagen,Golf,2013,Petrol,Automatic,2,89013,,,3,1,Partial Service,Red,Hatchback,FWD,,CA,3911
BMW,X5,2014,Petrol,Automatic,2.9,47939,194,182,2,1,Full Service,Green,SUV,AWD,25,,20990
Volkswagen,Golf,2023,Petrol,Automatic,,896,130,137,1,0,No Service,Gray,Hatchback,FWD,36,NC,19921
Volkswagen,Passat,2011,Petrol,Automatic,1.8,156303,137,131,3,0,,Red,Sedan,FWD,40,PA,1133
Mercedes-Benz,GLE,2012,Petrol,,3,132985,244,236,3,1,Partial Service,Silver,SUV,AWD,25,CA,12450
Nissan,Altima,2009,Hybrid,,2.2,181131,168,156,3,,Full Service,Black,Sedan,FWD,47,MI,500
Audi,Q5,2018,Petrol,,2.1,82360,168,169,2,0,,Brown,SUV,AWD,35,,23408
Nissan,Altima,2017,Petrol,Automatic,2.2,133872,173,174,2,0,Partial Service,Black,Sedan,FWD,32,OH,6208
Nissan,Sentra,2021,Petrol,Automatic,1.5,14060,123,103,1,0,Full Service,Gray,Sedan,FWD,38,OH,15282
Chevrolet,Equinox,2010,Petrol,Manual,2.8,115328,221,202,4,0,Full Service,Gray,SUV,AWD,29,PA,2541
Ford,F-150,2018,Hybrid,,4.3,122954,339,325,1,1,Partial Service,Green,Truck,4WD,24,NY,11857
Ford,Escape,2010,Petrol,Automatic,3.1,163902,236,227,4,1,No Service,,SUV,AWD,27,OH,500
Volkswagen,Atlas,2008,Petrol,Automatic,2.6,263958,198,188,3,1,Full Service,Black,SUV,AWD,37,FL,500
Hyundai,Sonata,2009,Diesel,,2.2,259567,177,,5,1,Partial Service,White,Sedan,FWD,32,TX,500
Toyota,Corolla,2009,Petrol,Manual,2.3,221064,184,189,4,1,,Silver,Sedan,FWD,32,FL,500
Mercedes-Benz,E-Class,2009,Diesel,Manual,2.4,100,180,180,4,0,Full Service,Red,Sedan,FWD,36,TX,15934
Nissan,Rogue,2011,Petrol,Automatic,2.5,163618,194,,2,1,,Gray,SUV,FWD,31,MI,761
Ford,Explorer,2006,Petrol,Automatic,2.5,309130,186,168,5,,Partial Service,Black,SUV,AWD,32,TX,500
Volkswagen,Atlas,2012,Petrol,Automatic,3,158390,218,235,2,0,Full Service,Blue,SUV,AWD,29,CA,5285
Hyundai,Santa Fe,2016,Petrol,Automatic,2.2,154743,158,142,2,0,Partial Service,Red,SUV,FWD,,,8212
Chevrolet,Tahoe,2006,Petrol,Manual,,349275,,243,4,1,No Service,Black,SUV,AWD,23,TX,500
Mercedes-Benz,C-Class,2013,Hybrid,Automatic,2.4,40161,194,188,3,0,Full Service,Brown,Sedan,FWD,,OH,13859
Toyota,Camry,2005,Diesel,Automatic,1.8,125310,,157,5,1,Partial Service,Green,Sedan,FWD,35,CA,500
Nissan,Altima,2011,Petrol,,2.4,160942,182,171,3,1,Partial Service,White,Sedan,FWD,,IL,500
Toyota,Corolla,2024,Hybrid,Automatic,2.2,3779,174,164,1,0,Partial Service,Red,Sedan,AWD,38,CA,20452
Volkswagen,Atlas,2016,Petrol,Automatic,2.9,56038,,205,2,,Partial Service,White,SUV,AWD,,FL,15355
Mercedes-Benz,E-Class,2018,Petrol,Automatic,1.7,35083,137,128,3,0,,Green,Sedan,FWD,35,NY,28142
Toyota,Corolla,2016,Petrol,Automatic,1.6,79634,127,101,1,0,Full Service,Silver,Sedan,FWD,37,CA,6437
Audi,Q5,2020,Diesel,Automatic,2.4,73119,186,198,1,0,Partial Service,Silver,SUV,FWD,31,TX,27132
Honda,Accord,2019,Diesel,,1.4,53802,121,112,3,0,Partial Service,Black,Sedan,FWD,40,TX,13025
Ford,Mustang,2017,Petrol,Automatic,4.3,63542,319,293,3,0,Full Service,Red,Coupe,RWD,,MI,11694
Nissan,Altima,2019,Petrol,Automatic,1.6,11460,129,122,1,0,Partial Service,Green,Sedan,FWD,36,CA,16310
BMW,X5,2020,Petrol,,2.5,23832,179,172,2,0,Partial Service,,SUV,FWD,,,42294
Audi,Q7,2014,Diesel,Automatic,2.8,82375,216,,2,0,,,SUV,AWD,,GA,20084
Toyota,Highlander,2009,Petrol,Automatic,2.6,7952,205,190,4,0,No Service,Blue,SUV,AWD,29,TX,7662
Ford,Explorer,2012,Petrol,Automatic,2.5,119011,204,,4,1,No Service,Black,SUV,AWD,32,PA,4572
BMW,X5,2010,Petrol,Automatic,2.3,196392,186,172,1,1,Full Service,Brown,SUV,AWD,34,TX,7443
Audi,A4,2015,Petrol,,,153388,142,156,2,1,Partial Service,Green,Sedan,FWD,39,,8952
Ford,Escape,2024,Diesel,Automatic,,1804,251,234,1,0,,Blue,SUV,AWD,31,NC,28556
Nissan,Pathfinder,2023,Hybrid,Automatic,3.4,2230,259,252,1,0,Full Service,Silver,SUV,AWD,37,OH,31378
Volkswagen,Tiguan,2017,Petrol,Automatic,3.3,69671,260,249,2,0,No Service,White,SUV,AWD,23,PA,10013
Ford,F-150,2010,Diesel,Automatic,,172435,384,,3,0,Partial Service,Brown,Truck,4WD,10,GA,1238
Hyundai,Elantra,2008,Petrol,Automatic,,284052,179,184,3,1,Full Service,Gray,Sedan,FWD,34,TX,500
Audi,A4,2023,Petrol,Automatic,2.4,21165,,193,1,,,Black,Sedan,FWD,32,GA,32446
Audi,Q5,2019,Hybrid,Automatic,2,60084,173,153,2,0,Partial Service,Silver,SUV,AWD,47,FL,12166
Nissan,Altima,2012,Diesel,Automatic,1.9,129238,151,161,3,1,Partial Service,,Sedan,FWD,38,GA,1992
Hyundai,Elantra,2012,Petrol,Automatic,1.8,101572,148,132,3,,No Service,,Sedan,FWD,35,IL,2119
Audi,A4,2022,Petrol,,2,26837,150,152,1,0,,Silver,Sedan,FWD,35,NC,30645
Ford,Mustang,2007,Petrol,Manual,2.8,77625,225,208,5,1,Full Service,Brown,Coupe,RWD,27,CA,2264
Toyota,Highlander,2017,Petrol,,,64965,193,180,2,0,Partial Service,Silver,SUV,FWD,32,OH,16313
Ford,Escape,2019,Petrol,Automatic,2.1,96194,167,177,2,1,Partial Service,White,SUV,AWD,35,GA,10838
Toyota,RAV4,2021,Petrol,Automatic,2.3,35787,163,178,1,1,Full Service,Brown,SUV,AWD,,GA,17364
Toyota,Highlander,2007,Petrol,Manual,2.1,98073,185,172,4,0,Partial Service,Brown,SUV,FWD,,TX,3385
Ford,Escape,2015,Petrol,Automatic,3.1,5622,,240,1,0,Partial Service,Silver,SUV,AWD,28,TX,12011
Volkswagen,Tiguan,2005,Petrol,Manual,2.9,181431,232,227,5,,Full Service,Red,SUV,AWD,24,FL,500
Nissan,Sentra,2017,Hybrid,Automatic,2.5,130293,201,186,3,,No Service,Gray,Sedan,FWD,52,NY,3913
Honda,Civic,2017,Petrol,Automatic,1.6,65615,121,109,3,1,Partial Service,Green,Sedan,FWD,36,FL,6863
Honda,Pilot,2010,Petrol,Automatic,3.3,139041,,219,2,1,Partial Service,Blue,SUV,AWD,28,IL,3520
Honda,CR-V,2016,Petrol,,2.9,114889,214,211,1,1,Partial Service,Black,SUV,AWD,26,PA,7166
Hyundai,Elantra,2010,Petrol,Automatic,2,68356,159,154,2,1,Partial Service,Silver,Sedan,FWD,38,MI,2269
Ford,F-150,2015,Petrol,Automatic,4.5,107135,330,321,2,0,Full Service,Gray,Truck,4WD,18,OH,10477
Nissan,Sentra,2022,Diesel,Automatic,2.1,10910,171,151,1,,Full Service,Black,Sedan,FWD,30,,16636
Ford,Escape,2006,Petrol,Manual,2.6,243560,211,196,4,1,Full Service,Gray,SUV,AWD,,IL,500
Toyota,Camry,2014,Petrol,Automatic,2.4,173438,177,151,2,,,Silver,Sedan,FWD,,NY,2061
Audi,Q7,2014,Petrol,,,156247,249,247,2,,,,SUV,FWD,28,NY,17190
Volkswagen,Passat,2009,Petrol,,1.5,207178,110,96,4,0,Full Service,Red,Sedan,FWD,40,PA,500
Audi,Q7,2019,Petrol,,3.3,137617,264,255,1,0,No Service,Black,SUV,AWD,24,NY,27529
Nissan,Sentra,2007,Petrol,,2.4,131834,167,154,4,1,Partial Service,Red,Sedan,AWD,33,MI,500
Hyundai,Sonata,2021,Petrol,Automatic,,50481,203,200,1,0,Full Service,White,Sedan,FWD,30,NY,16474
Honda,Civic,2018,Hybrid,Automatic,,65348,114,130,2,0,Full Service,Red,Sedan,FWD,,TX,9047
Honda,CR-V,2013,Petrol,Automatic,2.1,90474,170,162,3,1,Partial Service,Silver,SUV,AWD,33,GA,6047
Volkswagen,Passat,2020,Petrol,Automatic,1.7,43638,,111,2,,Full Service,White,Sedan,FWD,,IL,17768
Chevrolet,Silverado,2008,Hybrid,Automatic,5.5,173074,417,396,5,0,,Green,Truck,4WD,22,NC,500
BMW,X3,2007,Petrol,Automatic,2.6,179350,,217,3,1,No Service,,SUV,AWD,30,OH,1249
Nissan,Altima,2011,Petrol,Automatic,1.4,254068,106,107,2,,Partial Service,Blue,Sedan,FWD,37,OH,500
Mercedes-Benz,C-Class,2014,Petrol,Automatic,1.6,208382,128,133,2,1,Full Service,Green,Sedan,FWD,36,MI,6769
Honda,Pilot,2021,Petrol,Automatic,2.2,17772,177,158,1,,Partial Service,Red,SUV,AWD,36,TX,27359
Ford,Explorer,2005,Petrol,Automatic,,340297,205,208,5,1,No Service,Brown,SUV,AWD,29,FL,500
Hyundai,Santa Fe,2007,Petrol,Manual,,183997,267,239,3,,Partial Service,Gray,SUV,FWD,25,IL,500
Ford,F-150,2013,Petrol,Automatic,3.9,196172,,,3,1,Partial Service,Green,Truck,4WD,18,OH,2256
Audi,Q5,2021,Hybrid,,,27038,244,,1,0,Full Service,Silver,SUV,AWD,30,MI,33691
Hyundai,Tucson,2023,Petrol,Automatic,2.3,31805,,155,1,,Full Service,,SUV,FWD,27,NC,26499
Volkswagen,Passat,2006,Petrol,Manual,1.8,77782,149,141,4,1,No Service,Blue,Sedan,FWD,38,MI,1582
Chevrolet,Silverado,2017,Diesel,Automatic,5.5,124940,416,389,2,0,Full Service,White,Truck,4WD,12,PA,12635
Audi,A6,2017,Petrol,Automatic,2.2,115810,176,,2,0,Partial Service,,Sedan,FWD,29,NC,24584
Audi,A4,2023,Petrol,Automatic,2.3,18405,172,173,1,0,Full Service,Blue,Sedan,AWD,35,GA,39113
Toyota,Highlander,2005,Petrol,Automatic,,242038,200,,4,1,Full Service,Brown,SUV,AWD,35,MI,500
Nissan,Sentra,2014,Petrol,,1.8,158234,144,155,3,0,,Gray,Sedan,FWD,38,FL,738
Audi,A6,2015,Petrol,Automatic,1.7,191395,130,112,3,1,Partial Service,Brown,Sedan,FWD,,PA,11468
Honda,Civic,2005,Petrol,Manual,1.8,267758,148,150,4,0,Full Service,Green,Sedan,FWD,,MI,500
Ford,F-150,2015,Petrol,Automatic,,34360,379,375,2,1,,Brown,Truck,RWD,10,OH,11377
Volkswagen,Tiguan,2005,Petrol,Automatic,3,345297,225,219,5,1,Full Service,Brown,SUV,AWD,26,IL,500
Mercedes-Benz,GLC,2006,Petrol,Automatic,3.1,191251,245,223,3,0,Full Service,Silver,SUV,FWD,23,OH,710
Mercedes-Benz,E-Class,2009,Petrol,Manual,,46787,122,109,2,0,No Service,Red,Sedan,FWD,41,IL,12235
Ford,Mustang,2022,Petrol,Automatic,2.8,26452,205,,1,,Full Service,Blue,Coupe,RWD,30,PA,23052
Honda,Civic,2019,Petrol,Automatic,2.2,42434,182,177,2,,Partial Service,Blue,Sedan,AWD,31,PA,11504
Volkswagen,Tiguan,2023,Petrol,Automatic,2.6,32347,210,207,1,1,No Service,Blue,SUV,AWD,34,CA,18949
Volkswagen,Tiguan,2021,Petrol,Automatic,,56272,185,187,1,0,Partial Service,Green,SUV,AWD,30,MI,19719
Mercedes-Benz,E-Class,2022,Petrol,Automatic,2.1,31648,158,122,1,0,No Service,Brown,Sedan,FWD,34,MI,43028
Volkswagen,Passat,2024,Petrol,Automatic,1.6,376,143,,1,0,Partial Service,Gray,Sedan,FWD,36,CA,26593
Audi,A6,2022,Diesel,Automatic,1.9,49113,156,178,1,0,Full Service,Blue,Sedan,FWD,38,GA,47118
Mercedes-Benz,GLC,2005,Petrol,Manual,,324476,238,223,3,1,Full Service,White,SUV,FWD,25,GA,500
Chevrolet,Silverado,2007,Petrol,Automatic,3.3,185070,249,242,4,1,No Service,Silver,Truck,RWD,23,NY,500
Toyota,Corolla,2006,Petrol,,,187566,154,159,4,1,Full Service,Black,Sedan,AWD,37,IL,500
Nissan,Sentra,2005,Petrol,Automatic,1.8,295196,145,133,5,0,No Service,Black,Sedan,FWD,37,NY,500
Nissan,Sentra,2021,Petrol,,2.4,86670,197,197,1,0,Full Service,,Sedan,FWD,,PA,11047
Toyota,Camry,2020,Diesel,Automatic,1.5,49934,118,109,1,0,Full Service,Green,Sedan,FWD,35,CA,16007
Chevrolet,Equinox,2009,Petrol,Automatic,2.9,199813,211,191,3,0,,Green,SUV,AWD,30,,500
BMW,X3,2010,Petrol,Automatic,2.6,178364,183,186,3,0,Full Service,Black,SUV,AWD,30,MI,4851
Nissan,Pathfinder,2020,Diesel,Automatic,3.5,33715,264,,1,0,Partial Service,,SUV,FWD,26,GA,23737
Audi,Q5,2015,Diesel,Automatic,2.2,152839,160,148,2,,Full Service,,SUV,AWD,41,TX,11400
Mercedes-Benz,C-Class,2023,Petrol,Automatic,2.2,33126,182,176,1,,No Service,Silver,Sedan,FWD,34,IL,34018
Nissan,Rogue,2009,Petrol,Automatic,2.6,137183,,195,4,,Full Service,,SUV,AWD,32,CA,836
Ford,F-150,2023,Electric,Automatic,,6143,249,273,1,0,Partial Service,Green,Truck,4WD,109,,30525
Hyundai,Elantra,2008,Petrol,,1.4,139083,122,121,4,1,,Gray,Sedan,FWD,32,NC,500
Chevrolet,Malibu,2015,Petrol,Automatic,1.8,72477,,107,2,0,Partial Service,Blue,Sedan,FWD,37,IL,7080
Hyundai,Elantra,2009,Hybrid,Automatic,1.9,22756,148,142,4,,Full Service,Red,Sedan,FWD,57,NY,3452
Nissan,Rogue,2006,Petrol,Automatic,2.1,227855,144,144,4,1,Full Service,White,SUV,AWD,27,TX,500
Hyundai,Sonata,2006,Petrol,Automatic,1.8,318295,132,133,4,1,,Red,Sedan,FWD,44,OH,500
Hyundai,Elantra,2010,Petrol,Automatic,1.5,286215,144,,4,,,White,Sedan,FWD,,CA,500
Honda,Pilot,2006,Petrol,Automatic,2.5,223379,187,183,5,0,,Green,SUV,FWD,31,IL,500
Chevrolet,Silverado,2019,Petrol,Automatic,,73840,296,272,1,0,,Brown,Truck,4WD,17,OH,18925
Honda,CR-V,2024,Hybrid,Automatic,3,3730,230,221,1,0,Partial Service,Black,SUV,AWD,42,TX,27604
Hyundai,Santa Fe,2013,Petrol,Automatic,,185411,240,,2,0,Partial Service,Green,SUV,AWD,22,NY,3333
Volkswagen,Atlas,2022,Petrol,Automatic,2.9,21287,215,181,1,0,Full Service,Gray,SUV,AWD,26,IL,28535
BMW,X5,2023,Petrol,Automatic,3.2,38342,251,235,1,,,Brown,SUV,FWD,30,GA,52202
Chevrolet,Silverado,2018,Petrol,Automatic,3.7,123125,295,253,2,0,Partial Service,,Truck,4WD,15,,14507
Honda,Accord,2023,Petrol,Automatic,1.6,14280,118,111,1,0,Partial Service,,Sedan,FWD,39,TX,22258
Audi,Q5,2023,Petrol,Automatic,2.6,8837,195,189,1,0,Full Service,Brown,SUV,AWD,30,MI,41862
Ford,Mustang,2016,Petrol,Manual,3.5,79128,268,271,2,0,Full Service,,Coupe,RWD,21,OH,9824
Mercedes-Benz,GLE,2013,Petrol,Automatic,3.1,123106,242,232,4,1,Full Service,Brown,SUV,AWD,22,CA,15874
Volkswagen,Passat,2015,Petrol,Automatic,1.6,117834,119,101,2,,No Service,White,Sedan,AWD,43,PA,5014
Volkswagen,Golf,2022,Petrol,Automatic,2.1,22614,,135,1,1,No Service,Red,Hatchback,FWD,35,CA,13473
Toyota,Highlander,2021,Electric,,0,40543,281,309,1,,No Service,Gray,SUV,AWD,114,NC,21421
Mercedes-Benz,GLC,2020,Petrol,Automatic,3.2,65126,250,,1,1,Partial Service,,SUV,AWD,34,,24514
BMW,3 Series,2011,Diesel,Automatic,1.9,220635,136,125,2,,No Service,,Sedan,FWD,36,IL,2824
Mercedes-Benz,GLE,2013,Petrol,,,116950,199,,3,1,No Service,Brown,SUV,AWD,27,,14483
BMW,5 Series,2024,Petrol,Automatic,2.2,100,,150,1,0,Full Service,,Sedan,FWD,34,NC,58973
Chevrolet,Tahoe,2009,Petrol,Automatic,3.2,133953,239,236,3,,Full Service,White,SUV,AWD,25,GA,12114
Chevrolet,Equinox,2013,Petrol,Automatic,3.2,157777,246,,3,1,No Service,Green,SUV,AWD,26,NY,1817
Toyota,RAV4,2019,Petrol,Automatic,2.1,85637,168,161,2,,Partial Service,Green,SUV,AWD,33,NY,13992
Audi,A6,2011,Petrol,Automatic,2.4,190046,183,,2,0,,,Sedan,FWD,35,NY,9721
Mercedes-Benz,E-Class,2008,Petrol,Automatic,1.9,186798,159,144,5,1,,Blue,Sedan,AWD,40,,4157
Honda,CR-V,2013,Petrol,Automatic,2.6,105890,,183,3,1,Full Service,Blue,SUV,FWD,,GA,4613
Toyota,Camry,2020,Petrol,Automatic,2.3,61080,196,192,1,1,Full Service,Gray,Sedan,FWD,,NY,13181
BMW,3 Series,2011,Petrol,Automatic,2.2,239761,165,170,5,,,Black,Sedan,AWD,34,IL,1611
Toyota,Highlander,2016,Petrol,Automatic,3.3,72350,237,224,1,0,Partial Service,Brown,SUV,AWD,,IL,14469
Hyundai,Santa Fe,2017,Diesel,,2.9,70725,,203,2,1,Partial Service,Black,SUV,AWD,21,MI,12100
Nissan,Rogue,2009,Petrol,Automatic,3.2,62197,235,227,3,0,Partial Service,Brown,SUV,RWD,26,MI,4182
Volkswagen,Passat,2022,Hybrid,Automatic,1.6,14798,116,110,1,0,,Silver,Sedan,FWD,53,GA,19558
BMW,X3,2024,Diesel,Automatic,2.3,100,184,162,1,0,Full Service,Blue,SUV,FWD,29,IL,46684
Toyota,Corolla,2012,Petrol,Automatic,1.6,227341,,125,4,1,,Red,Sedan,AWD,37,IL,500
BMW,X5,2018,Petrol,,2.6,74677,201,,1,0,Full Service,Black,SUV,FWD,32,NC,33557
Ford,Escape,2022,Petrol,Automatic,2.5,14301,200,179,1,0,No Service,,SUV,AWD,25,PA,19877
Nissan,Rogue,2012,Diesel,Automatic,2.6,174984,212,204,1,,No Service,Brown,SUV,AWD,32,MI,1012
Mercedes-Benz,E-Class,2015,Electric,Automatic,0,113345,330,363,2,0,Partial Service,Gray,Sedan,FWD,121,IL,21401
Mercedes-Benz,GLC,2009,Petrol,Automatic,3.4,126046,251,,3,0,No Service,Red,SUV,AWD,26,OH,5764
Hyundai,Tucson,2024,Petrol,Automatic,2.7,2660,,219,1,0,Full Service,Red,SUV,AWD,28,IL,26685
BMW,3 Series,2012,Petrol,Automatic,2.3,187472,169,164,2,1,Partial Service,Gray,Sedan,FWD,33,TX,5330
Honda,CR-V,2006,Petrol,,2.6,211576,211,222,5,0,Partial Service,Black,SUV,FWD,29,,500
BMW,X3,2018,Petrol,Automatic,3.4,104717,,250,2,,Partial Service,White,SUV,AWD,22,IL,21404
Hyundai,Tucson,2011,Petrol,Automatic,,163483,251,223,4,,Partial Service,Gray,SUV,AWD,23,PA,539
Hyundai,Elantra,2006,Diesel,,1.4,348622,127,,3,0,Partial Service,Gray,Sedan,FWD,42,OH,500
Chevrolet,Malibu,2013,Petrol,Automatic,2.5,120490,198,204,3,1,Partial Service,Blue,Sedan,FWD,31,PA,2622
Hyundai,Sonata,2019,Petrol,Automatic,1.8,52537,139,126,2,0,No Service,Black,Sedan,FWD,,FL,11375
BMW,3 Series,2020,Diesel,Automatic,2,64519,159,152,2,0,Full Service,Brown,Sedan,FWD,,,26481
BMW,3 Series,2016,Petrol,Automatic,1.5,134560,134,126,1,0,,,Sedan,AWD,38,,13523
Chevrolet,Silverado,2022,Petrol,Automatic,5.4,8707,407,397,1,0,Partial Service,,Truck,4WD,10,MI,29728
Toyota,Highlander,2008,Petrol,Automatic,2.7,261500,203,201,5,1,,Gray,SUV,RWD,33,NC,500
BMW,3 Series,2005,Petrol,Automatic,1.7,146442,155,156,5,1,Partial Service,,Sedan,FWD,37,TX,1048
Audi,A4,2023,Petrol,Automatic,2.2,6231,,136,1,0,,White,Sedan,AWD,33,,34528
Chevrolet,Equinox,2021,Petrol,Automatic,3.1,70695,226,231,1,0,Partial Service,Black,SUV,AWD,19,FL,17258
Mercedes-Benz,C-Class,2022,Petrol,Automatic,2.3,7971,194,,1,0,,Black,Sedan,AWD,27,PA,35928
Volkswagen,Passat,2013,Petrol,Automatic,1.5,331133,120,121,4,1,,Green,Sedan,FWD,38,CA,500
Volkswagen,Tiguan,2019,Diesel,Automatic,3.5,111030,283,261,2,0,Partial Service,,SUV,AWD,18,PA,12256
Honda,Pilot,2019,Electric,,0,70920,298,327,2,,,Silver,SUV,AWD,141,IL,21249
Ford,Explorer,2014,Petrol,Automatic,3.3,97081,249,230,1,1,,Green,SUV,AWD,22,CA,8739
BMW,X5,2023,Petrol,Automatic,3.1,12100,234,219,1,0,Partial Service,,SUV,AWD,,GA,52651
Honda,CR-V,2014,Petrol,Automatic,,152016,211,195,3,0,,,SUV,AWD,28,PA,4091
Hyundai,Santa Fe,2007,Petrol,,3.3,92572,241,246,4,0,Full Service,Blue,SUV,AWD,25,OH,2840
Toyota,Corolla,2018,Hybrid,Automatic,2.1,108997,145,140,3,0,,Brown,Sedan,AWD,,NY,5552
Toyota,Camry,2022,Electric,Automatic,0,36012,304,,1,0,Partial Service,White,Sedan,FWD,102,NC,9546
Honda,CR-V,2019,Hybrid,Automatic,2.9,46245,,216,2,1,Partial Service,Gray,SUV,AWD,53,,13406
Mercedes-Benz,GLE,2022,Petrol,Automatic,2.2,28078,170,175,1,0,Full Service,White,SUV,AWD,34,TX,47531
BMW,3 Series,2018,Petrol,Automatic,2.1,46361,166,157,2,1,,,Sedan,FWD,39,PA,19217
Hyundai,Tucson,2011,Diesel,Manual,2.1,268825,181,163,3,,Partial Service,White,SUV,AWD,39,NC,500
Honda,Civic,2006,Petrol,Automatic,2,110473,,149,3,1,Full Service,,Sedan,FWD,30,NC,500
Nissan,Pathfinder,2009,Petrol,Automatic,2.8,323422,228,218,4,1,Partial Service,,SUV,AWD,26,IL,500
BMW,X3,2017,Hybrid,Automatic,3,21097,,222,2,0,,Black,SUV,FWD,48,TX,26770
Audi,A4,2018,Petrol,Automatic,2.3,48889,179,182,2,0,Full Service,Black,Sedan,FWD,34,,23154
Hyundai,Santa Fe,2020,Petrol,Automatic,2.5,60385,185,,2,1,,Red,SUV,FWD,29,,17211
Chevrolet,Tahoe,2011,Petrol,Automatic,3.4,106387,251,237,3,1,Partial Service,Brown,SUV,AWD,28,FL,9799
Volkswagen,Passat,2019,Petrol,Automatic,1.9,29990,146,148,2,,Partial Service,White,Sedan,FWD,31,NY,16502
Toyota,Highlander,2010,Petrol,Automatic,3.4,121692,259,,4,,Partial Service,Gray,SUV,FWD,21,FL,3698
Audi,Q7,2009,Petrol,Automatic,3.3,67005,,243,4,0,Full Service,White,SUV,AWD,23,FL,11673
Chevrolet,Tahoe,2010,Petrol,Automatic,,200160,244,225,4,1,Partial Service,White,SUV,AWD,24,,4684
Volkswagen,Passat,2014,Petrol,Automatic,,224844,198,172,3,1,Full Service,Brown,Sedan,FWD,32,NY,500
BMW,5 Series,2013,Petrol,Automatic,2.2,197964,,,4,0,No Service,Gray,Sedan,FWD,34,GA,9720
Audi,Q7,2023,Petrol,Automatic,3.1,4566,232,219,1,,Partial Service,Blue,SUV,AWD,29,FL,51787
Mercedes-Benz,E-Class,2021,Hybrid,Automatic,2.3,5594,186,185,1,0,Full Service,Blue,Sedan,FWD,37,TX,45618
Volkswagen,Passat,2021,Hybrid,Automatic,2.5,43578,166,155,1,0,,Gray,Sedan,AWD,54,TX,19740
Volkswagen,Tiguan,2021,Petrol,Automatic,2.7,2797,226,199,1,0,Full Service,Green,SUV,AWD,27,NY,22287
Volkswagen,Golf,2018,Petrol,,2,26251,133,128,3,0,Partial Service,Gray,Hatchback,FWD,37,,12522
Ford,Explorer,2017,Hybrid,,,67877,247,233,3,0,,,SUV,AWD,35,PA,13385
Chevrolet,Silverado,2016,Petrol,Automatic,3.7,141515,,270,2,1,Full Service,Red,Truck,4WD,26,NY,8619
Hyundai,Elantra,2019,Hybrid,Automatic,1.6,92764,144,141,1,0,No Service,Silver,Sedan,AWD,53,NC,7400
Ford,Explorer,2021,Petrol,Automatic,2.4,48502,191,176,1,0,Partial Service,Blue,SUV,AWD,34,,25546
Chevrolet,Tahoe,2018,Petrol,Automatic,3.3,49611,250,233,2,0,Partial Service,White,SUV,FWD,14,GA,25982
Volkswagen,Golf,2009,Petrol,Automatic,2.1,195275,158,145,2,1,Partial Service,Red,Hatchback,FWD,26,,500
Audi,A6,2019,Petrol,Automatic,2.3,106579,173,168,1,0,Partial Service,Black,Sedan,FWD,32,GA,29212
BMW,3 Series,2005,Petrol,Automatic,2.1,243763,138,127,3,0,No Service,Green,Sedan,FWD,34,FL,500
Volkswagen,Tiguan,2005,Petrol,Automatic,,331985,157,149,4,0,Full Service,Red,SUV,AWD,34,PA,500
Toyota,Highlander,2007,Petrol,Manual,2.3,128175,185,187,5,,Full Service,Red,SUV,FWD,34,NY,1955
Nissan,Sentra,2022,Petrol,,2.5,39826,201,196,1,0,Full Service,Blue,Sedan,AWD,26,TX,15527
Chevrolet,Equinox,2008,Petrol,Manual,,83759,,259,4,0,No Service,White,SUV,AWD,19,FL,2358
Hyundai,Santa Fe,2014,Petrol,Automatic,3,95113,214,204,3,,Full Service,White,SUV,RWD,32,MI,7829
Ford,Mustang,2011,Hybrid,,3.9,165532,298,284,4,1,No Service,Red,Coupe,RWD,34,,648
Chevrolet,Equinox,2010,Petrol,Automatic,2.1,130235,153,143,3,0,Partial Service,Blue,SUV,FWD,,MI,1573
Ford,F-150,2021,Hybrid,Automatic,4.6,9966,,309,1,0,Full Service,,Truck,4WD,35,GA,23944
Mercedes-Benz,GLC,2007,Petrol,Automatic,2.2,122839,161,,4,0,Full Service,White,SUV,FWD,,CA,5073
Mercedes-Benz,C-Class,2008,Petrol,Automatic,1.9,298382,,122,3,0,Partial Service,,Sedan,FWD,31,,500
BMW,5 Series,2014,Petrol,Automatic,1.9,164991,152,144,1,0,No Service,Gray,Sedan,FWD,36,FL,15007
Ford,Mustang,2016,Petrol,Manual,3.3,92626,255,234,2,0,Full Service,,Coupe,RWD,29,GA,9279
Toyota,Corolla,2021,Diesel,Automatic,,64079,156,167,1,1,Full Service,Brown,Sedan,FWD,,PA,10707
Honda,Civic,2016,Hybrid,,,189948,183,178,1,1,,Black,Sedan,AWD,54,PA,1095
Honda,Accord,2006,Petrol,Manual,1.6,92440,132,115,4,0,Full Service,Brown,Sedan,FWD,39,GA,1241
Ford,F-150,2022,Diesel,Automatic,,19738,226,,1,0,Partial Service,,Truck,4WD,,TX,25915
BMW,5 Series,2020,Petrol,Automatic,1.5,58459,109,100,1,0,,,Sedan,AWD,39,,36370
Honda,CR-V,2018,Hybrid,Automatic,3.3,81567,251,229,1,1,Full Service,Blue,SUV,AWD,42,,11551
Honda,Pilot,2010,Petrol,Automatic,2.4,95740,169,146,2,,Partial Service,Black,SUV,AWD,29,TX,6312
Ford,Mustang,2018,Petrol,Manual,3.8,102344,,297,1,,Full Service,White,Coupe,RWD,19,,11596
Nissan,Altima,2012,Petrol,Automatic,2.3,201799,181,172,2,1,Partial Service,Blue,Sedan,FWD,36,PA,500
Audi,Q5,2021,Petrol,Automatic,3.4,42024,267,262,1,,No Service,Red,SUV,AWD,27,TX,28938
Ford,F-150,2006,Petrol,Manual,5.3,196590,,,3,1,Partial Service,Silver,Truck,4WD,12,OH,500
BMW,3 Series,2014,Petrol,Automatic,2.3,58630,171,,2,,,Green,Sedan,FWD,31,TX,13925
Mercedes-Benz,GLE,2017,Petrol,,2.4,53349,163,162,2,0,Full Service,,SUV,AWD,31,NY,33427
Hyundai,Elantra,2023,Petrol,Automatic,1.7,100,149,138,1,0,Full Service,Red,Sedan,FWD,38,CA,18264
Nissan,Sentra,2011,Petrol,Manual,1.4,210549,110,104,2,1,Full Service,Black,Sedan,FWD,42,NY,500
Toyota,Camry,2019,Hybrid,Automatic,1.7,66865,132,125,1,0,Partial Service,Green,Sedan,FWD,51,PA,12793
Nissan,Pathfinder,2014,Petrol,Automatic,2.2,80543,170,,2,,Full Service,Red,SUV,FWD,34,OH,8964
BMW,3 Series,2009,Petrol,Automatic,2.1,151126,155,141,4,1,Partial Service,Blue,Sedan,AWD,32,TX,3490
Volkswagen,Tiguan,2016,Petrol,Automatic,2.4,120138,,169,3,0,No Service,Green,SUV,AWD,29,NY,6512
Volkswagen,Passat,2022,Petrol,Automatic,2.3,42636,178,173,1,0,Full Service,Green,Sedan,FWD,33,,22904
Audi,A4,2007,Petrol,,2,198490,161,148,4,1,Partial Service,Black,Sedan,FWD,,NC,500
Honda,Pilot,2019,Petrol,Automatic,2.6,39121,220,214,2,0,Partial Service,Red,SUV,FWD,,OH,22361
Honda,Pilot,2020,Petrol,Automatic,2.8,19245,232,219,1,0,No Service,Green,SUV,AWD,25,CA,21316
Nissan,Rogue,2012,Petrol,Automatic,2.3,66297,200,176,2,0,Full Service,White,SUV,FWD,33,GA,7371
BMW,X3,2022,Petrol,Automatic,3.4,1531,263,,1,0,No Service,Blue,SUV,FWD,25,NC,31750
Audi,Q5,2018,Petrol,Automatic,3.2,101715,242,,1,0,Full Service,Brown,SUV,FWD,28,NY,22039
Nissan,Pathfinder,2005,Petrol,Automatic,2.3,213166,196,175,4,1,,Blue,SUV,FWD,27,NY,500
Hyundai,Sonata,2016,Hybrid,Automatic,1.6,133357,,111,2,,Full Service,White,Sedan,FWD,63,TX,5207
Volkswagen,Passat,2014,Petrol,Automatic,1.9,132867,159,148,2,0,Full Service,Blue,Sedan,AWD,40,NC,5151
Toyota,Corolla,2005,Hybrid,Automatic,2.2,86893,161,137,5,1,Full Service,Brown,Sedan,FWD,45,CA,500
Volkswagen,Tiguan,2024,Petrol,Automatic,2.3,2813,170,178,1,0,No Service,Blue,SUV,AWD,,TX,25906
BMW,5 Series,2010,Petrol,,1.9,231624,,158,3,1,Partial Service,Green,Sedan,FWD,32,NC,4371
Volkswagen,Tiguan,2024,Petrol,Automatic,2.3,100,186,174,1,0,Full Service,Brown,SUV,FWD,30,IL,30858
Ford,Explorer,2010,Petrol,Automatic,2.9,38472,204,180,3,0,Partial Service,White,SUV,AWD,26,CA,8154
Toyota,RAV4,2010,Petrol,Manual,2.6,46982,204,186,3,1,No Service,,SUV,AWD,29,,4862
Honda,Pilot,2016,Hybrid,Automatic,3.2,100,,236,2,0,Partial Service,Gray,SUV,AWD,34,CA,17835
Mercedes-Benz,E-Class,2022,Petrol,Automatic,,7771,177,176,1,0,Partial Service,Green,Sedan,FWD,37,OH,47387
Toyota,Camry,2018,Petrol,Automatic,1.7,104933,139,,2,,,Blue,Sedan,FWD,,,7751
Mercedes-Benz,GLE,2024,Petrol,,2.9,5406,218,,1,0,No Service,Red,SUV,RWD,25,GA,56518
Audi,Q7,2015,Petrol,Automatic,2.4,160100,189,180,2,0,Full Service,Gray,SUV,AWD,36,GA,20451
Mercedes-Benz,E-Class,2015,Petrol,Automatic,,73828,159,,3,0,Partial Service,Silver,Sedan,FWD,34,CA,22357
Mercedes-Benz,E-Class,2024,Petrol,Automatic,,100,143,139,1,0,Partial Service,Gray,Sedan,FWD,,CA,54340
Chevrolet,Silverado,2021,Hybrid,Automatic,4.4,9676,317,302,1,,No Service,,Truck,4WD,31,NC,23376
Hyundai,Tucson,2010,Petrol,Automatic,2.8,105832,202,226,2,1,Partial Service,Red,SUV,RWD,,MI,2214
BMW,5 Series,2022,Petrol,Automatic,1.5,17983,117,112,1,,Full Service,Red,Sedan,FWD,37,OH,38486
Ford,F-150,2015,Petrol,Automatic,3.5,144188,254,236,2,0,Full Service,Green,Truck,RWD,20,FL,7068
Ford,Escape,2014,Petrol,,2.3,132615,180,166,2,0,Full Service,Blue,SUV,AWD,30,OH,5066
BMW,3 Series,2016,Petrol,Automatic,2.1,52699,167,142,3,0,Full Service,Red,Sedan,AWD,36,PA,19931
Chevrolet,Equinox,2024,Petrol,Automatic,2.2,3641,184,,1,0,Full Service,Green,SUV,AWD,,NY,26776
Ford,Explorer,2021,Diesel,Automatic,2.3,43560,175,155,1,0,No Service,Blue,SUV,AWD,33,FL,20892
Chevrolet,Malibu,2016,Hybrid,Automatic,2.2,155002,171,163,3,1,No Service,Brown,Sedan,FWD,43,,2813
Hyundai,Sonata,2005,Petrol,Automatic,,68228,181,177,4,1,Full Service,,Sedan,AWD,,OH,1229
Honda,Pilot,2014,Petrol,Automatic,3,121611,240,231,3,0,,Silver,SUV,AWD,22,CA,9952
Honda,Accord,2018,Hybrid,Automatic,2.4,94747,183,169,1,0,Partial Service,Green,Sedan,AWD,45,OH,12223
Ford,Explorer,2021,Diesel,Automatic,2,17601,165,150,1,,Full Service,,SUV,AWD,,IL,28213
Chevrolet,Silverado,2006,Hybrid,Automatic,,121856,317,288,4,1,No Service,Black,Truck,4WD,35,MI,1099
Hyundai,Elantra,2007,Petrol,Automatic,1.9,97229,178,162,3,1,Full Service,,Sedan,FWD,33,IL,500
Ford,Escape,2022,Petrol,Automatic,3.1,56865,251,248,1,0,Partial Service,Green,SUV,AWD,29,NC,18162
Audi,Q5,2022,Hybrid,Automatic,3,23771,216,,1,,Full Service,Green,SUV,AWD,45,FL,35769
Volkswagen,Passat,2007,Petrol,Manual,2.4,82452,,186,5,1,Full Service,Red,Sedan,FWD,27,PA,1959
Mercedes-Benz,GLE,2008,Petrol,Manual,3.5,57000,256,225,4,0,Partial Service,Silver,SUV,AWD,29,NC,11930
Toyota,Corolla,2018,Petrol,Automatic,1.6,61260,130,,2,1,Partial Service,Brown,Sedan,FWD,29,OH,7407
Audi,Q7,2014,Petrol,Automatic,2.3,215705,,178,4,0,Partial Service,White,SUV,AWD,,,13271
Hyundai,Tucson,2006,Petrol,Automatic,2.9,123113,228,213,4,0,Full Service,Red,SUV,AWD,,IL,500
Honda,Accord,2017,Petrol,Automatic,2.4,102878,189,180,1,0,,Green,Sedan,FWD,31,MI,9049
BMW,5 Series,2011,Petrol,Manual,1.7,139914,137,104,3,1,No Service,Blue,Sedan,FWD,40,NC,8090
Nissan,Pathfinder,2010,Petrol,Automatic,,241150,263,241,4,0,No Service,White,SUV,AWD,26,PA,500
Ford,F-150,2014,Hybrid,Automatic,,32397,,,3,0,Full Service,Gray,Truck,4WD,29,,13777
Ford,Escape,2022,Petrol,,2.4,2935,189,176,1,1,Partial Service,Silver,SUV,AWD,,NC,17080
Hyundai,Sonata,2020,Diesel,Automatic,1.7,10192,135,,2,0,No Service,Gray,Sedan,AWD,33,GA,15922
Toyota,Highlander,2020,Petrol,Automatic,2,60054,170,163,1,,Full Service,Silver,SUV,AWD,29,CA,21369
Hyundai,Elantra,2012,Petrol,Automatic,1.9,100,151,154,2,0,Partial Service,Blue,Sedan,FWD,,FL,7463
Volkswagen,Tiguan,2009,Petrol,Manual,2.9,65680,219,203,3,1,,Blue,SUV,AWD,27,,3485
Audi,Q7,2016,Petrol,Automatic,2,111147,165,168,3,0,Partial Service,Gray,SUV,AWD,,,24056
Nissan,Pathfinder,2015,Hybrid,,,141124,216,190,3,0,Partial Service,,SUV,FWD,49,,8286
Chevrolet,Equinox,2011,Petrol,Manual,,187937,177,168,2,,Full Service,Black,SUV,AWD,36,IL,500
Honda,Pilot,2008,Petrol,Automatic,2,104905,161,149,4,0,Full Service,Gray,SUV,AWD,38,OH,4611
Mercedes-Benz,GLE,2014,Petrol,Automatic,2.6,122086,207,190,2,0,No Service,,SUV,AWD,32,OH,17608
Volkswagen,Passat,2013,Petrol,Automatic,2.1,160002,193,,3,1,Partial Service,Black,Sedan,FWD,35,TX,2297
Volkswagen,Passat,2007,Diesel,Manual,,148339,192,179,5,1,Partial Service,White,Sedan,AWD,34,TX,500
Hyundai,Sonata,2012,Diesel,Automatic,2.1,143256,194,180,3,0,Partial Service,Gray,Sedan,FWD,36,IL,1591
Volkswagen,Atlas,2006,Petrol,Manual,,20493,219,213,5,0,,Blue,SUV,AWD,27,OH,5797
Hyundai,Tucson,2007,Petrol,Automatic,3.3,230887,243,243,2,0,,Blue,SUV,AWD,23,OH,500
Nissan,Rogue,2019,Petrol,Automatic,3,17606,237,227,1,0,Full Service,Black,SUV,FWD,23,NC,18803
Audi,A4,2017,Hybrid,Automatic,2.4,78027,193,185,2,0,Full Service,Silver,Sedan,FWD,47,NC,19421
Nissan,Pathfinder,2024,Hybrid,Automatic,2.1,2536,145,,1,0,,Green,SUV,RWD,48,CA,33565
Nissan,Rogue,2014,Petrol,Automatic,,101625,257,232,2,1,,Silver,SUV,AWD,,FL,5915
Honda,Pilot,2008,Petrol,Automatic,,245459,263,255,4,1,,Gray,SUV,AWD,28,,500
BMW,3 Series,2021,Diesel,Automatic,2.3,32068,191,182,1,0,Full Service,White,Sedan,FWD,37,MI,30956
Volkswagen,Atlas,2022,Petrol,Automatic,,30750,,198,1,1,,Blue,SUV,AWD,,FL,22603
Ford,F-150,2008,Petrol,Automatic,4.2,259741,,297,4,1,,Brown,Truck,4WD,19,,500
Hyundai,Elantra,2012,Petrol,Automatic,2.1,80412,160,164,4,,Full Service,Gray,Sedan,FWD,32,,3582
Chevrolet,Malibu,2014,Petrol,Automatic,2.5,282847,203,192,2,1,Full Service,,Sedan,FWD,27,NY,500
Hyundai,Tucson,2023,Hybrid,Automatic,3.2,5277,,255,1,0,No Service,Silver,SUV,AWD,38,GA,20755
Honda,Accord,2024,Petrol,Automatic,2,100,155,120,1,0,Partial Service,Black,Sedan,FWD,29,TX,24235
Nissan,Rogue,2005,Petrol,Manual,3.2,230400,237,214,4,0,Partial Service,Silver,SUV,RWD,,NC,500
BMW,X3,2020,Petrol,Automatic,2.6,76956,210,200,2,0,,Brown,SUV,AWD,24,,27479
Mercedes-Benz,GLC,2012,Petrol,,3,97055,221,220,3,1,,Blue,SUV,FWD,24,FL,10382
Chevrolet,Equinox,2008,Petrol,Manual,3,273822,,228,3,1,Partial Service,Silver,SUV,AWD,29,PA,500
Toyota,RAV4,2006,Petrol,,2.2,228747,175,161,4,1,Partial Service,White,SUV,AWD,32,,500
Toyota,Highlander,2012,Petrol,,2.3,121773,,167,3,,Partial Service,Black,SUV,AWD,26,PA,5629
BMW,5 Series,2015,Petrol,Automatic,1.6,77316,124,,4,1,Partial Service,Brown,Sedan,AWD,36,TX,17100
Nissan,Sentra,2013,Diesel,Automatic,,48270,191,180,2,1,No Service,Silver,Sedan,FWD,28,,4311
Volkswagen,Passat,2021,Petrol,Automatic,1.9,50153,149,136,1,0,Full Service,Black,Sedan,FWD,36,NC,19478
Chevrolet,Malibu,2010,Petrol,Automatic,1.6,312175,144,142,3,0,Partial Service,Red,Sedan,AWD,32,TX,500
Honda,Accord,2006,Petrol,Automatic,,139972,138,107,4,1,No Service,White,Sedan,FWD,34,GA,500
Nissan,Rogue,2010,Petrol,Manual,2.1,148632,176,164,3,1,Full Service,,SUV,AWD,,TX,863
Ford,Explorer,2011,Petrol,Manual,3.3,256811,,249,5,1,Partial Service,Silver,SUV,AWD,,PA,500
Hyundai,Elantra,2015,Petrol,Automatic,1.4,133229,124,123,2,0,No Service,White,Sedan,FWD,32,OH,2357
Toyota,RAV4,2012,Petrol,,2.4,119917,196,185,3,1,,Green,SUV,FWD,38,OH,3530
Mercedes-Benz,E-Class,2011,Petrol,Automatic,2,208167,139,,4,1,No Service,Green,Sedan,FWD,34,FL,6543
Chevrolet,Silverado,2012,Petrol,Automatic,3.8,128852,296,271,4,1,Full Service,,Truck,RWD,17,,4818
Ford,Mustang,2006,Petrol,Automatic,2.8,280850,221,,4,1,Full Service,Black,Coupe,AWD,31,IL,500
Mercedes-Benz,GLE,2005,Petrol,,3.2,332791,249,240,5,0,Partial Service,Green,SUV,AWD,29,MI,500
BMW,5 Series,2021,Petrol,Automatic,,22712,139,126,1,0,,Green,Sedan,FWD,,NY,45184
Ford,Explorer,2021,Petrol,Automatic,2.5,1597,,193,1,0,Partial Service,,SUV,AWD,25,PA,26571
Hyundai,Tucson,2015,Petrol,Automatic,3.3,101788,264,240,1,1,No Service,White,SUV,AWD,26,PA,5735
Volkswagen,Golf,2012,Petrol,Automatic,2.5,225624,,141,3,0,Partial Service,White,Hatchback,AWD,31,,500
Honda,Pilot,2019,Petrol,Automatic,3.4,79115,264,243,2,0,Partial Service,Brown,SUV,AWD,22,MI,19532
Nissan,Sentra,2007,Petrol,Automatic,2.3,109580,,163,4,0,Partial Service,Silver,Sedan,FWD,37,FL,500
Volkswagen,Passat,2017,Petrol,Automatic,1.6,68647,145,134,3,1,Partial Service,Red,Sedan,FWD,39,NY,9330
Mercedes-Benz,E-Class,2005,Petrol,Automatic,2.1,197454,175,,4,0,Partial Service,White,Sedan,FWD,38,FL,1515
Nissan,Altima,2009,Petrol,Manual,1.6,339532,134,123,5,1,Partial Service,Brown,Sedan,AWD,37,GA,500
Honda,Pilot,2017,Diesel,Automatic,3.4,67421,260,,3,0,Partial Service,Black,SUV,FWD,23,FL,15473
Ford,Mustang,2019,Petrol,Automatic,,66921,,344,3,,No Service,Black,Coupe,RWD,15,,12196
Audi,Q5,2008,Petrol,Automatic,,151231,216,210,4,,Partial Service,Green,SUV,AWD,26,GA,5662
BMW,3 Series,2019,Petrol,Automatic,1.4,85598,111,116,1,0,No Service,,Sedan,FWD,45,,19979
Audi,A6,2009,Petrol,Manual,1.7,229670,154,126,4,1,No Service,Red,Sedan,FWD,34,CA,3109
Volkswagen,Tiguan,2015,Petrol,Automatic,2.9,126977,227,232,3,1,Partial Service,Brown,SUV,AWD,31,NY,5631
Volkswagen,Tiguan,2017,Petrol,,2.9,120299,223,217,2,0,Partial Service,Brown,SUV,FWD,34,,4856
BMW,5 Series,2008,Petrol,Automatic,2.2,112969,181,167,3,1,,Gray,Sedan,FWD,36,PA,7556
Honda,CR-V,2013,Hybrid,Automatic,3.4,234636,263,272,1,0,Partial Service,Gray,SUV,AWD,40,FL,500
Toyota,Camry,2015,Electric,Automatic,0,109471,,,3,1,Full Service,Brown,Sedan,AWD,106,PA,5820
Ford,F-150,2023,Petrol,,3.5,13980,263,275,1,1,Full Service,Green,Truck,4WD,20,MI,25324
Hyundai,Elantra,2024,Petrol,,2.2,8010,177,,1,0,Full Service,Blue,Sedan,FWD,32,GA,21765
Nissan,Altima,2020,Petrol,Automatic,1.7,44314,142,156,1,0,,Black,Sedan,FWD,36,TX,13680
Honda,Civic,2019,Hybrid,Automatic,,34892,166,,1,0,Full Service,White,Sedan,FWD,45,,11901
Audi,A6,2018,Petrol,Automatic,1.8,46002,150,133,2,1,Full Service,Gray,Sedan,AWD,37,PA,26073
Volkswagen,Passat,2019,Diesel,Automatic,2.4,93250,,183,2,0,Full Service,Gray,Sedan,FWD,32,PA,13427
Mercedes-Benz,E-Class,2023,Petrol,Automatic,2.2,19326,163,151,1,0,Partial Service,Black,Sedan,FWD,28,IL,49589
Chevrolet,Tahoe,2014,Petrol,Automatic,2.8,130571,232,210,3,0,Partial Service,Red,SUV,AWD,29,GA,15299
Chevrolet,Malibu,2024,Hybrid,,1.5,100,120,105,1,0,No Service,,Sedan,FWD,55,,20193
BMW,X3,2007,Petrol,,2.2,233184,171,152,3,,Full Service,Gray,SUV,AWD,34,NY,500
Toyota,Corolla,2012,Hybrid,Automatic,1.7,213663,140,147,3,,,Black,Sedan,FWD,,FL,500
Chevrolet,Tahoe,2006,Petrol,,3,326193,227,219,5,0,Full Service,Green,SUV,AWD,30,TX,500
BMW,X3,2009,Hybrid,Automatic,3.1,144341,,220,3,,Partial Service,Green,SUV,FWD,45,,5103
Hyundai,Elantra,2008,Petrol,Manual,2.4,203710,177,174,4,0,Full Service,White,Sedan,FWD,32,MI,500
Mercedes-Benz,GLC,2007,Petrol,Automatic,3.2,100,242,225,4,0,Partial Service,Red,SUV,AWD,,,10205
Audi,Q7,2018,Hybrid,Automatic,2.7,80097,223,218,2,0,Partial Service,,SUV,AWD,37,MI,29331
BMW,X5,2022,Electric,Automatic,0,8375,359,394,1,0,Full Service,Gray,SUV,AWD,133,NY,53948
Mercedes-Benz,GLE,2015,Petrol,Automatic,3.4,68791,263,,2,1,Full Service,White,SUV,AWD,19,,24184
Audi,A4,2008,Petrol,Manual,2.2,103406,168,161,3,0,Partial Service,Gray,Sedan,FWD,36,,4868
Audi,A6,2020,Diesel,Automatic,1.6,63531,113,101,1,0,No Service,,Sedan,FWD,38,IL,36448
BMW,X5,2016,Petrol,Automatic,2.1,128012,162,,3,1,Partial Service,Red,SUV,AWD,36,FL,19344
Volkswagen,Atlas,2022,Petrol,Automatic,3.1,28426,246,251,1,0,Full Service,White,SUV,FWD,30,GA,30652
Hyundai,Santa Fe,2016,Petrol,,3.2,61639,227,211,2,1,Full Service,White,SUV,FWD,27,PA,11073
BMW,5 Series,2005,Petrol,Automatic,1.7,180451,132,134,5,1,Partial Service,Brown,Sedan,AWD,34,,1810
Hyundai,Elantra,2016,Hybrid,Automatic,2,161432,151,138,1,1,Full Service,Green,Sedan,FWD,,CA,1898
Nissan,Sentra,2018,Electric,Automatic,0,28104,384,422,1,1,,Brown,Sedan,FWD,116,FL,9258
Ford,Mustang,2018,Petrol,Manual,,53834,,281,1,0,Full Service,Green,Coupe,RWD,20,,14710
Mercedes-Benz,GLE,2006,Petrol,Automatic,2.5,192199,205,192,2,0,Full Service,Gray,SUV,AWD,31,PA,4208
BMW,5 Series,2021,Petrol,Automatic,1.7,6158,,,1,0,,Green,Sedan,AWD,35,MI,43946
Ford,Explorer,2024,Hybrid,Automatic,2.2,100,169,166,1,0,Partial Service,,SUV,FWD,53,TX,31598
BMW,5 Series,2009,Petrol,,2.3,100256,168,151,3,1,Full Service,Green,Sedan,FWD,32,,8514
Nissan,Pathfinder,2012,Petrol,Automatic,,58291,177,176,3,1,Full Service,Blue,SUV,AWD,39,GA,7396
Hyundai,Tucson,2005,Petrol,Automatic,2.7,356862,217,220,5,0,Full Service,Gray,SUV,FWD,31,NC,500
Chevrolet,Silverado,2010,Petrol,,4.4,177533,336,320,3,1,No Service,Red,Truck,4WD,19,NY,1175
Hyundai,Elantra,2017,Hybrid,Automatic,2.4,85165,182,180,2,0,,Black,Sedan,FWD,43,MI,6573
Audi,Q7,2024,Petrol,Automatic,3,100,244,228,1,0,Partial Service,Green,SUV,RWD,28,IL,59636
Chevrolet,Silverado,2018,Hybrid,Automatic,5.2,96845,377,,2,0,Full Service,White,Truck,4WD,27,FL,15183
Honda,Civic,2016,Petrol,Automatic,1.6,7668,132,109,1,1,,Black,Sedan,FWD,42,MI,7917
Hyundai,Tucson,2007,Petrol,Automatic,2,199248,166,,3,1,Full Service,,SUV,AWD,,TX,500
Nissan,Rogue,2023,Petrol,,,17895,271,252,1,0,No Service,,SUV,FWD,,GA,21764
Chevrolet,Malibu,2014,Petrol,Automatic,2.2,100,203,195,3,,,,Sedan,FWD,34,FL,10022
Mercedes-Benz,GLE,2017,Petrol,Automatic,2.8,122372,217,198,2,0,Full Service,Gray,SUV,AWD,,FL,29595
Nissan,Sentra,2021,Diesel,Automatic,2.3,25698,179,159,1,0,Partial Service,Gray,Sedan,FWD,31,TX,14918
Honda,CR-V,2009,Petrol,Automatic,2.8,298131,236,224,4,0,Full Service,,SUV,AWD,30,OH,500
Volkswagen,Tiguan,2022,Petrol,Automatic,2.1,43275,,136,1,0,Full Service,Red,SUV,AWD,34,OH,23873
Toyota,Highlander,2023,Diesel,Automatic,,100,211,206,1,1,No Service,Gray,SUV,AWD,27,FL,23783
Honda,Accord,2013,Petrol,Automatic,1.7,192524,145,137,3,1,No Service,Black,Sedan,FWD,36,PA,571
Toyota,Camry,2011,Petrol,,1.8,97437,,160,4,0,Partial Service,Silver,Sedan,FWD,34,PA,3261
Toyota,Highlander,2014,Petrol,Automatic,2.8,60717,209,192,2,,Partial Service,,SUV,AWD,28,,10609
Hyundai,Elantra,2012,Petrol,Automatic,1.5,167559,127,128,3,1,No Service,Green,Sedan,FWD,40,,500
Toyota,Corolla,2013,Petrol,Automatic,1.4,32307,151,135,4,,Full Service,,Sedan,AWD,35,GA,6049
Volkswagen,Golf,2024,Diesel,,1.9,100,169,164,1,0,No Service,Blue,Hatchback,FWD,32,GA,20893
Audi,Q5,2019,Petrol,Automatic,3.2,71958,253,,1,1,Full Service,,SUV,AWD,24,CA,21395
Ford,Mustang,2014,Petrol,,,194944,281,269,2,1,,Green,Coupe,RWD,13,GA,1360
Honda,Pilot,2024,Hybrid,Automatic,3.1,100,,212,1,0,Full Service,Black,SUV,FWD,34,IL,36959
Mercedes-Benz,GLE,2006,Petrol,Automatic,3.4,274557,254,238,5,0,Partial Service,Brown,SUV,FWD,,IL,500
Chevrolet,Tahoe,2010,Petrol,Automatic,2.9,35170,215,198,2,0,Full Service,,SUV,AWD,34,NY,13693
Ford,Mustang,2006,Diesel,Automatic,3.9,151543,292,276,4,1,Full Service,Black,Coupe,RWD,18,,500
Ford,F-150,2008,Petrol,Automatic,5.1,280129,,336,5,1,Partial Service,,Truck,RWD,13,TX,500
Toyota,Camry,2023,Petrol,Automatic,1.7,8156,137,145,1,0,No Service,Gray,Sedan,AWD,34,OH,18475
Hyundai,Santa Fe,2009,Petrol,Automatic,2.5,125975,,169,3,1,Full Service,Brown,SUV,AWD,34,PA,2395
Honda,Pilot,2023,Petrol,Automatic,3.4,100,251,243,1,0,Full Service,Gray,SUV,AWD,,FL,37666
Ford,Explorer,2010,Petrol,Manual,,191424,216,207,4,1,,Brown,SUV,AWD,27,PA,750
Volkswagen,Golf,2007,Petrol,,2,127386,170,170,3,,Full Service,Blue,Hatchback,FWD,37,NC,500
Honda,CR-V,2009,Petrol,Automatic,3.1,262098,,229,3,0,Full Service,White,SUV,AWD,,MI,500
Volkswagen,Passat,2011,Petrol,Manual,1.9,193077,147,138,4,0,Full Service,Black,Sedan,FWD,32,OH,500
Hyundai,Santa Fe,2019,Petrol,Automatic,2.8,71932,217,,1,0,Full Service,Brown,SUV,AWD,,NC,17689
Honda,Accord,2021,Hybrid,Automatic,1.5,56238,108,,1,1,Full Service,Green,Sedan,FWD,50,PA,15291
Hyundai,Sonata,2021,Petrol,Automatic,2.3,34882,,181,1,0,Partial Service,Red,Sedan,FWD,32,CA,17008
Audi,A4,2015,Diesel,Automatic,1.4,46144,116,110,2,1,Full Service,White,Sedan,FWD,42,TX,14308
Audi,Q7,2014,Petrol,Automatic,3.1,44887,237,212,1,0,Full Service,Black,SUV,AWD,25,NC,22658
Nissan,Altima,2014,Petrol,Automatic,1.9,109883,141,151,4,0,Full Service,Red,Sedan,FWD,38,NY,4695
BMW,3 Series,2008,Petrol,Automatic,2.5,231727,190,192,3,1,Partial Service,Brown,Sedan,FWD,38,PA,500
BMW,X5,2008,Hybrid,Automatic,,84603,174,,5,0,Partial Service,,SUV,FWD,52,OH,10444
Hyundai,Santa Fe,2012,Petrol,Automatic,3,180596,238,218,3,0,Full Service,,SUV,AWD,28,FL,2647
Ford,Explorer,2024,Petrol,Automatic,,4542,194,175,1,0,No Service,Brown,SUV,AWD,31,CA,30342
Chevrolet,Malibu,2018,Petrol,Automatic,2.3,106971,,172,2,0,Partial Service,White,Sedan,FWD,35,OH,9438
Nissan,Rogue,2021,Diesel,Automatic,2.4,39831,182,162,1,0,,Red,SUV,AWD,30,OH,19972
Mercedes-Benz,GLC,2009,Petrol,Automatic,2.3,218904,185,,4,1,Full Service,White,SUV,AWD,29,PA,1625
Toyota,RAV4,2020,Petrol,Automatic,3.3,53471,260,252,2,0,Partial Service,Black,SUV,FWD,20,NC,17409
Hyundai,Sonata,2019,Petrol,Automatic,,100,172,175,2,,Partial Service,Red,Sedan,FWD,35,IL,16126
Mercedes-Benz,C-Class,2023,Petrol,Automatic,2,25127,173,166,1,0,Partial Service,White,Sedan,FWD,32,OH,34035
Honda,CR-V,2010,Petrol,Automatic,,111646,282,257,4,1,,Green,SUV,AWD,23,TX,2674
Ford,Escape,2018,Petrol,Automatic,2.9,43899,,217,2,0,,White,SUV,RWD,27,NY,14243
Nissan,Pathfinder,2018,Petrol,Automatic,2.2,96157,143,130,1,0,No Service,,SUV,AWD,25,NC,13950
Nissan,Rogue,2008,Petrol,Automatic,,284420,236,209,3,,No Service,Black,SUV,AWD,24,TX,500
Mercedes-Benz,GLC,2012,Petrol,Automatic,,55959,,,3,,Full Service,Silver,SUV,AWD,22,MI,14702
BMW,3 Series,2010,Petrol,Automatic,2.1,279617,168,160,4,0,,White,Sedan,FWD,32,PA,500
Hyundai,Sonata,2016,Petrol,Automatic,,104514,,,3,0,Full Service,Blue,Sedan,AWD,29,GA,7608
Nissan,Sentra,2006,Petrol,Automatic,1.7,96374,141,127,5,0,,,Sedan,FWD,33,,500
Honda,CR-V,2024,Hybrid,Automatic,3.1,100,238,220,1,0,Full Service,,SUV,AWD,50,PA,28341
Hyundai,Sonata,2011,Petrol,,1.8,153583,128,105,4,0,Full Service,Gray,Sedan,FWD,33,NY,500
Ford,Mustang,2006,Petrol,Manual,3,156416,246,216,5,,Partial Service,Brown,Coupe,AWD,30,GA,500
BMW,3 Series,2023,Petrol,,1.5,10906,115,,1,0,Partial Service,Black,Sedan,FWD,37,OH,37655
Honda,Pilot,2009,Petrol,Automatic,3,208141,227,203,3,1,Full Service,,SUV,AWD,27,PA,500
Honda,Accord,2008,Petrol,Automatic,1.7,204089,,144,4,1,Partial Service,,Sedan,FWD,35,GA,500
Honda,Accord,2009,Petrol,Automatic,1.9,222123,141,141,4,1,Partial Service,Gray,Sedan,FWD,33,TX,500
Ford,F-150,2005,Petrol,Automatic,4.8,155312,355,355,4,0,No Service,Brown,Truck,RWD,15,OH,500
Chevrolet,Silverado,2021,Petrol,Automatic,4.4,100,342,332,1,0,Full Service,Brown,Truck,4WD,,CA,29236
Audi,A4,2018,Electric,Automatic,0,63300,311,342,2,0,Full Service,,Sedan,AWD,,MI,21831
Toyota,RAV4,2005,Petrol,Automatic,2.1,257745,159,132,4,0,Partial Service,Red,SUV,AWD,36,TX,500
Chevrolet,Tahoe,2012,Petrol,Automatic,2.9,143565,230,201,3,0,,,SUV,AWD,33,,10021
Hyundai,Elantra,2011,Petrol,Automatic,,8768,165,145,3,1,Full Service,,Sedan,FWD,36,,5427
Nissan,Sentra,2018,Petrol,,2.3,46231,169,172,2,1,Full Service,Red,Sedan,FWD,37,,8813
Toyota,RAV4,2007,Petrol,Automatic,2,149291,154,150,4,0,Full Service,Green,SUV,FWD,34,NC,500
Audi,A6,2016,Petrol,Automatic,2,56101,167,169,3,0,,Gray,Sedan,FWD,33,TX,24828
Chevrolet,Malibu,2024,Diesel,Automatic,1.5,100,122,109,1,0,No Service,Red,Sedan,FWD,,NY,21209
Ford,Explorer,2016,Petrol,Automatic,2.4,60700,191,183,2,,Full Service,,SUV,AWD,27,OH,13713
Toyota,Camry,2014,Petrol,Automatic,2,8679,163,135,2,0,No Service,Green,Sedan,AWD,36,NC,9390
Nissan,Rogue,2014,Petrol,Automatic,3.2,76950,236,213,2,1,No Service,Gray,SUV,FWD,25,IL,6134
Hyundai,Sonata,2014,Petrol,Automatic,2.1,111157,161,155,1,1,Full Service,Brown,Sedan,FWD,34,CA,4510
Ford,Explorer,2022,Petrol,Automatic,2.8,51516,209,203,1,0,No Service,White,SUV,AWD,29,NC,25204
Nissan,Rogue,2014,Petrol,,2.1,137069,160,149,3,1,No Service,Brown,SUV,AWD,37,,3421
Ford,Escape,2006,Petrol,Manual,3,168778,249,228,4,1,No Service,Green,SUV,FWD,24,CA,500
BMW,5 Series,2006,Petrol,Automatic,2.5,171767,196,188,5,1,Partial Service,Red,Sedan,FWD,29,NY,2758
Volkswagen,Passat,2005,Petrol,,1.9,365236,,144,5,1,No Service,Blue,Sedan,AWD,,IL,500
Volkswagen,Golf,2022,Electric,Automatic,0,25852,274,301,1,0,Partial Service,Silver,Hatchback,FWD,111,,17114
Hyundai,Sonata,2008,Petrol,Automatic,2.3,303487,174,165,4,1,Partial Service,White,Sedan,FWD,29,GA,500
Audi,Q7,2022,Electric,Automatic,0,22016,,233,1,,No Service,Green,SUV,AWD,119,,42539
Volkswagen,Tiguan,2019,Hybrid,,2.7,123064,201,,1,0,,Brown,SUV,AWD,45,,11409
Audi,A4,2014,Petrol,Automatic,1.8,153374,161,144,3,1,,Black,Sedan,FWD,33,PA,7521
Nissan,Sentra,2021,Petrol,Automatic,1.7,11985,147,,1,0,Partial Service,,Sedan,FWD,33,NC,14902
Chevrolet,Malibu,2012,Diesel,Automatic,2.2,145151,168,161,3,0,Full Service,Black,Sedan,FWD,34,CA,1247
Chevrolet,Equinox,2009,Diesel,Manual,3.1,112849,,216,3,0,Full Service,,SUV,RWD,25,GA,1804
Hyundai,Tucson,2007,Diesel,Automatic,3.5,110795,273,,3,0,Partial Service,Black,SUV,FWD,23,MI,720
Mercedes-Benz,GLE,2019,Diesel,Automatic,2.7,82959,219,201,1,0,No Service,Blue,SUV,FWD,,GA,29584
Chevrolet,Equinox,2021,Hybrid,Automatic,,8779,248,244,1,1,Partial Service,,SUV,AWD,44,GA,17715
Ford,Escape,2006,Petrol,,,274383,249,244,4,1,Partial Service,Gray,SUV,AWD,21,TX,500
Volkswagen,Passat,2014,Petrol,Automatic,,47730,176,184,3,1,Partial Service,Blue,Sedan,AWD,33,MI,8290
Toyota,Camry,2019,Petrol,Automatic,1.9,83311,124,117,3,1,No Service,Gray,Sedan,AWD,33,PA,9581
Volkswagen,Atlas,2017,Petrol,,2.7,130796,218,215,1,1,No Service,Gray,SUV,AWD,28,PA,9826
Hyundai,Tucson,2017,Petrol,Automatic,,154402,180,168,1,1,No Service,White,SUV,FWD,31,IL,5287
Hyundai,Tucson,2014,Petrol,Automatic,3.2,89147,231,223,1,,Partial Service,Silver,SUV,AWD,27,FL,5753
Ford,Explorer,2010,Petrol,Automatic,2.2,273080,168,178,3,1,,Black,SUV,AWD,31,TX,500
Volkswagen,Tiguan,2008,Petrol,,2,205676,178,,3,0,,,SUV,AWD,36,TX,500
Honda,CR-V,2022,Petrol,Automatic,,15208,227,,1,0,Full Service,White,SUV,AWD,29,CA,22047
Mercedes-Benz,E-Class,2005,Petrol,Automatic,1.9,216746,164,152,3,1,Partial Service,,Sedan,AWD,36,,535
Toyota,Camry,2017,Hybrid,Automatic,2.2,76763,176,156,2,0,No Service,Red,Sedan,FWD,36,NY,8357
Ford,Escape,2010,Petrol,Manual,2.2,165820,160,164,3,1,No Service,,SUV,AWD,,GA,500
Nissan,Pathfinder,2011,Petrol,Automatic,,160229,196,207,4,1,Partial Service,Gray,SUV,AWD,,TX,2581
Honda,Pilot,2022,Petrol,Automatic,,42314,,216,1,0,Full Service,White,SUV,AWD,23,CA,30792
Nissan,Sentra,2010,Petrol,Manual,1.9,94448,,139,3,1,Partial Service,Gray,Sedan,AWD,36,GA,1252
Chevrolet,Equinox,2023,Petrol,,,13782,188,173,1,0,,,SUV,AWD,31,CA,22522
Honda,Accord,2013,Petrol,Automatic,2.5,200671,176,176,3,0,Full Service,Red,Sedan,FWD,32,TX,500
Chevrolet,Malibu,2009,Petrol,Automatic,1.6,268823,123,105,5,1,Full Service,Brown,Sedan,FWD,42,OH,500
Nissan,Rogue,2011,Petrol,Automatic,2.7,207436,198,178,4,1,Full Service,Black,SUV,RWD,28,NY,500
Volkswagen,Tiguan,2014,Petrol,Automatic,3.2,90337,,,4,1,Full Service,White,SUV,FWD,,GA,6383
Toyota,Camry,2005,Petrol,Automatic,1.8,194109,128,,3,1,Full Service,Blue,Sedan,FWD,36,CA,500
Honda,CR-V,2005,Petrol,Automatic,,324831,263,254,2,1,Full Service,Red,SUV,AWD,26,,500
Volkswagen,Atlas,2022,Petrol,Automatic,2.2,32950,174,166,1,0,No Service,Black,SUV,FWD,39,PA,22722
Nissan,Rogue,2017,Hybrid,Automatic,2.1,128649,152,144,2,1,Full Service,Brown,SUV,FWD,51,OH,7913
Mercedes-Benz,GLC,2024,Diesel,Automatic,2.6,100,195,174,1,0,,Brown,SUV,AWD,35,TX,49752
Toyota,Highlander,2015,Hybrid,,2.4,174161,195,187,1,1,Partial Service,Green,SUV,AWD,39,NC,6946
Honda,CR-V,2011,Petrol,Automatic,3,183644,214,209,1,,,Brown,SUV,AWD,25,OH,500
BMW,5 Series,2007,Petrol,Automatic,,228136,,147,5,0,,Red,Sedan,FWD,31,PA,2005
BMW,5 Series,2021,Petrol,Automatic,2.3,8500,192,187,1,1,Full Service,Red,Sedan,FWD,36,NC,38888
Honda,Accord,2007,Petrol,,2,84935,141,,4,0,,Blue,Sedan,FWD,34,NY,1979
Toyota,Highlander,2023,Petrol,Automatic,2.8,20534,212,206,1,1,Full Service,Brown,SUV,AWD,30,,26141
Audi,Q5,2005,Petrol,,2.9,216420,223,234,4,1,Partial Service,,SUV,FWD,,GA,500
Chevrolet,Tahoe,2012,Petrol,Automatic,2.5,191331,,,2,1,Partial Service,Green,SUV,FWD,32,NY,7074
Nissan,Altima,2006,Petrol,,2.4,279892,181,,4,1,Partial Service,Brown,Sedan,AWD,,GA,500
Nissan,Altima,2005,Petrol,Automatic,2.2,262463,164,162,4,1,,Black,Sedan,AWD,34,NC,500
Mercedes-Benz,E-Class,2014,Petrol,Automatic,,150915,,126,2,1,No Service,Gray,Sedan,FWD,,MI,12562
Hyundai,Tucson,2020,Diesel,Automatic,2.6,100,190,182,1,0,Full Service,Gray,SUV,FWD,27,GA,20948
Toyota,RAV4,2011,Petrol,Manual,2.9,127984,234,235,3,0,,Gray,SUV,AWD,,NC,2648
Chevrolet,Tahoe,2020,Petrol,Automatic,2.7,79035,215,189,1,0,No Service,,SUV,AWD,30,,30397
Hyundai,Sonata,2007,Petrol,Automatic,2.4,124452,189,190,5,1,Partial Service,,Sedan,FWD,31,,500
BMW,X3,2006,Petrol,Automatic,,193540,242,225,4,1,Partial Service,Silver,SUV,FWD,27,,500
Volkswagen,Passat,2006,Petrol,Manual,,211649,171,152,5,1,Full Service,Green,Sedan,FWD,,TX,500
Hyundai,Santa Fe,2010,Petrol,Automatic,,178208,219,239,5,,Partial Service,Brown,SUV,AWD,,MI,960
Honda,CR-V,2013,Petrol,Automatic,3.4,228099,257,244,5,0,Full Service,Gray,SUV,AWD,23,IL,500
Volkswagen,Atlas,2013,Petrol,,3,135675,230,222,2,0,Partial Service,White,SUV,AWD,28,TX,6580
Ford,Mustang,2023,Petrol,Manual,4.2,7804,315,295,1,1,Partial Service,Brown,Coupe,RWD,15,,22138
Mercedes-Benz,E-Class,2018,Petrol,Automatic,2.1,63637,170,163,2,,No Service,Gray,Sedan,FWD,33,,22177
Hyundai,Tucson,2010,Petrol,,2.1,191937,168,,4,1,Partial Service,Green,SUV,AWD,27,PA,500
Mercedes-Benz,GLE,2008,Petrol,Manual,3.3,318940,248,242,5,1,,Silver,SUV,AWD,29,OH,500
Mercedes-Benz,E-Class,2016,Petrol,Automatic,2.1,36176,,149,3,0,Full Service,Green,Sedan,FWD,40,IL,26431
Audi,Q7,2014,Diesel,Automatic,3.3,200813,,239,2,1,,Brown,SUV,AWD,27,CA,13338
Volkswagen,Tiguan,2005,Diesel,Manual,2.8,217174,217,214,4,0,,Black,SUV,AWD,29,NC,500
Chevrolet,Tahoe,2015,Petrol,Automatic,2.7,242662,,190,2,0,Full Service,Red,SUV,AWD,31,GA,11515
Volkswagen,Tiguan,2005,Petrol,,3,314282,,216,5,1,Partial Service,Gray,SUV,RWD,22,GA,500
Hyundai,Sonata,2008,Petrol,Automatic,1.6,215391,130,120,3,1,Partial Service,,Sedan,FWD,,GA,500
Volkswagen,Tiguan,2008,Petrol,Automatic,3.5,342247,,222,3,0,Full Service,White,SUV,AWD,23,PA,500
Honda,CR-V,2024,Hybrid,Automatic,2,6503,142,138,1,,Partial Service,Gray,SUV,AWD,54,PA,27293
Toyota,Highlander,2011,Petrol,,3.4,224020,255,237,4,1,Full Service,White,SUV,AWD,21,PA,523
Mercedes-Benz,E-Class,2022,Petrol,Automatic,2,6993,153,140,1,0,No Service,Black,Sedan,FWD,,NC,44594
Volkswagen,Atlas,2017,Petrol,Automatic,3,61188,229,,2,0,Full Service,Red,SUV,FWD,24,FL,17038
Honda,Civic,2009,Petrol,Manual,1.7,209666,134,119,4,1,,,Sedan,FWD,33,TX,500
Honda,Pilot,2019,Petrol,Automatic,2.1,38967,162,143,3,0,,Black,SUV,FWD,34,,18275
Audi,Q5,2009,Petrol,Automatic,2,193410,155,154,4,,Full Service,Silver,SUV,AWD,39,GA,2663
Volkswagen,Atlas,2024,Petrol,Automatic,2.5,4601,209,186,1,0,No Service,,SUV,AWD,,MI,27777
Hyundai,Tucson,2013,Petrol,,3.3,153442,224,213,4,1,Partial Service,Gray,SUV,AWD,23,,2219
Chevrolet,Silverado,2017,Petrol,Automatic,,112719,393,,2,0,Full Service,White,Truck,4WD,,,14080
BMW,3 Series,2015,Petrol,Automatic,2.1,35118,159,165,3,1,Full Service,,Sedan,FWD,32,,16030
Nissan,Sentra,2007,Petrol,Automatic,2,322867,161,158,5,0,Partial Service,White,Sedan,AWD,37,PA,500
Volkswagen,Tiguan,2020,Petrol,Automatic,2.2,43136,,,2,1,Partial Service,Green,SUV,RWD,36,PA,14421
Audi,A6,2014,Petrol,Automatic,2.2,258358,167,162,2,,Partial Service,,Sedan,AWD,32,,9052
Honda,CR-V,2021,Hybrid,Automatic,,21675,178,162,1,,No Service,,SUV,AWD,45,,18799
Ford,Mustang,2014,Petrol,Manual,4.9,100313,352,338,2,0,Full Service,Red,Coupe,RWD,18,,6689
Hyundai,Sonata,2007,Petrol,Automatic,2.1,208970,155,142,3,0,Partial Service,Red,Sedan,FWD,32,TX,500
Mercedes-Benz,E-Class,2017,Petrol,Automatic,1.8,116413,154,149,2,1,Full Service,White,Sedan,FWD,35,NY,21982
Audi,Q5,2006,Petrol,Automatic,2.4,177889,198,,2,1,Full Service,,SUV,AWD,34,IL,748
Audi,Q7,2009,Petrol,Automatic,2.9,166602,221,,4,0,Partial Service,Gray,SUV,AWD,31,NC,7567
Nissan,Altima,2006,Petrol,Automatic,1.4,192167,125,,4,1,Full Service,White,Sedan,FWD,43,NC,500
Audi,A4,2009,Petrol,,,336264,151,154,2,1,,Brown,Sedan,FWD,36,CA,500
Honda,Civic,2014,Petrol,Automatic,1.5,154687,121,,3,1,Partial Service,Gray,Sedan,FWD,38,NC,1079
Honda,Pilot,2012,Petrol,Automatic,2.1,126446,154,139,4,,Partial Service,White,SUV,AWD,31,,5719
Ford,Explorer,2022,Petrol,Automatic,2.3,17770,188,181,1,,Partial Service,Red,SUV,AWD,29,CA,28630
Nissan,Rogue,2021,Petrol,Automatic,3.3,15914,,253,1,0,Full Service,,SUV,AWD,28,FL,21304
Hyundai,Elantra,2014,Petrol,Automatic,2,47576,164,,2,0,,Black,Sedan,FWD,33,GA,5536
BMW,X3,2013,Petrol,,3.2,116310,255,231,3,0,,Red,SUV,AWD,,PA,10443
Chevrolet,Tahoe,2021,Petrol,Automatic,2.1,43912,182,172,1,0,Full Service,Green,SUV,AWD,36,GA,36006
Mercedes-Benz,E-Class,2018,Petrol,Automatic,2.4,80013,185,169,3,0,Partial Service,Blue,Sedan,AWD,30,IL,28153
Mercedes-Benz,GLE,2019,Petrol,Automatic,,46390,205,184,2,1,No Service,Gray,SUV,AWD,26,NC,26512
Hyundai,Elantra,2020,Hybrid,Automatic,2.1,47437,175,161,1,,Full Service,White,Sedan,FWD,49,IL,12478
Toyota,RAV4,2020,Petrol,Automatic,3.3,20871,236,224,2,0,Full Service,,SUV,RWD,27,NC,19704
Volkswagen,Passat,2011,Petrol,Manual,1.8,213041,,138,2,1,Partial Service,Silver,Sedan,AWD,37,,500
BMW,5 Series,2016,Petrol,Automatic,,144599,134,124,1,0,Full Service,Black,Sedan,FWD,36,MI,21908
Mercedes-Benz,GLC,2023,Petrol,,,1533,175,164,1,,Full Service,Green,SUV,FWD,29,CA,42347
Nissan,Sentra,2022,Petrol,Automatic,1.7,31567,,133,1,0,Full Service,Green,Sedan,FWD,39,,15848
BMW,X5,2010,Petrol,Automatic,2.2,155330,,163,3,,Full Service,Green,SUV,AWD,36,PA,9164
Hyundai,Sonata,2024,Petrol,Automatic,,100,137,,1,0,Full Service,,Sedan,FWD,38,MI,24104
Chevrolet,Equinox,2022,Electric,Automatic,0,24926,244,,1,0,Partial Service,Gray,SUV,AWD,108,PA,20409
Chevrolet,Tahoe,2018,Petrol,Automatic,2.8,46643,226,217,2,0,Partial Service,Red,SUV,AWD,30,FL,26190
Mercedes-Benz,GLE,2008,Petrol,Automatic,3.4,157448,245,230,4,1,Full Service,White,SUV,AWD,26,,6958
Ford,Escape,2018,Hybrid,Automatic,2.6,100,185,,1,0,No Service,Brown,SUV,AWD,56,NY,14082
Mercedes-Benz,GLC,2024,Petrol,Automatic,3.4,4568,263,239,1,0,Full Service,Green,SUV,AWD,20,GA,48655
Toyota,Corolla,2014,Petrol,Automatic,1.6,148710,129,,2,,No Service,Brown,Sedan,FWD,,MI,933
Toyota,Camry,2021,Petrol,Automatic,1.5,4502,,113,1,,,White,Sedan,FWD,37,NY,20737
Honda,CR-V,2009,Petrol,Manual,,230086,204,178,4,0,Full Service,Blue,SUV,AWD,23,NY,500
Ford,Mustang,2006,Petrol,Manual,3.5,192338,248,229,5,1,,Red,Coupe,RWD,24,OH,500
Audi,A4,2017,Petrol,Automatic,1.5,87986,133,123,3,0,Full Service,Silver,Sedan,FWD,41,MI,19470
Ford,Escape,2021,Petrol,Automatic,3.3,36944,,203,1,,Full Service,Blue,SUV,FWD,22,GA,19118
Toyota,Highlander,2022,Electric,Automatic,0,38409,328,360,1,0,Partial Service,Brown,SUV,AWD,114,CA,25710
Volkswagen,Tiguan,2011,Petrol,Manual,,107639,189,190,3,1,,Red,SUV,FWD,33,PA,3515
Honda,CR-V,2010,Petrol,Automatic,2.1,256077,172,168,4,1,Partial Service,Brown,SUV,AWD,,GA,500
Hyundai,Santa Fe,2017,Hybrid,Automatic,,58934,,209,1,0,Full Service,Gray,SUV,FWD,41,CA,15951
Chevrolet,Malibu,2008,Hybrid,Automatic,1.4,246490,110,100,4,1,,Blue,Sedan,FWD,56,MI,500
Ford,F-150,2013,Petrol,,4.7,195621,347,332,2,1,No Service,White,Truck,4WD,15,NC,2159
Mercedes-Benz,C-Class,2023,Diesel,Automatic,1.9,19629,140,142,1,0,Partial Service,Brown,Sedan,FWD,35,NY,35372
Toyota,Camry,2018,Hybrid,Automatic,1.9,56500,162,153,2,0,Partial Service,Red,Sedan,FWD,,PA,12298
Nissan,Altima,2010,Petrol,,1.8,84662,142,,3,1,No Service,,Sedan,FWD,39,MI,2309
Audi,A4,2023,Petrol,Automatic,2,15310,158,,1,0,Full Service,Gray,Sedan,FWD,36,MI,39890
Volkswagen,Golf,2010,Petrol,Automatic,2.4,164652,197,187,3,1,Full Service,Gray,Hatchback,FWD,31,GA,500
Honda,CR-V,2013,Petrol,Automatic,2.4,48518,190,188,3,1,Partial Service,Blue,SUV,AWD,,CA,7370
Toyota,RAV4,2022,Petrol,Automatic,2.6,41169,,199,1,,Partial Service,Green,SUV,AWD,32,,22345
BMW,3 Series,2019,Petrol,Automatic,1.7,54825,132,112,1,0,Partial Service,Silver,Sedan,AWD,40,PA,24899
Ford,Mustang,2012,Diesel,Automatic,5,134452,377,338,1,,Full Service,Red,Coupe,RWD,13,,3120
Mercedes-Benz,GLE,2008,Petrol,Manual,2.3,231512,179,183,4,1,Full Service,,SUV,AWD,31,NC,3855
Mercedes-Benz,GLE,2021,Petrol,Automatic,2.4,53293,173,158,1,0,No Service,Silver,SUV,AWD,30,MI,39649
Ford,Mustang,2013,Petrol,Manual,,189374,304,,3,,No Service,Gray,Coupe,RWD,19,CA,1264
Audi,Q7,2017,Petrol,Automatic,2.8,153164,,,1,0,Full Service,Blue,SUV,AWD,31,OH,27179
Chevrolet,Silverado,2006,Petrol,Automatic,5.4,182108,416,404,5,0,Partial Service,Gray,Truck,4WD,10,,500
Mercedes-Benz,C-Class,2010,Petrol,Automatic,,286125,140,120,4,1,Full Service,Blue,Sedan,FWD,34,IL,500
Hyundai,Sonata,2019,Petrol,Automatic,1.6,66556,128,107,2,0,Full Service,Red,Sedan,FWD,39,GA,12302
Volkswagen,Atlas,2013,Petrol,,,138899,,162,3,0,Partial Service,,SUV,RWD,32,OH,6024
Ford,Explorer,2005,Petrol,Automatic,2.3,140587,189,171,4,1,Partial Service,Brown,SUV,AWD,26,,500
Mercedes-Benz,GLE,2010,Petrol,Manual,2.6,235548,185,166,3,1,Partial Service,Green,SUV,AWD,29,PA,5944
Mercedes-Benz,E-Class,2005,Petrol,Manual,,148110,142,149,4,1,,Blue,Sedan,FWD,,,2968
Toyota,Camry,2007,Petrol,Automatic,2.2,107637,159,138,2,1,Full Service,Gray,Sedan,AWD,,GA,602
Chevrolet,Equinox,2016,Diesel,,3.4,10940,266,262,3,1,Full Service,Red,SUV,AWD,28,NC,11505
Mercedes-Benz,E-Class,2008,Petrol,,1.4,161173,131,128,5,1,Partial Service,,Sedan,FWD,34,NY,5179
Volkswagen,Atlas,2019,Petrol,Automatic,,52627,193,171,2,0,Partial Service,Red,SUV,FWD,33,MI,19588
Ford,Explorer,2005,Petrol,Automatic,2.6,340067,209,,4,1,Full Service,Black,SUV,AWD,,GA,500
Toyota,Camry,2021,Petrol,Automatic,2.1,57629,172,167,1,0,Partial Service,Green,Sedan,FWD,36,OH,15912
Mercedes-Benz,GLE,2016,Diesel,Automatic,3.4,161889,269,253,2,1,Partial Service,Green,SUV,AWD,26,NY,18443
Hyundai,Tucson,2011,Petrol,Manual,3.5,203389,272,240,3,0,No Service,Green,SUV,AWD,23,NY,500
Honda,Pilot,2016,Electric,,0,195148,,364,2,1,Partial Service,Green,SUV,AWD,122,,7117
Chevrolet,Equinox,2008,Petrol,Manual,2.8,291291,,198,4,1,Partial Service,Gray,SUV,AWD,30,IL,500
BMW,5 Series,2017,Hybrid,Automatic,2.3,75892,173,,1,,Partial Service,Silver,Sedan,AWD,43,FL,21930
Chevrolet,Malibu,2023,Petrol,Automatic,2.3,13779,190,172,1,0,No Service,Brown,Sedan,AWD,33,OH,17957
Mercedes-Benz,GLE,2020,Petrol,Automatic,2.4,28025,176,172,1,0,Partial Service,Red,SUV,AWD,32,GA,41047
Honda,Civic,2021,Petrol,Automatic,1.5,39417,128,94,1,,No Service,Brown,Sedan,FWD,,OH,12005
Volkswagen,Golf,2013,Petrol,Automatic,1.7,97256,146,146,4,0,Full Service,Gray,Hatchback,FWD,37,CA,4502
Volkswagen,Atlas,2008,Petrol,Automatic,3,293242,221,206,3,1,,Brown,SUV,FWD,24,NC,500
Volkswagen,Passat,2005,Petrol,Manual,2.4,118608,182,165,4,1,Full Service,White,Sedan,FWD,30,TX,500
Hyundai,Sonata,2019,Petrol,,2.1,121635,182,155,3,1,Partial Service,Brown,Sedan,FWD,30,,7729
Toyota,Corolla,2006,Petrol,,2,77058,169,160,3,0,Full Service,Gray,Sedan,FWD,33,,642
Honda,Pilot,2005,Petrol,Automatic,2.3,246295,202,201,4,1,Partial Service,Black,SUV,AWD,33,,500
BMW,5 Series,2021,Petrol,Automatic,1.9,23108,146,126,1,0,Partial Service,Gray,Sedan,FWD,39,GA,40642
Audi,Q5,2012,Petrol,Automatic,3.3,147099,251,236,3,1,Full Service,Green,SUV,AWD,23,NY,7416
Chevrolet,Silverado,2016,Petrol,,,72773,335,328,1,0,Partial Service,Gray,Truck,4WD,18,,14154
Chevrolet,Tahoe,2008,Petrol,Automatic,2.5,27991,,189,3,,,Green,SUV,AWD,27,TX,9943
Toyota,Camry,2009,Petrol,Manual,1.5,361201,120,104,5,1,No Service,Blue,Sedan,FWD,37,IL,500
Audi,A4,2024,Petrol,Automatic,2.1,6548,152,146,1,0,Partial Service,Green,Sedan,FWD,36,TX,40900
BMW,X5,2010,Petrol,Automatic,2.2,40242,165,143,3,1,Partial Service,Blue,SUV,AWD,33,PA,12891
Hyundai,Santa Fe,2020,Diesel,,2.7,35972,215,,1,0,Partial Service,Red,SUV,AWD,,MI,23014
Ford,F-150,2016,Petrol,Automatic,4.4,160431,344,,2,,,Gray,Truck,4WD,13,FL,8038
Mercedes-Benz,GLC,2023,Hybrid,Automatic,2.2,11106,188,174,1,0,Partial Service,Brown,SUV,FWD,,OH,40542
Toyota,RAV4,2008,Petrol,Manual,2.9,100,232,231,3,,Full Service,,SUV,FWD,28,MI,6291
Hyundai,Santa Fe,2023,Hybrid,Automatic,3.4,22298,244,,1,0,Partial Service,White,SUV,AWD,36,TX,22714
Ford,F-150,2021,Petrol,Automatic,4.8,68927,356,330,1,0,,White,Truck,4WD,15,TX,21853
Audi,Q5,2019,Petrol,Automatic,2.6,46361,206,,1,0,Full Service,,SUV,AWD,,CA,27272
Audi,A6,2021,Petrol,Automatic,2.3,1784,199,,1,0,No Service,Gray,Sedan,FWD,33,GA,38523
Toyota,RAV4,2009,Petrol,,3,71417,,,5,0,Full Service,White,SUV,FWD,25,NY,4186
Chevrolet,Malibu,2005,Petrol,Automatic,1.7,116324,121,122,5,1,Partial Service,Green,Sedan,FWD,32,IL,500
Chevrolet,Malibu,2015,Petrol,Automatic,1.9,51725,153,137,4,1,Full Service,Gray,Sedan,FWD,37,TX,7208
Volkswagen,Passat,2020,Petrol,Automatic,,79007,144,150,1,,,,Sedan,FWD,37,GA,14320
Mercedes-Benz,E-Class,2014,Petrol,,,134519,175,168,3,,,Blue,Sedan,FWD,36,PA,17675
Hyundai,Santa Fe,2015,Petrol,Automatic,2.5,142684,202,195,1,0,Partial Service,White,SUV,AWD,31,GA,8120
Mercedes-Benz,GLE,2007,Hybrid,Automatic,3.3,43000,258,246,2,1,No Service,Green,SUV,AWD,30,NY,9494
Hyundai,Sonata,2023,Petrol,,2,4171,150,129,1,0,Full Service,Gray,Sedan,FWD,37,OH,22875
Volkswagen,Golf,2018,Petrol,Automatic,,135779,,118,2,1,Partial Service,,Hatchback,FWD,39,CA,6298
BMW,3 Series,2009,Petrol,Automatic,1.5,286292,111,121,4,0,Full Service,Gray,Sedan,AWD,40,GA,500
Toyota,Camry,2023,Petrol,,2,8561,165,154,1,0,Full Service,Black,Sedan,FWD,,GA,24951
Toyota,Corolla,2016,Hybrid,Automatic,2.1,52550,155,150,3,1,No Service,Brown,Sedan,FWD,38,,5508
Toyota,Corolla,2012,Petrol,Automatic,2.3,280375,168,151,2,0,Partial Service,Gray,Sedan,FWD,31,FL,500
Toyota,Highlander,2021,Petrol,Automatic,2.5,57851,176,161,1,0,Full Service,Red,SUV,AWD,28,PA,27651
Hyundai,Tucson,2013,Petrol,Automatic,2.2,173306,164,144,3,,,,SUV,AWD,,OH,1611
Mercedes-Benz,C-Class,2013,Petrol,Automatic,1.9,96737,171,167,4,1,Partial Service,Brown,Sedan,FWD,,,10367
Chevrolet,Tahoe,2013,Petrol,Automatic,,117179,198,189,2,1,Full Service,White,SUV,FWD,37,,12248
Chevrolet,Equinox,2021,Petrol,Automatic,2.6,86467,189,,1,0,Partial Service,,SUV,AWD,,NY,16104
Volkswagen,Atlas,2008,Petrol,Manual,3.4,353528,258,238,3,0,,,SUV,FWD,,IL,500
Audi,A6,2006,Petrol,Manual,2.3,290570,181,172,4,1,Partial Service,Gray,Sedan,FWD,33,,500
Volkswagen,Passat,2016,Petrol,,2.3,83363,175,,3,0,Full Service,Black,Sedan,FWD,34,CA,9575
Hyundai,Elantra,2024,Petrol,Automatic,1.8,4956,,144,1,0,Full Service,,Sedan,FWD,34,NY,19982
Mercedes-Benz,C-Class,2021,Petrol,Automatic,1.6,51165,158,158,1,0,Full Service,Black,Sedan,FWD,33,IL,31450
Volkswagen,Tiguan,2013,Petrol,Automatic,,97094,247,232,3,1,No Service,,SUV,AWD,28,IL,4597
Audi,A6,2006,Petrol,,1.4,93349,117,113,4,1,,Gray,Sedan,FWD,46,CA,6087
Mercedes-Benz,C-Class,2014,Petrol,Automatic,2.2,55521,165,147,2,0,No Service,,Sedan,FWD,32,GA,14287
BMW,3 Series,2023,Petrol,Automatic,,2430,173,162,1,0,Partial Service,Silver,Sedan,FWD,,TX,38968
Volkswagen,Tiguan,2016,Petrol,Automatic,2.8,127810,218,222,1,0,,Gray,SUV,AWD,34,IL,7580
Toyota,Highlander,2015,Diesel,Automatic,2.2,106431,165,,2,1,Partial Service,White,SUV,AWD,36,MI,9530
Mercedes-Benz,E-Class,2019,Petrol,Automatic,1.4,88062,98,79,2,0,,Red,Sedan,FWD,34,PA,34768
BMW,5 Series,2013,Petrol,Automatic,2.4,106354,181,174,3,1,No Service,Red,Sedan,FWD,35,OH,12645
Ford,Mustang,2012,Petrol,Manual,4,134774,308,,2,1,Partial Service,Gray,Coupe,RWD,20,CA,2777
Audi,Q5,2005,Petrol,Automatic,2.4,177309,189,177,5,,Partial Service,Brown,SUV,AWD,34,OH,500
Hyundai,Tucson,2023,Petrol,Automatic,3.4,4375,230,217,1,0,,Silver,SUV,RWD,23,,22455
Toyota,Corolla,2006,Petrol,Automatic,1.5,50779,125,114,4,,Full Service,White,Sedan,FWD,,,1873
Hyundai,Elantra,2018,Hybrid,Automatic,1.9,87052,142,125,1,,Full Service,Green,Sedan,AWD,49,TX,8089
Mercedes-Benz,GLE,2009,Petrol,Manual,,55848,,,4,1,Full Service,Gray,SUV,AWD,37,IL,12721
Hyundai,Elantra,2006,Petrol,Automatic,,340533,122,128,4,,Partial Service,Black,Sedan,AWD,36,NY,500
Chevrolet,Silverado,2005,Petrol,Manual,4.1,227425,307,,5,1,Full Service,Brown,Truck,4WD,,IL,500
Audi,A6,2018,Petrol,Automatic,2,61517,179,164,1,0,Partial Service,,Sedan,FWD,33,TX,28311
Nissan,Sentra,2007,Petrol,Automatic,,266871,192,180,3,1,Partial Service,Brown,Sedan,FWD,27,IL,500
Ford,F-150,2018,Petrol,,3.5,43233,259,254,1,1,Full Service,Green,Truck,4WD,24,CA,15170
Hyundai,Elantra,2011,Petrol,Automatic,1.7,153111,136,121,4,1,Partial Service,Silver,Sedan,FWD,40,CA,500
Nissan,Pathfinder,2012,Petrol,Automatic,,215483,183,172,2,,No Service,Silver,SUV,AWD,31,MI,1187
Chevrolet,Malibu,2012,Petrol,Automatic,1.8,146730,159,172,2,,,,Sedan,FWD,,NC,772
BMW,X3,2022,Petrol,Automatic,3.4,34382,261,,1,1,Full Service,Silver,SUV,FWD,26,GA,33271
Hyundai,Tucson,2008,Petrol,,3.5,203028,,263,4,1,Partial Service,Blue,SUV,AWD,22,,500
Volkswagen,Tiguan,2022,Hybrid,,2.5,100,201,193,1,0,No Service,Black,SUV,AWD,47,MI,20350
Mercedes-Benz,C-Class,2017,Hybrid,Automatic,,87921,,145,2,1,No Service,Blue,Sedan,FWD,41,GA,14590
Audi,A6,2024,Diesel,Automatic,,3120,156,159,1,0,,Gray,Sedan,FWD,35,MI,54412
Nissan,Altima,2007,Hybrid,,1.5,269745,134,135,4,0,Partial Service,Brown,Sedan,FWD,55,MI,500
Hyundai,Santa Fe,2015,Diesel,,,143637,225,202,2,0,Full Service,Blue,SUV,AWD,25,CA,7996
Honda,Accord,2020,Petrol,Automatic,2.4,36232,184,188,2,0,Partial Service,Silver,Sedan,AWD,31,NC,15210
Nissan,Altima,2023,Petrol,Automatic,1.4,7470,108,104,1,0,Full Service,White,Sedan,FWD,40,OH,11111
Honda,Civic,2005,Petrol,,1.7,325155,141,129,4,0,,,Sedan,AWD,40,NC,500
Chevrolet,Malibu,2024,Petrol,Automatic,2.4,100,180,,1,0,Full Service,Blue,Sedan,FWD,38,,23999
Hyundai,Santa Fe,2021,Hybrid,Automatic,3.2,29462,,,1,0,Partial Service,Red,SUV,AWD,39,NC,24109
Honda,Civic,2016,Petrol,Automatic,2.5,58151,174,177,3,0,,Brown,Sedan,AWD,33,NC,7480
Audi,A4,2024,Diesel,Automatic,2,3573,161,167,1,0,No Service,Black,Sedan,FWD,33,CA,37686
BMW,5 Series,2014,Petrol,Automatic,1.9,123890,119,125,3,1,,Blue,Sedan,FWD,30,,15600
Ford,Explorer,2018,Hybrid,,2.1,56064,,158,1,0,Partial Service,Black,SUV,FWD,45,TX,17656
Volkswagen,Passat,2023,Petrol,Automatic,1.9,5214,,150,1,0,Full Service,,Sedan,FWD,35,OH,23651
Nissan,Altima,2011,Diesel,,1.9,262176,156,148,5,1,Partial Service,Black,Sedan,AWD,34,,500
Toyota,Highlander,2006,Petrol,Automatic,2.7,237812,200,193,3,1,No Service,Blue,SUV,AWD,31,NC,500
Ford,Mustang,2010,Petrol,Manual,,117507,260,259,4,1,Partial Service,Silver,Coupe,RWD,17,CA,2055
Honda,Pilot,2010,Petrol,Automatic,3.3,65624,259,251,3,1,Partial Service,Red,SUV,AWD,26,FL,7054
Hyundai,Sonata,2019,Petrol,Automatic,2.2,74931,168,169,1,0,Partial Service,Green,Sedan,FWD,34,PA,13549
BMW,X3,2013,Petrol,Automatic,2.7,172853,199,187,3,,Partial Service,Silver,SUV,AWD,28,FL,9141
BMW,5 Series,2010,Petrol,Automatic,2,260987,155,144,3,0,Partial Service,Blue,Sedan,FWD,31,NY,3893
Chevrolet,Tahoe,2023,Petrol,Automatic,2.3,12470,176,156,1,0,Full Service,Blue,SUV,AWD,33,PA,45526
Ford,Explorer,2024,Petrol,,,816,162,164,1,0,Full Service,Blue,SUV,RWD,35,NY,37817
Nissan,Pathfinder,2006,Petrol,Automatic,,184446,234,212,4,0,Partial Service,,SUV,AWD,24,IL,500
Ford,Mustang,2007,Hybrid,Manual,3.1,220223,234,234,3,1,Full Service,Silver,Coupe,RWD,44,PA,500
Volkswagen,Passat,2014,Petrol,Automatic,1.7,123714,155,,3,0,,,Sedan,FWD,,PA,5693
Hyundai,Tucson,2014,Petrol,,2.6,155766,,178,3,1,,,SUV,AWD,34,FL,3065
BMW,5 Series,2009,Petrol,,1.4,183758,111,119,3,0,,,Sedan,FWD,37,OH,6322
Chevrolet,Malibu,2015,Petrol,Automatic,,108750,182,,2,0,No Service,White,Sedan,FWD,,,4981
Volkswagen,Tiguan,2005,Petrol,Automatic,3,153945,235,214,3,0,Full Service,Silver,SUV,AWD,23,FL,500
Nissan,Sentra,2010,Petrol,,2.1,157236,161,152,4,1,,,Sedan,FWD,34,,500
Ford,Explorer,2018,Petrol,,,131227,232,224,3,1,No Service,Blue,SUV,FWD,27,FL,10303
Audi,Q7,2018,Petrol,Automatic,2.4,74177,,180,3,0,,Blue,SUV,FWD,31,GA,31094
Nissan,Altima,2020,Petrol,Automatic,2.2,37782,164,173,3,0,Full Service,Gray,Sedan,FWD,29,GA,16343
Honda,CR-V,2005,Petrol,Automatic,3.1,274679,236,235,4,1,Partial Service,Red,SUV,FWD,24,PA,500
Nissan,Pathfinder,2011,Diesel,Automatic,2.4,151337,165,156,3,1,,Brown,SUV,RWD,32,GA,3368
Toyota,Corolla,2006,Petrol,Manual,2.5,143681,198,180,4,0,Partial Service,,Sedan,FWD,34,GA,500
Ford,Explorer,2018,Hybrid,Automatic,,72028,189,170,2,1,Full Service,Gray,SUV,FWD,35,NY,15027
BMW,X3,2010,Petrol,,3.3,207577,263,,4,1,Full Service,Brown,SUV,AWD,32,GA,3433
Mercedes-Benz,C-Class,2013,Petrol,Automatic,,103430,181,180,1,1,Partial Service,Blue,Sedan,FWD,,IL,10267
Ford,F-150,2020,Petrol,Automatic,5.6,38543,420,393,2,0,,Black,Truck,4WD,10,TX,22849
Mercedes-Benz,GLC,2022,Hybrid,Automatic,3,55618,238,,1,0,No Service,Red,SUV,AWD,,FL,30181
Mercedes-Benz,GLE,2009,Petrol,,3.1,215467,,,5,,Full Service,Brown,SUV,RWD,29,CA,6463
Toyota,Corolla,2006,Petrol,Manual,1.8,241423,168,164,5,1,,Silver,Sedan,FWD,36,OH,500
Toyota,Corolla,2016,Petrol,Automatic,1.8,80721,137,125,1,0,Partial Service,Gray,Sedan,FWD,40,OH,6900
BMW,5 Series,2015,Hybrid,Automatic,1.5,90166,136,,3,1,Full Service,Gray,Sedan,AWD,59,,19715
Volkswagen,Golf,2017,Petrol,Automatic,1.5,59727,140,123,2,,No Service,Blue,Hatchback,FWD,,MI,9200
Audi,Q7,2012,Petrol,Automatic,,120083,223,,3,0,Partial Service,Green,SUV,FWD,28,FL,14393
Chevrolet,Equinox,2013,Petrol,Automatic,2.9,138168,,224,3,1,No Service,Silver,SUV,AWD,,PA,2525
Hyundai,Santa Fe,2016,Petrol,Automatic,,122892,174,173,3,0,Full Service,Silver,SUV,AWD,33,OH,9789
Volkswagen,Golf,2020,Petrol,Automatic,1.6,25742,143,142,1,0,Full Service,Brown,Hatchback,FWD,40,OH,16266
Toyota,RAV4,2020,Petrol,,2.8,91902,229,214,1,0,Partial Service,Blue,SUV,AWD,28,TX,15283
Nissan,Pathfinder,2014,Petrol,Automatic,2.5,98959,218,205,3,0,Full Service,Green,SUV,FWD,33,IL,10065
Hyundai,Sonata,2023,Petrol,Automatic,1.7,100,132,138,1,0,,Blue,Sedan,FWD,34,OH,20799
Volkswagen,Passat,2011,Petrol,Automatic,,106722,146,,3,1,Partial Service,Blue,Sedan,FWD,38,PA,2993
Hyundai,Santa Fe,2017,Diesel,Automatic,2.3,72443,181,187,2,1,Full Service,Brown,SUV,AWD,32,OH,13397
Audi,A6,2016,Petrol,Automatic,,130164,147,150,2,0,Full Service,Green,Sedan,AWD,42,OH,22349
Volkswagen,Tiguan,2006,Petrol,Automatic,,177068,242,226,3,1,Partial Service,Black,SUV,AWD,23,CA,500
Chevrolet,Silverado,2005,Petrol,,5.4,163839,407,376,3,0,Partial Service,,Truck,4WD,10,NC,500
Ford,Mustang,2013,Diesel,Automatic,2.6,36432,200,195,2,1,Full Service,White,Coupe,RWD,34,GA,8505
Hyundai,Santa Fe,2022,Petrol,Automatic,2.5,13159,,193,1,0,Full Service,Silver,SUV,AWD,27,IL,26552
Volkswagen,Golf,2008,Petrol,,1.8,136270,146,152,4,1,,,Hatchback,FWD,38,FL,500
Chevrolet,Tahoe,2008,Petrol,Automatic,3.3,187149,258,250,2,0,Full Service,Blue,SUV,FWD,28,IL,4358
Audi,A6,2012,Petrol,Automatic,2.3,209463,177,166,2,1,Full Service,Silver,Sedan,AWD,31,TX,9384
Chevrolet,Tahoe,2009,Petrol,Automatic,3.1,219357,218,218,4,1,Full Service,Brown,SUV,AWD,25,GA,2836
Honda,Accord,2013,Petrol,Automatic,2.3,114897,169,148,3,0,Full Service,Blue,Sedan,AWD,33,MI,4547
Nissan,Rogue,2022,Petrol,Automatic,2.8,100,,204,1,0,Full Service,Red,SUV,RWD,32,MI,24692
Hyundai,Santa Fe,2005,Petrol,Automatic,2.5,214364,198,179,5,1,Partial Service,,SUV,AWD,27,CA,500
Audi,Q7,2024,Hybrid,Automatic,2.4,100,179,165,1,0,Full Service,,SUV,FWD,48,GA,61686
Nissan,Sentra,2018,Petrol,Automatic,2.1,118662,174,145,4,1,,White,Sedan,FWD,32,CA,4828
Nissan,Pathfinder,2012,Petrol,Automatic,3.3,175877,245,229,4,,Full Service,Green,SUV,AWD,26,NC,3182
Ford,Escape,2015,Petrol,Automatic,3,61344,236,197,3,0,Partial Service,Gray,SUV,FWD,23,IL,9488
Audi,Q5,2014,Petrol,Automatic,2.5,104097,196,180,2,0,Partial Service,Black,SUV,FWD,37,MI,13372
Mercedes-Benz,C-Class,2008,Petrol,Automatic,2.5,109941,189,,3,,Full Service,Silver,Sedan,AWD,30,GA,6920
Honda,Civic,2007,Petrol,Automatic,1.5,126995,131,135,5,1,Partial Service,Black,Sedan,FWD,39,NY,500
Mercedes-Benz,GLC,2008,Petrol,Automatic,,187824,198,,5,0,Full Service,Green,SUV,FWD,31,IL,2745
Toyota,Highlander,2010,Petrol,Automatic,2.1,161820,168,144,2,,Partial Service,Red,SUV,AWD,,,2530
Mercedes-Benz,GLC,2006,Petrol,Automatic,3,413569,229,186,5,0,Partial Service,Gray,SUV,FWD,,TX,500
Nissan,Rogue,2006,Petrol,Automatic,2.7,320346,203,191,4,0,Partial Service,Blue,SUV,AWD,25,,500
Audi,A4,2023,Petrol,,1.6,1857,137,,1,,,Red,Sedan,AWD,,PA,39126
Nissan,Sentra,2013,Petrol,,1.8,77777,127,132,2,1,Partial Service,Silver,Sedan,FWD,35,GA,3334
Mercedes-Benz,C-Class,2012,Petrol,Automatic,2.1,310054,160,,2,1,Partial Service,,Sedan,FWD,31,CA,500
Nissan,Pathfinder,2021,Petrol,Automatic,2,62743,149,137,1,0,Partial Service,Brown,SUV,AWD,,IL,23708
Hyundai,Santa Fe,2022,Electric,Automatic,0,14237,261,287,1,0,Full Service,Gray,SUV,AWD,106,IL,26560
Honda,CR-V,2014,Petrol,Automatic,2.1,10834,148,138,3,1,Full Service,Green,SUV,AWD,36,NC,10346
Nissan,Rogue,2012,Diesel,,2.4,250696,201,187,3,1,,Green,SUV,AWD,32,FL,500
Volkswagen,Golf,2014,Petrol,Automatic,2.1,206917,169,159,3,,Full Service,,Hatchback,FWD,30,NY,500
Toyota,Camry,2016,Petrol,Automatic,2.2,56837,171,169,3,0,Partial Service,,Sedan,FWD,36,IL,9689
Nissan,Pathfinder,2023,Petrol,Automatic,,30538,221,198,1,0,Full Service,Silver,SUV,AWD,27,NY,33001
BMW,X5,2019,Hybrid,Automatic,2.9,35719,214,200,2,1,Full Service,Black,SUV,FWD,42,TX,33917
Honda,Civic,2011,Petrol,Manual,2.4,98914,183,,4,0,No Service,Silver,Sedan,FWD,38,TX,1754
Volkswagen,Atlas,2023,Petrol,,3,1332,232,,1,,Full Service,Gray,SUV,AWD,23,NY,31522
Ford,F-150,2022,Petrol,Automatic,5.3,27301,,388,1,0,Full Service,Green,Truck,4WD,10,CA,26714
Volkswagen,Atlas,2010,Petrol,,2.5,122751,196,190,4,0,Full Service,Gray,SUV,AWD,31,IL,4481
Ford,Mustang,2008,Hybrid,,4.4,95578,341,328,4,0,,Brown,Coupe,RWD,28,PA,2449
Honda,CR-V,2014,Petrol,Automatic,3.2,18592,,207,2,1,Full Service,Green,SUV,AWD,23,FL,9463
Chevrolet,Malibu,2007,Hybrid,,,29019,192,177,2,0,Full Service,Gray,Sedan,AWD,39,NY,4185
Honda,Civic,2014,Petrol,Automatic,,99892,169,150,3,0,,Silver,Sedan,FWD,,OH,4276
BMW,3 Series,2022,Petrol,Automatic,2,35230,,156,1,0,,Brown,Sedan,FWD,,FL,33702
BMW,3 Series,2006,Petrol,,1.9,328191,143,118,4,1,No Service,Silver,Sedan,FWD,38,MI,500
Volkswagen,Atlas,2006,Petrol,Automatic,2.2,180887,174,146,3,1,Partial Service,White,SUV,AWD,31,NC,500
Toyota,Highlander,2020,Hybrid,Automatic,3.2,71324,248,243,2,1,Partial Service,Blue,SUV,FWD,47,FL,17334
BMW,3 Series,2020,Petrol,Automatic,2.3,73990,170,156,1,0,Partial Service,Red,Sedan,FWD,34,NC,25936
Volkswagen,Golf,2023,Petrol,,2.4,22153,198,172,1,0,Full Service,Silver,Hatchback,FWD,35,OH,19886
Volkswagen,Passat,2011,Petrol,Automatic,2.3,195047,175,158,3,1,Partial Service,Blue,Sedan,AWD,27,FL,500
Audi,Q5,2014,Petrol,Automatic,3.3,26313,,237,3,1,Full Service,Brown,SUV,AWD,26,NY,14150
BMW,X5,2019,Petrol,Automatic,2.9,82515,207,219,2,0,No Service,Green,SUV,AWD,,NC,32418
Honda,Civic,2013,Petrol,Automatic,2.4,77910,,187,3,,Partial Service,Blue,Sedan,FWD,36,OH,3954
Toyota,Highlander,2017,Petrol,Automatic,2.8,84375,220,201,2,0,Partial Service,Green,SUV,AWD,27,,13594
Honda,Accord,2005,Diesel,Manual,1.6,51637,145,132,4,0,Partial Service,,Sedan,FWD,36,PA,2578
BMW,X5,2018,Hybrid,Automatic,3.1,31442,224,222,2,,Partial Service,White,SUV,FWD,,IL,35309
Honda,CR-V,2016,Petrol,Automatic,3.3,93796,271,,2,,No Service,Black,SUV,AWD,25,NC,8772
Ford,Escape,2016,Petrol,Automatic,,136222,201,203,1,0,Partial Service,Brown,SUV,AWD,,NC,6291
Ford,Explorer,2024,Hybrid,Automatic,2.5,5386,197,176,1,0,Partial Service,Gray,SUV,AWD,37,OH,36335
Volkswagen,Golf,2005,Petrol,Automatic,2.1,267609,163,144,4,1,,Green,Hatchback,FWD,31,OH,500
Honda,Accord,2019,Diesel,Automatic,2.2,62397,169,150,3,1,Partial Service,Red,Sedan,FWD,33,MI,11616
Ford,Escape,2017,Petrol,Automatic,3,91077,226,208,1,,No Service,White,SUV,AWD,29,FL,9903
BMW,3 Series,2019,Diesel,Automatic,1.9,36692,158,,1,1,Full Service,,Sedan,FWD,36,NC,24163
Honda,Accord,2018,Electric,Automatic,0,93205,188,206,2,0,Full Service,Red,Sedan,FWD,104,MI,11134
BMW,X5,2009,Petrol,Automatic,3.4,171429,263,268,3,1,No Service,Silver,SUV,FWD,27,NY,5772
Toyota,Highlander,2011,Petrol,Manual,3.1,63386,260,223,2,1,Full Service,Green,SUV,AWD,21,NC,7819
Honda,CR-V,2011,Petrol,Automatic,3.5,75098,254,249,3,0,Full Service,Black,SUV,FWD,23,IL,6221
Audi,A4,2006,Petrol,Automatic,1.9,193774,142,127,4,,,Green,Sedan,FWD,39,IL,500
Volkswagen,Passat,2017,Diesel,,2,50000,163,159,2,,,Black,Sedan,FWD,31,PA,12722
Chevrolet,Silverado,2019,Petrol,Automatic,5.7,44888,421,,1,1,No Service,White,Truck,RWD,10,TX,16511
Hyundai,Elantra,2021,Electric,Automatic,0,12529,,360,1,,Partial Service,,Sedan,FWD,,,15627
Nissan,Altima,2022,Petrol,Automatic,1.5,100,,132,1,,Full Service,Brown,Sedan,FWD,40,NY,20528
Mercedes-Benz,C-Class,2015,Diesel,Automatic,1.8,26949,131,133,3,,,White,Sedan,AWD,36,GA,7813
BMW,X3,2020,Electric,Automatic,0,55383,371,,1,0,Full Service,Black,SUV,AWD,108,NC,29433
Toyota,Camry,2018,Petrol,Automatic,,91598,189,173,1,1,No Service,,Sedan,FWD,,CA,8099
Nissan,Rogue,2009,Petrol,Automatic,,161214,158,141,4,1,Partial Service,Black,SUV,AWD,28,NY,500
Chevrolet,Silverado,2020,Petrol,Automatic,3.6,41967,271,249,2,,Partial Service,Black,Truck,4WD,27,OH,18244
Toyota,Corolla,2020,Petrol,,1.9,100,,129,1,0,No Service,Silver,Sedan,FWD,36,PA,13166
Ford,F-150,2019,Diesel,Automatic,5.1,44527,387,357,2,0,Partial Service,,Truck,RWD,10,NC,18182
Toyota,Camry,2009,Petrol,Automatic,1.5,246420,,117,3,0,Full Service,Gray,Sedan,FWD,37,IL,500
Ford,F-150,2017,Diesel,Automatic,3.4,71688,260,252,3,0,No Service,Red,Truck,4WD,24,NY,11437
Chevrolet,Tahoe,2013,Diesel,,2.5,72092,186,159,1,0,,Red,SUV,AWD,,NC,15045
Audi,Q7,2005,Petrol,Automatic,2.9,131212,203,,4,1,Full Service,Red,SUV,AWD,26,,2130
Nissan,Altima,2013,Petrol,Automatic,,87334,177,181,3,1,Full Service,Blue,Sedan,FWD,28,CA,4702
Chevrolet,Equinox,2005,Petrol,Automatic,2.6,154518,210,182,5,0,Full Service,Gray,SUV,AWD,,NY,500
Toyota,RAV4,2021,Petrol,,,23346,195,,1,,Partial Service,,SUV,FWD,32,PA,16447
Honda,CR-V,2010,Petrol,Automatic,3.1,246344,242,233,2,1,Partial Service,,SUV,AWD,28,NY,500
Honda,CR-V,2022,Petrol,Automatic,2.4,20696,191,202,1,0,Partial Service,Red,SUV,AWD,32,NY,23364
Mercedes-Benz,C-Class,2012,Petrol,Automatic,1.9,178749,168,176,3,0,No Service,White,Sedan,FWD,,GA,8996
Nissan,Rogue,2008,Petrol,Automatic,3.1,103846,,,4,1,Full Service,Green,SUV,AWD,27,NC,1546
Hyundai,Elantra,2009,Hybrid,Automatic,1.7,102662,131,130,4,1,,Blue,Sedan,AWD,56,PA,500
Volkswagen,Passat,2015,Hybrid,Automatic,2.3,60623,165,128,3,0,,Red,Sedan,FWD,51,MI,9045
Nissan,Pathfinder,2013,Petrol,Automatic,3,62786,,,3,1,,,SUV,AWD,32,,8747
Audi,Q7,2006,Petrol,Automatic,,240385,191,206,4,0,No Service,,SUV,AWD,35,NC,725
Toyota,Corolla,2014,Petrol,Automatic,1.8,84635,,144,3,0,Full Service,,Sedan,FWD,34,IL,4541
Hyundai,Santa Fe,2008,Petrol,Automatic,2.4,78330,189,180,5,0,Full Service,,SUV,FWD,33,MI,4359
Toyota,Highlander,2009,Petrol,Automatic,,33676,195,176,3,0,Partial Service,Brown,SUV,AWD,26,,7395
Volkswagen,Passat,2005,Petrol,Automatic,2.2,188540,,161,5,0,No Service,Black,Sedan,FWD,28,NC,500
Ford,Mustang,2012,Petrol,Manual,,163794,315,287,2,0,Partial Service,,Coupe,RWD,15,FL,1586
Mercedes-Benz,GLE,2021,Petrol,Automatic,2.4,100,,187,1,1,Full Service,Silver,SUV,AWD,25,OH,42986
BMW,X3,2006,Petrol,Automatic,3,198504,227,194,3,0,Full Service,Gray,SUV,RWD,25,GA,500
Ford,Mustang,2023,Petrol,Automatic,4.4,27804,329,319,1,0,Full Service,Brown,Coupe,RWD,,MI,24925
Nissan,Rogue,2011,Petrol,Automatic,3,121904,207,189,3,1,No Service,White,SUV,RWD,27,FL,2330
Hyundai,Elantra,2021,Petrol,Automatic,1.7,23018,144,,1,,No Service,White,Sedan,FWD,36,CA,13043
Chevrolet,Silverado,2017,Diesel,Automatic,3,134868,226,233,3,0,Partial Service,Silver,Truck,RWD,,IL,10853
Nissan,Pathfinder,2013,Petrol,Automatic,2.3,166415,187,175,3,1,Full Service,Gray,SUV,AWD,37,MI,4526
Toyota,Corolla,2015,Hybrid,Automatic,2,118988,168,154,2,,,Black,Sedan,FWD,,CA,2716
Volkswagen,Golf,2019,Hybrid,Automatic,,9608,204,186,1,0,Partial Service,Gray,Hatchback,FWD,38,PA,13508
Volkswagen,Atlas,2016,Diesel,Automatic,2.5,79692,199,184,2,1,,Brown,SUV,AWD,,FL,12865
Nissan,Rogue,2005,Petrol,Automatic,2.9,263930,235,227,5,0,Full Service,,SUV,AWD,28,OH,500
Ford,Explorer,2010,Petrol,Automatic,3,4652,,220,4,,No Service,Black,SUV,FWD,23,GA,7207
Toyota,RAV4,2017,Diesel,Automatic,2.7,56193,202,206,1,,,,SUV,AWD,28,IL,12437
Audi,Q5,2005,Petrol,,2.8,172746,226,206,4,1,,Brown,SUV,AWD,28,CA,500
Honda,Pilot,2007,Petrol,Manual,,206952,207,197,5,1,Partial Service,Gray,SUV,AWD,,IL,500
Volkswagen,Tiguan,2015,Hybrid,Automatic,2.9,121425,220,193,2,1,,Black,SUV,AWD,43,TX,6429
Toyota,Corolla,2020,Hybrid,Automatic,2.3,1022,190,189,2,0,Full Service,Black,Sedan,FWD,46,TX,14531
Volkswagen,Golf,2011,Petrol,Automatic,1.5,156923,127,,1,1,Partial Service,Gray,Hatchback,FWD,40,NY,500
Nissan,Rogue,2010,Hybrid,Automatic,2.5,176456,197,196,5,0,Partial Service,Blue,SUV,AWD,44,TX,500
Toyota,Highlander,2024,Petrol,Automatic,,653,238,221,1,0,Full Service,,SUV,FWD,29,IL,33699
Mercedes-Benz,C-Class,2010,Petrol,Automatic,,25495,150,137,4,,Full Service,Blue,Sedan,FWD,37,MI,9895
Chevrolet,Malibu,2019,Petrol,,1.6,80842,,108,1,0,No Service,Black,Sedan,FWD,39,MI,9400
Honda,CR-V,2009,Petrol,Manual,2.9,238974,228,229,3,1,Full Service,Silver,SUV,FWD,28,CA,500
Honda,Civic,2019,Petrol,,1.5,49078,129,132,1,0,No Service,Gray,Sedan,AWD,39,PA,10693
Hyundai,Sonata,2007,Petrol,Automatic,1.4,89909,106,93,4,1,Partial Service,Green,Sedan,FWD,,MI,1061
Audi,Q7,2016,Petrol,Automatic,,135823,239,205,2,,Full Service,Gray,SUV,RWD,25,GA,22005
Toyota,Corolla,2014,Petrol,,1.8,163366,134,124,2,0,No Service,White,Sedan,FWD,36,OH,500
Volkswagen,Tiguan,2010,Petrol,Automatic,3.3,209033,234,,3,1,No Service,White,SUV,AWD,24,FL,500
Toyota,Highlander,2018,Petrol,,2.7,56743,200,,2,1,,Red,SUV,FWD,,NC,16939
Honda,Pilot,2013,Petrol,Automatic,3.4,121727,246,,4,,Partial Service,,SUV,AWD,,FL,6732
Hyundai,Sonata,2006,Petrol,Automatic,,222036,179,188,4,0,,Blue,Sedan,FWD,36,GA,500
Nissan,Pathfinder,2014,Petrol,Automatic,,89381,273,250,3,1,Partial Service,Brown,SUV,AWD,,NC,8051
Ford,Explorer,2014,Diesel,Automatic,2.8,141826,209,194,4,1,No Service,,SUV,FWD,29,MI,5322
Toyota,Highlander,2009,Petrol,Manual,3.3,214461,243,,4,1,Full Service,Green,SUV,AWD,24,NC,500
Nissan,Pathfinder,2024,Petrol,Automatic,,100,261,245,1,0,Full Service,,SUV,AWD,20,NC,35868
Ford,Mustang,2014,Petrol,,3.2,31476,237,219,3,1,,Red,Coupe,RWD,25,CA,7902
Volkswagen,Tiguan,2015,Petrol,Automatic,2.9,125804,221,,4,0,Partial Service,Green,SUV,AWD,27,IL,6299
Hyundai,Santa Fe,2013,Petrol,Automatic,2.3,78527,172,,2,0,Full Service,,SUV,FWD,33,GA,9509
Volkswagen,Golf,2016,Electric,Automatic,0,191279,312,343,2,,No Service,Black,Hatchback,FWD,109,MI,1646
Chevrolet,Malibu,2006,Petrol,Manual,2.3,306013,,178,5,0,Partial Service,Green,Sedan,FWD,27,NY,500
Audi,Q7,2007,Petrol,Automatic,2.6,209956,188,164,3,1,,,SUV,FWD,30,CA,2774
Chevrolet,Equinox,2006,Petrol,Automatic,,298923,186,182,4,1,Full Service,Green,SUV,RWD,31,MI,500
Toyota,Highlander,2020,Petrol,Automatic,2.8,41033,227,,1,,Partial Service,White,SUV,FWD,33,NC,20459
Mercedes-Benz,E-Class,2020,Petrol,Automatic,2.1,74216,,156,1,1,Full Service,Green,Sedan,FWD,34,FL,34464
Toyota,Camry,2005,Diesel,,2.3,188727,182,174,5,,Full Service,Green,Sedan,FWD,32,CA,500
Hyundai,Santa Fe,2014,Petrol,Automatic,3.3,124589,259,251,3,1,Partial Service,Blue,SUV,AWD,29,FL,6221
Toyota,Camry,2011,Petrol,Automatic,1.7,157038,117,112,2,0,No Service,Gray,Sedan,FWD,41,NC,582
Nissan,Sentra,2015,Petrol,Automatic,1.8,167379,177,171,3,1,Full Service,Red,Sedan,FWD,33,FL,918
Nissan,Pathfinder,2013,Petrol,Automatic,2.4,256639,180,181,2,,Full Service,White,SUV,FWD,33,NC,717
Nissan,Altima,2007,Petrol,Manual,2,192866,,,4,0,,Blue,Sedan,FWD,35,FL,500
Audi,A6,2014,Petrol,Automatic,1.5,14907,123,116,3,0,No Service,White,Sedan,AWD,39,IL,20701
Chevrolet,Tahoe,2009,Petrol,Automatic,2.6,232345,213,195,3,0,Full Service,Silver,SUV,AWD,30,CA,2662
Mercedes-Benz,C-Class,2012,Petrol,Automatic,2.5,153791,196,191,2,1,Full Service,Brown,Sedan,FWD,32,GA,7518
BMW,3 Series,2009,Diesel,,2.1,199344,170,158,4,,Partial Service,Gray,Sedan,FWD,32,MI,1932
Volkswagen,Golf,2013,Petrol,Automatic,,104800,126,125,2,1,,Blue,Hatchback,AWD,41,MI,3365
Mercedes-Benz,C-Class,2014,Petrol,Automatic,1.5,164857,118,98,3,0,Full Service,Brown,Sedan,FWD,33,CA,11268
Mercedes-Benz,C-Class,2011,Petrol,,,109256,179,160,4,1,No Service,Black,Sedan,FWD,30,MI,6505
Chevrolet,Malibu,2006,Petrol,Automatic,2,291253,162,164,5,1,Partial Service,,Sedan,FWD,29,FL,500
Chevrolet,Malibu,2009,Petrol,Manual,1.7,228543,107,,4,0,,White,Sedan,FWD,35,OH,500
Hyundai,Elantra,2017,Diesel,Automatic,2.3,57504,,212,1,1,,Brown,Sedan,FWD,33,CA,7620
Toyota,Camry,2008,Petrol,Automatic,2.5,237459,,,3,0,Partial Service,Silver,Sedan,FWD,27,NY,500
BMW,3 Series,2024,Petrol,Automatic,1.8,1898,146,131,1,,,Red,Sedan,FWD,35,MI,35762
Audi,A4,2022,Electric,Automatic,0,23590,286,314,1,0,No Service,Brown,Sedan,FWD,111,NC,28027
Toyota,Camry,2022,Petrol,Automatic,2.4,19186,195,174,1,,No Service,White,Sedan,FWD,36,MI,18136
Volkswagen,Passat,2005,Petrol,Manual,,210750,115,99,4,1,,Gray,Sedan,FWD,39,TX,500
Honda,Civic,2019,Petrol,Automatic,1.8,23935,,122,2,0,Full Service,Red,Sedan,FWD,35,NC,13672
Ford,Mustang,2023,Petrol,Manual,3.7,12235,292,257,1,0,,Red,Coupe,RWD,22,PA,24874
Hyundai,Elantra,2005,Petrol,Automatic,,111358,,139,5,1,,Black,Sedan,FWD,35,OH,500
Audi,A6,2005,Petrol,Automatic,,217421,179,177,5,0,No Service,Green,Sedan,FWD,31,,500
BMW,X5,2023,Electric,Automatic,0,6209,246,270,1,,,Red,SUV,AWD,121,NY,55690
Ford,Escape,2021,Petrol,Automatic,2.7,49860,229,,1,0,Full Service,Green,SUV,AWD,34,CA,18238
Mercedes-Benz,GLC,2021,Petrol,Automatic,3.3,3287,256,245,1,,Partial Service,Blue,SUV,AWD,22,NC,34371
BMW,5 Series,2015,Electric,Automatic,0,166017,289,317,2,1,Full Service,Green,Sedan,AWD,97,CA,14066
Mercedes-Benz,GLE,2023,Petrol,Automatic,3,14370,236,208,1,0,Full Service,Blue,SUV,AWD,26,TX,63827
Nissan,Sentra,2015,Hybrid,,,122356,154,139,3,0,,Red,Sedan,AWD,47,FL,2704
Ford,F-150,2020,Petrol,Automatic,3.4,57779,262,234,1,0,Partial Service,,Truck,4WD,21,CA,19309
Hyundai,Santa Fe,2009,Petrol,Manual,2.4,117845,173,162,4,0,No Service,,SUV,AWD,29,NY,2825
Toyota,Corolla,2006,Petrol,Automatic,2,237223,,149,4,1,Full Service,Gray,Sedan,FWD,29,FL,500
BMW,X5,2016,Diesel,Automatic,2.8,100,210,205,3,1,Full Service,Green,SUV,AWD,24,,26804
Honda,Accord,2015,Petrol,Automatic,2.4,160802,172,148,2,,,Green,Sedan,FWD,,CA,4079
Mercedes-Benz,GLC,2019,Petrol,,2.9,77521,230,213,1,0,Partial Service,Blue,SUV,AWD,25,,29280
BMW,5 Series,2007,Petrol,Manual,2.3,134973,174,143,3,1,Full Service,Gray,Sedan,FWD,34,GA,5289
Toyota,Corolla,2024,Petrol,Automatic,2.2,4010,190,195,1,0,No Service,Gray,Sedan,FWD,31,NY,18028
Hyundai,Elantra,2019,Electric,Automatic,,35082,,371,2,,No Service,Brown,Sedan,FWD,96,,8992
Chevrolet,Silverado,2013,Petrol,Automatic,5.6,157997,402,368,4,1,No Service,,Truck,RWD,10,IL,3980
BMW,X5,2017,Petrol,Automatic,2.7,82098,210,,2,1,Partial Service,Gray,SUV,AWD,27,NY,23145
Volkswagen,Tiguan,2022,Diesel,,3.1,43168,,211,1,0,Full Service,,SUV,AWD,,IL,21615
Toyota,RAV4,2012,Petrol,Automatic,2.7,131339,189,159,3,1,,Red,SUV,AWD,29,CA,3099
Toyota,Corolla,2017,Electric,Automatic,0,62678,382,420,2,0,Full Service,,Sedan,FWD,100,PA,8727
Nissan,Sentra,2007,Petrol,,2.2,354637,174,168,3,1,,Blue,Sedan,FWD,35,IL,500
Hyundai,Tucson,2017,Diesel,Automatic,3.1,73205,227,211,3,1,Partial Service,Black,SUV,FWD,25,,9279
Honda,Accord,2009,Petrol,,2.2,155263,169,165,4,,Partial Service,Silver,Sedan,FWD,37,MI,500
BMW,X3,2014,Diesel,Automatic,,68511,151,,3,0,No Service,Red,SUV,AWD,,,13762
Hyundai,Sonata,2005,Petrol,Manual,1.7,413415,130,121,3,1,Partial Service,Red,Sedan,FWD,36,PA,500
Ford,Escape,2021,Petrol,Automatic,2.6,24971,195,,1,0,Partial Service,Green,SUV,AWD,24,CA,19961
Chevrolet,Malibu,2008,Diesel,Automatic,2.3,152887,195,160,3,0,Full Service,Red,Sedan,AWD,35,GA,500
Mercedes-Benz,E-Class,2015,Petrol,Automatic,1.8,68896,138,134,2,1,,Red,Sedan,FWD,,GA,21191
Toyota,Corolla,2008,Diesel,Automatic,2.4,150024,200,198,3,1,Full Service,Silver,Sedan,FWD,,PA,500
BMW,5 Series,2021,Petrol,Automatic,,34917,171,160,1,0,Partial Service,Green,Sedan,FWD,,OH,40683
BMW,X3,2019,Petrol,Automatic,2.7,100,224,,2,0,No Service,Black,SUV,AWD,,CA,25658
Hyundai,Sonata,2007,Petrol,Automatic,,213841,122,,3,,Partial Service,Black,Sedan,AWD,,FL,500
Nissan,Pathfinder,2020,Hybrid,Automatic,3.4,37869,258,259,2,0,Full Service,,SUV,AWD,,MI,21019
Ford,Escape,2012,Petrol,Automatic,2.3,110265,,187,3,1,Full Service,Gray,SUV,AWD,33,NC,3512
Mercedes-Benz,E-Class,2012,Petrol,Automatic,2.4,128298,189,170,1,0,Partial Service,Silver,Sedan,AWD,34,MI,14119
Audi,A4,2011,Petrol,Automatic,,174335,125,126,2,1,Full Service,White,Sedan,FWD,36,NY,4176
Mercedes-Benz,E-Class,2005,Petrol,Manual,2,200116,156,146,4,0,Partial Service,White,Sedan,FWD,35,NY,1403
Mercedes-Benz,GLE,2005,Petrol,Automatic,3,314270,209,193,5,1,Full Service,Silver,SUV,AWD,31,NY,500
Volkswagen,Golf,2008,Petrol,Automatic,2.3,119020,197,196,5,1,No Service,Silver,Hatchback,AWD,31,TX,500
BMW,5 Series,2017,Petrol,Automatic,1.8,65031,172,163,3,,Partial Service,Gray,Sedan,FWD,32,,25802
Hyundai,Elantra,2007,Diesel,,1.7,138884,142,114,5,1,Full Service,Gray,Sedan,AWD,33,,500
Ford,Escape,2019,Petrol,Automatic,2.8,93685,221,219,3,0,Partial Service,White,SUV,FWD,,,12438
Ford,F-150,2007,Petrol,Automatic,,183038,363,325,4,0,Partial Service,Silver,Truck,4WD,11,NC,500
Mercedes-Benz,GLC,2017,Petrol,Automatic,2.4,103384,178,169,1,1,Full Service,,SUV,AWD,30,MI,17757
BMW,X5,2012,Petrol,Automatic,3,141616,206,207,1,1,,Blue,SUV,AWD,29,NY,12724
Toyota,Highlander,2009,Petrol,Automatic,2.1,124364,168,150,3,,No Service,Red,SUV,AWD,30,OH,3185
Mercedes-Benz,GLE,2006,Petrol,Manual,,195950,192,172,5,1,No Service,Black,SUV,FWD,36,TX,2795
Hyundai,Santa Fe,2021,Hybrid,,2.2,19868,189,210,1,0,Partial Service,Red,SUV,AWD,56,MI,23772
BMW,X5,2022,Hybrid,Automatic,2.3,1804,193,172,1,0,Full Service,Green,SUV,AWD,54,GA,55393
Chevrolet,Silverado,2021,Petrol,Automatic,3.5,30772,259,236,1,0,Full Service,Blue,Truck,4WD,26,,25956
Hyundai,Sonata,2011,Petrol,Automatic,1.8,193132,130,,4,1,Full Service,Green,Sedan,FWD,,IL,500
Chevrolet,Silverado,2008,Petrol,Automatic,5.1,155273,363,354,5,1,Full Service,Brown,Truck,4WD,10,OH,830
Hyundai,Santa Fe,2017,Petrol,Automatic,2,82014,170,159,3,1,Full Service,White,SUV,AWD,32,TX,11871
Honda,Civic,2017,Hybrid,Automatic,2.5,100,195,186,1,0,Full Service,Red,Sedan,AWD,47,MI,11590
Hyundai,Santa Fe,2011,Petrol,Automatic,2.6,231272,194,183,3,,Full Service,Gray,SUV,AWD,35,MI,500
Audi,Q7,2013,Petrol,Automatic,,125812,191,185,3,0,Full Service,Brown,SUV,AWD,36,,17233
Audi,Q7,2024,Petrol,Automatic,3.5,6331,272,263,1,0,,Green,SUV,FWD,26,,58641
Toyota,RAV4,2011,Petrol,Manual,2.2,289854,177,176,3,0,,,SUV,AWD,37,GA,500
Mercedes-Benz,GLC,2010,Petrol,,2.2,128026,180,174,2,1,Full Service,White,SUV,FWD,38,NY,6365
Honda,Pilot,2012,Petrol,Automatic,3.5,162879,,271,2,0,,Silver,SUV,RWD,22,TX,4926
Audi,Q7,2008,Petrol,Automatic,3.4,140954,224,206,4,0,,Gray,SUV,AWD,24,PA,7727
Hyundai,Tucson,2012,Petrol,,2.5,120136,185,189,3,0,,Silver,SUV,AWD,32,FL,3349
Chevrolet,Malibu,2011,Petrol,Automatic,1.4,155630,111,109,3,,No Service,,Sedan,FWD,39,,500
Audi,Q5,2022,Petrol,Automatic,3.3,14623,261,228,1,0,Full Service,White,SUV,RWD,24,TX,38841
Ford,Escape,2023,Petrol,Automatic,2.9,41612,223,211,1,0,Full Service,Brown,SUV,AWD,,PA,22174
Nissan,Pathfinder,2007,Petrol,Automatic,2.1,73552,150,129,4,1,,Silver,SUV,AWD,32,TX,3673
Honda,Pilot,2011,Diesel,Automatic,2.9,126626,228,208,4,0,,Brown,SUV,RWD,29,,6168
Ford,F-150,2010,Petrol,Manual,,204097,319,299,4,0,No Service,Black,Truck,4WD,20,IL,500
Chevrolet,Malibu,2014,Petrol,Automatic,2.4,166875,178,161,2,0,Partial Service,Black,Sedan,FWD,36,,1585
Toyota,Camry,2015,Hybrid,Automatic,1.9,24260,145,131,2,1,Full Service,,Sedan,FWD,49,,9887
Nissan,Altima,2018,Diesel,Automatic,1.7,107291,134,128,3,0,Full Service,Gray,Sedan,FWD,37,PA,10194
Volkswagen,Golf,2007,Petrol,Automatic,2.1,233776,,157,3,0,Partial Service,White,Hatchback,FWD,33,NY,500
BMW,X5,2013,Petrol,Automatic,,172094,,269,2,1,Full Service,Red,SUV,AWD,25,PA,12675
Honda,Pilot,2024,Hybrid,Automatic,2.7,1002,200,186,1,0,Full Service,Red,SUV,FWD,,IL,38127
Audi,A6,2023,Petrol,Automatic,,27488,156,150,1,,No Service,Silver,Sedan,FWD,33,GA,42392
Hyundai,Tucson,2009,Petrol,,3.4,210813,250,249,3,1,Partial Service,Brown,SUV,AWD,21,MI,500
Chevrolet,Tahoe,2010,Petrol,Automatic,,230678,184,,5,0,Full Service,White,SUV,AWD,,MI,3920
Audi,A4,2007,Diesel,,2.2,101577,166,144,4,,Partial Service,Red,Sedan,FWD,41,GA,3837
Hyundai,Tucson,2008,Petrol,Automatic,3.1,205527,245,212,3,,Full Service,Brown,SUV,AWD,26,OH,500
Hyundai,Tucson,2017,Petrol,Automatic,2.2,96963,,167,3,0,Full Service,Black,SUV,AWD,36,MI,10100
Honda,Civic,2022,Petrol,Automatic,1.8,43588,139,124,1,0,Full Service,Black,Sedan,FWD,33,GA,16251
Mercedes-Benz,GLC,2022,Petrol,,2.8,29192,208,191,1,,Partial Service,Silver,SUV,FWD,28,PA,37584
Honda,CR-V,2023,Petrol,Automatic,2.7,17332,216,205,1,,Full Service,White,SUV,FWD,,FL,26515
Hyundai,Elantra,2015,Diesel,,,100,140,133,2,1,Full Service,Black,Sedan,FWD,39,NY,8454
BMW,X3,2010,Petrol,Manual,,100,264,236,3,0,Full Service,Green,SUV,AWD,25,OH,13904
Chevrolet,Malibu,2016,Petrol,Automatic,2.3,68202,186,170,3,1,,Red,Sedan,FWD,30,NC,7698
Toyota,Corolla,2019,Petrol,Automatic,1.4,90681,132,124,2,0,Full Service,,Sedan,FWD,36,,7985
Chevrolet,Equinox,2019,Petrol,Automatic,3.3,100,230,206,1,1,,Brown,SUV,AWD,27,NY,14989
Toyota,Corolla,2022,Petrol,Automatic,,18888,151,142,1,0,Partial Service,Brown,Sedan,FWD,34,IL,16340
Volkswagen,Tiguan,2006,Hybrid,Automatic,3.1,60395,241,223,4,1,Partial Service,Gray,SUV,AWD,43,PA,2570
Volkswagen,Passat,2007,Diesel,Automatic,,150517,121,106,3,1,No Service,Brown,Sedan,FWD,41,NC,500
Volkswagen,Passat,2014,Petrol,Automatic,1.7,139618,143,115,3,1,Partial Service,Silver,Sedan,FWD,,FL,3606
Honda,Civic,2015,Electric,,0,96220,366,402,2,0,Partial Service,Blue,Sedan,FWD,96,OH,4995
Hyundai,Santa Fe,2011,Petrol,Manual,,198720,181,171,3,1,Full Service,Black,SUV,AWD,34,NY,771
Nissan,Sentra,2013,Petrol,Automatic,,108949,110,,4,0,Partial Service,Gray,Sedan,AWD,40,FL,2585
Chevrolet,Equinox,2023,Hybrid,,,100,,,1,,No Service,Gray,SUV,AWD,48,CA,22108
Honda,Civic,2018,Hybrid,Automatic,2,149540,,,1,0,Partial Service,Brown,Sedan,AWD,41,,5314
BMW,X3,2012,Hybrid,Automatic,2.4,206882,194,202,3,0,Full Service,,SUV,AWD,52,IL,6310
Mercedes-Benz,GLC,2019,Hybrid,Automatic,,124618,,,1,1,Partial Service,Black,SUV,AWD,42,MI,19367
Chevrolet,Silverado,2021,Petrol,Automatic,3.1,18521,244,241,1,0,,,Truck,4WD,,TX,24603
Hyundai,Santa Fe,2016,Diesel,Automatic,2.8,69352,215,203,3,0,Partial Service,Green,SUV,FWD,26,NY,12628
Volkswagen,Atlas,2005,Petrol,,,305201,255,,5,,Partial Service,White,SUV,AWD,20,NC,500
Mercedes-Benz,C-Class,2008,Petrol,Manual,,182913,186,168,3,0,Partial Service,Red,Sedan,AWD,29,NC,2357
BMW,3 Series,2012,Petrol,Automatic,1.8,184682,157,,3,,No Service,,Sedan,FWD,37,NC,4336
Hyundai,Sonata,2010,Petrol,Automatic,1.8,187167,150,141,3,1,,Gray,Sedan,FWD,34,NC,500
BMW,X3,2024,Petrol,Automatic,3,100,231,,1,0,Full Service,Red,SUV,RWD,24,OH,50178
Ford,Escape,2010,Petrol,Automatic,,192654,219,,3,0,No Service,Red,SUV,FWD,29,NY,500
Volkswagen,Passat,2005,Petrol,,2.3,265904,201,,3,,Partial Service,,Sedan,FWD,,MI,500
Hyundai,Sonata,2013,Petrol,Automatic,1.9,164255,162,169,3,0,No Service,,Sedan,FWD,38,IL,1100
Toyota,Highlander,2010,Petrol,Automatic,2.5,193979,185,158,3,,Full Service,Brown,SUV,AWD,,GA,1206
Volkswagen,Tiguan,2011,Petrol,Automatic,2.5,219833,216,214,2,0,Full Service,Green,SUV,FWD,32,IL,500
Chevrolet,Equinox,2021,Petrol,Automatic,2.2,30593,154,143,1,0,,Brown,SUV,AWD,35,PA,16523
Audi,Q7,2024,Hybrid,Automatic,2.4,10180,180,156,1,0,Partial Service,,SUV,RWD,46,IL,60776
Hyundai,Sonata,2005,Petrol,Automatic,,117083,125,119,4,1,No Service,,Sedan,FWD,39,FL,500
Honda,Pilot,2008,Petrol,Automatic,2.4,170088,174,154,2,1,Full Service,Silver,SUV,AWD,36,TX,872
Volkswagen,Tiguan,2024,Petrol,Automatic,3.1,10526,225,,1,0,,,SUV,AWD,29,NC,27454
Toyota,Highlander,2017,Diesel,Automatic,3.4,100894,256,234,1,0,Partial Service,Silver,SUV,FWD,23,IL,13638
Volkswagen,Atlas,2012,Petrol,Automatic,3,207460,,222,2,,Full Service,White,SUV,FWD,,IL,1830
Volkswagen,Tiguan,2005,Petrol,Automatic,2.9,162670,223,,3,1,Full Service,,SUV,AWD,33,,500
BMW,X3,2018,Petrol,Automatic,2.6,98306,190,177,1,0,No Service,Gray,SUV,AWD,32,CA,18932
Ford,Explorer,2017,Petrol,Automatic,,100,157,154,2,0,,Red,SUV,FWD,28,,19163
Nissan,Pathfinder,2024,Petrol,Automatic,,3400,162,157,1,0,Partial Service,Silver,SUV,AWD,,TX,35326
Audi,A4,2011,Petrol,Automatic,1.7,148403,138,124,3,,Full Service,Gray,Sedan,AWD,39,MI,5554
Mercedes-Benz,E-Class,2013,Petrol,Automatic,1.6,124548,122,112,3,1,Full Service,Blue,Sedan,FWD,36,OH,13820
Hyundai,Tucson,2012,Petrol,Automatic,3,221756,222,,3,1,Full Service,Red,SUV,AWD,,OH,500
Chevrolet,Malibu,2009,Hybrid,Automatic,,166859,130,121,4,1,Partial Service,Silver,Sedan,FWD,57,PA,500
Nissan,Pathfinder,2019,Hybrid,Automatic,2.4,64072,184,169,1,0,Full Service,White,SUV,FWD,54,,18685
Chevrolet,Malibu,2017,Petrol,Automatic,2.3,83057,178,157,1,1,Partial Service,Brown,Sedan,FWD,34,,7265
Ford,Explorer,2023,Hybrid,Automatic,,19310,189,183,1,0,Full Service,Black,SUV,FWD,47,OH,31592
Nissan,Sentra,2017,Hybrid,Automatic,,90983,192,,2,1,Full Service,Brown,Sedan,FWD,56,NC,5737
Honda,Accord,2013,Petrol,Automatic,2.3,232703,191,177,3,0,,White,Sedan,FWD,30,NC,500
Hyundai,Tucson,2007,Petrol,Automatic,2,196295,,172,3,1,Full Service,Green,SUV,FWD,31,TX,500
Volkswagen,Tiguan,2018,Petrol,Automatic,3,70083,226,216,3,0,,Red,SUV,AWD,28,,14102
Audi,Q7,2010,Petrol,Manual,3.1,196353,233,,4,1,,,SUV,FWD,24,FL,6597
Ford,Escape,2019,Petrol,Automatic,,64879,154,156,2,0,No Service,Brown,SUV,FWD,37,TX,11587
Nissan,Altima,2014,Petrol,Automatic,2,47503,147,130,2,1,,,Sedan,FWD,34,IL,7343
Volkswagen,Passat,2018,Petrol,Automatic,1.5,60079,122,109,1,0,Partial Service,Brown,Sedan,AWD,43,NY,14017
Ford,Escape,2021,Electric,Automatic,,37363,277,304,1,0,Full Service,Red,SUV,FWD,89,GA,18875
Honda,Pilot,2016,Petrol,Automatic,3.3,41106,253,237,2,0,No Service,Blue,SUV,FWD,23,MI,13809
Ford,Mustang,2018,Electric,Automatic,0,54410,,328,1,0,Partial Service,Green,Coupe,RWD,115,OH,13878
Toyota,RAV4,2008,Petrol,Automatic,,310304,234,202,4,0,Full Service,,SUV,AWD,24,TX,500
Chevrolet,Silverado,2024,Petrol,Automatic,5.6,100,,391,1,0,Full Service,Brown,Truck,4WD,10,FL,32701
BMW,X3,2006,Petrol,Automatic,2.9,168170,215,200,4,0,Full Service,Silver,SUV,AWD,26,TX,1552
Audi,Q7,2010,Hybrid,,2.2,256029,165,,3,0,No Service,,SUV,FWD,47,NY,4249
Chevrolet,Equinox,2009,Petrol,,2.7,223711,202,189,3,1,Partial Service,Silver,SUV,AWD,,CA,500
Hyundai,Sonata,2021,Hybrid,Automatic,2.2,32066,169,171,1,0,Partial Service,Brown,Sedan,FWD,44,MI,15238
Hyundai,Santa Fe,2009,Petrol,,,257411,,164,3,1,Full Service,Brown,SUV,FWD,30,FL,500
BMW,5 Series,2006,Petrol,,1.5,285560,133,134,4,0,,Blue,Sedan,FWD,36,NY,500
Nissan,Sentra,2022,Petrol,Automatic,2.3,26936,,170,1,,Full Service,,Sedan,FWD,31,GA,16143
Volkswagen,Atlas,2011,Petrol,Manual,,212225,186,182,3,1,Full Service,Brown,SUV,AWD,27,NY,724
Nissan,Sentra,2018,Petrol,Automatic,1.8,63261,146,,2,1,Partial Service,Silver,Sedan,FWD,36,NY,7994
Volkswagen,Golf,2005,Petrol,Automatic,2.3,19478,177,160,3,,Full Service,Blue,Hatchback,AWD,,GA,3201
Honda,Accord,2017,Hybrid,Automatic,2.5,157913,,181,1,0,Partial Service,Silver,Sedan,FWD,45,NY,6597
Nissan,Altima,2014,Petrol,Automatic,2.4,115560,176,168,3,0,Full Service,Gray,Sedan,FWD,37,,4613
Ford,F-150,2009,Petrol,Automatic,5,175865,,,4,1,Partial Service,Blue,Truck,4WD,,PA,500
Toyota,Highlander,2018,Petrol,Automatic,3.1,120837,,220,2,1,No Service,Black,SUV,AWD,18,,10004
Mercedes-Benz,C-Class,2012,Petrol,,,78476,183,182,4,0,Full Service,Red,Sedan,FWD,39,NC,10664
Volkswagen,Golf,2023,Hybrid,Automatic,,100,189,183,1,0,No Service,Red,Hatchback,AWD,42,GA,19775
BMW,X5,2012,Petrol,Automatic,2.9,217273,210,202,3,1,,Black,SUV,AWD,31,NC,8789
Ford,Mustang,2014,Petrol,Automatic,4.8,84082,355,338,5,1,No Service,Red,Coupe,RWD,14,GA,5095
Chevrolet,Equinox,2016,Diesel,Automatic,3.5,64904,252,244,2,0,Full Service,Silver,SUV,AWD,,,11029
Audi,Q5,2008,Petrol,Automatic,2.4,188630,177,170,3,0,Partial Service,Brown,SUV,AWD,,CA,1880
BMW,3 Series,2019,Petrol,Automatic,,67159,151,131,1,1,Full Service,Silver,Sedan,FWD,43,,22914
Honda,Accord,2008,Petrol,,1.4,229500,111,127,4,1,Partial Service,Black,Sedan,FWD,39,MI,500
Mercedes-Benz,E-Class,2012,Petrol,Automatic,2.2,67908,175,189,2,,Full Service,White,Sedan,FWD,32,IL,19748
Toyota,Camry,2012,Petrol,Automatic,1.4,98561,126,,3,0,No Service,Blue,Sedan,FWD,37,IL,3710
Nissan,Pathfinder,2022,Petrol,,3,20332,,,1,,Full Service,Green,SUV,AWD,,MI,25358
Ford,Explorer,2024,Petrol,Automatic,2.2,154,188,165,1,0,Partial Service,Brown,SUV,FWD,28,GA,31961
BMW,5 Series,2015,Petrol,,,166506,,170,2,0,Full Service,White,Sedan,FWD,35,IL,17258
Ford,Explorer,2009,Petrol,Automatic,,162277,212,205,5,1,No Service,Gray,SUV,FWD,29,CA,1200
Nissan,Rogue,2019,Petrol,Automatic,3.2,30398,,251,2,0,No Service,Black,SUV,AWD,,NC,15676
Chevrolet,Equinox,2007,Diesel,Automatic,2.6,16650,228,207,5,,No Service,Gray,SUV,AWD,25,NY,3892
Audi,Q5,2024,Diesel,Automatic,,227,190,185,1,0,Partial Service,Silver,SUV,AWD,34,TX,47145
BMW,3 Series,2013,Petrol,Automatic,2,100,145,127,3,1,Full Service,Brown,Sedan,AWD,34,PA,15092
Volkswagen,Passat,2019,Petrol,,,62720,142,135,2,1,,Silver,Sedan,FWD,36,IL,13667
Chevrolet,Tahoe,2010,Petrol,Automatic,2.1,184302,168,150,3,0,Partial Service,Red,SUV,AWD,35,,6301
Honda,Pilot,2015,Petrol,Automatic,,106453,211,200,2,0,Partial Service,Gray,SUV,AWD,31,NY,10656
Chevrolet,Equinox,2024,Petrol,Automatic,2.4,7232,183,171,1,0,,Black,SUV,FWD,,CA,25088
Nissan,Sentra,2016,Petrol,Automatic,1.5,161509,109,,3,1,,,Sedan,FWD,42,GA,1863
Honda,Civic,2012,Petrol,Automatic,2.3,209160,160,172,3,,Partial Service,White,Sedan,FWD,31,IL,500
Volkswagen,Golf,2017,Hybrid,,2.2,130476,180,149,1,1,Full Service,,Hatchback,FWD,49,PA,5183
Nissan,Rogue,2024,Petrol,Automatic,3.4,3020,251,239,1,,Full Service,Silver,SUV,FWD,29,MI,25191
Toyota,Corolla,2015,Petrol,Automatic,2.3,110961,181,157,2,,No Service,Brown,Sedan,FWD,,GA,2684
Nissan,Rogue,2020,Hybrid,Automatic,2.2,57135,172,,1,0,Partial Service,,SUV,AWD,41,TX,17329
Audi,Q7,2007,Petrol,Automatic,3.2,142124,250,228,4,0,Partial Service,Brown,SUV,FWD,,OH,6521
Honda,CR-V,2024,Hybrid,,2.5,100,199,189,1,0,Full Service,Gray,SUV,AWD,41,NC,29777
Honda,Civic,2014,Petrol,Automatic,2.2,111121,170,156,4,1,No Service,Red,Sedan,FWD,32,NC,2476
Chevrolet,Malibu,2019,Petrol,Automatic,1.7,100,152,139,2,1,Partial Service,Silver,Sedan,FWD,39,OH,12179
Ford,Mustang,2019,Petrol,Automatic,,22456,,266,2,0,Partial Service,Black,Coupe,RWD,,CA,16590
Mercedes-Benz,C-Class,2006,Petrol,Manual,1.9,417652,138,,5,1,Full Service,Red,Sedan,AWD,31,MI,500
Audi,Q7,2024,Petrol,Automatic,3.3,100,252,224,1,,Full Service,Black,SUV,AWD,28,PA,62483
Volkswagen,Passat,2011,Petrol,Automatic,1.4,172841,,129,3,1,Full Service,Red,Sedan,FWD,40,MI,500
Honda,Civic,2011,Petrol,Automatic,1.7,117483,,124,3,1,Full Service,Black,Sedan,FWD,43,MI,1004
Hyundai,Tucson,2007,Petrol,Manual,2.3,309408,,171,3,0,Partial Service,Silver,SUV,FWD,35,NY,500
Ford,Explorer,2006,Petrol,Manual,2.2,82565,166,175,4,1,Partial Service,,SUV,AWD,33,FL,3008
Hyundai,Sonata,2006,Petrol,Manual,,194872,177,177,3,1,Partial Service,Gray,Sedan,FWD,35,MI,500
Mercedes-Benz,E-Class,2016,Petrol,Automatic,2.1,62460,171,172,2,1,,Red,Sedan,FWD,30,PA,17622
Volkswagen,Golf,2007,Petrol,Automatic,1.8,339387,147,143,4,0,Full Service,Brown,Hatchback,FWD,36,CA,500
Chevrolet,Silverado,2016,Diesel,Automatic,,184936,260,243,2,0,Full Service,Black,Truck,4WD,23,NC,7477
Audi,Q7,2015,Petrol,Automatic,2.4,79054,193,,3,0,Full Service,Brown,SUV,AWD,30,,21887
Volkswagen,Tiguan,2007,Petrol,Manual,2.6,207877,204,191,5,1,Partial Service,Blue,SUV,AWD,29,FL,500
Mercedes-Benz,GLC,2012,Petrol,Automatic,2.5,178950,205,199,2,0,Full Service,Brown,SUV,AWD,,,8093
Audi,A6,2016,Petrol,Automatic,2.2,93836,,162,2,1,Full Service,Black,Sedan,FWD,33,MI,18810
Chevrolet,Silverado,2014,Petrol,,3.9,215979,286,,3,1,Partial Service,Blue,Truck,4WD,16,,3464
Hyundai,Sonata,2015,Diesel,Automatic,,172246,153,151,3,0,Partial Service,Black,Sedan,FWD,37,OH,2556
Nissan,Rogue,2017,Diesel,Automatic,,27546,236,225,2,1,Partial Service,Brown,SUV,AWD,25,TX,11548
Hyundai,Sonata,2017,Hybrid,Automatic,2.4,95815,177,162,1,1,Full Service,,Sedan,FWD,,GA,7645
Honda,Pilot,2024,Petrol,Automatic,,100,213,202,1,,Full Service,,SUV,FWD,29,TX,37163
BMW,X3,2014,Petrol,Automatic,2.2,43743,168,146,3,,Partial Service,,SUV,AWD,30,TX,16241
Volkswagen,Tiguan,2009,Petrol,,2.2,100,187,171,5,,,,SUV,AWD,30,PA,6407
Mercedes-Benz,GLC,2017,Petrol,Automatic,2,75177,146,158,1,,Partial Service,White,SUV,FWD,37,CA,21202
Nissan,Sentra,2014,Petrol,,1.9,118891,162,,4,,,Brown,Sedan,FWD,35,,2134
Hyundai,Elantra,2018,Diesel,Automatic,2,156681,152,148,2,0,Partial Service,Brown,Sedan,FWD,33,CA,3751
Mercedes-Benz,E-Class,2021,Petrol,Automatic,1.9,43015,141,,1,0,,Black,Sedan,FWD,34,NY,35223
Toyota,Camry,2006,Hybrid,Automatic,1.8,53938,,153,3,1,Full Service,,Sedan,FWD,59,IL,2450
Toyota,Corolla,2010,Petrol,Automatic,,138292,130,107,4,1,Partial Service,Blue,Sedan,FWD,37,NC,500
Volkswagen,Passat,2005,Petrol,Manual,2,250741,,,5,1,Full Service,Gray,Sedan,FWD,38,GA,500
BMW,X5,2010,Hybrid,Automatic,2.7,84030,211,,4,0,Partial Service,Gray,SUV,AWD,41,OH,13817
Ford,Mustang,2016,Petrol,Manual,4.7,188329,349,314,1,0,Partial Service,,Coupe,RWD,12,IL,4489
Audi,A4,2015,Petrol,Automatic,2.1,147039,174,,3,1,No Service,White,Sedan,FWD,29,NC,8400
Nissan,Pathfinder,2006,Hybrid,Automatic,2.2,66815,176,165,3,,No Service,,SUV,AWD,45,MI,3238
Toyota,RAV4,2008,Petrol,Manual,2.9,20452,229,202,5,0,Partial Service,Black,SUV,FWD,25,OH,6177
Nissan,Pathfinder,2005,Petrol,Manual,2.7,457612,200,202,5,1,Full Service,Red,SUV,FWD,28,GA,500
Mercedes-Benz,E-Class,2011,Petrol,Manual,2.2,279208,163,,4,0,Full Service,Black,Sedan,FWD,33,TX,4553
BMW,3 Series,2014,Petrol,,,137775,,163,3,0,Full Service,,Sedan,FWD,38,GA,11703
Volkswagen,Tiguan,2021,Petrol,Automatic,2.9,62711,226,207,1,0,Full Service,Brown,SUV,RWD,28,CA,19400
Nissan,Sentra,2010,Petrol,Automatic,2.1,196151,190,,2,0,No Service,Gray,Sedan,FWD,36,NY,500
Hyundai,Tucson,2021,Petrol,,2.8,855,198,191,1,1,Full Service,Silver,SUV,AWD,30,,18291
Toyota,Camry,2012,Petrol,Automatic,2,256666,160,152,2,0,,Blue,Sedan,FWD,,IL,500
Audi,A6,2010,Petrol,,1.7,183785,145,,4,,No Service,Blue,Sedan,FWD,34,IL,5310
Honda,Pilot,2010,Petrol,Manual,,199197,192,,4,0,Full Service,,SUV,AWD,28,MI,1186
BMW,X3,2024,Petrol,Automatic,,100,237,225,1,0,Full Service,Silver,SUV,FWD,22,MI,50030
Hyundai,Elantra,2024,Petrol,,2.1,100,184,160,1,0,Full Service,Green,Sedan,FWD,32,MI,20187
Ford,Mustang,2011,Petrol,Manual,,58743,318,305,5,0,Full Service,Gray,Coupe,RWD,,CA,5688
Honda,Accord,2014,Petrol,Automatic,,49785,183,170,3,1,Partial Service,Silver,Sedan,AWD,32,OH,6619
Ford,Escape,2022,Petrol,Automatic,2.7,27025,,182,1,0,Full Service,Green,SUV,AWD,26,NC,20868
Chevrolet,Malibu,2008,Petrol,Manual,1.5,283593,111,95,4,1,Full Service,Red,Sedan,AWD,41,PA,500
Hyundai,Santa Fe,2006,Petrol,Automatic,3.3,130029,233,224,4,1,No Service,White,SUV,AWD,22,IL,500
Chevrolet,Malibu,2015,Petrol,Automatic,2.5,101879,179,176,3,0,Full Service,Silver,Sedan,AWD,,MI,5512
Honda,Pilot,2012,Petrol,Automatic,2,100033,167,160,3,,Full Service,Brown,SUV,AWD,34,GA,8842
Ford,Escape,2012,Petrol,Automatic,2.9,117959,,219,3,0,Partial Service,White,SUV,FWD,21,GA,3596
Chevrolet,Equinox,2010,Petrol,,2.2,218413,154,132,2,,,,SUV,FWD,32,CA,500
Mercedes-Benz,E-Class,2021,Petrol,Automatic,1.5,22474,145,144,1,0,No Service,Green,Sedan,FWD,34,MI,39995
Hyundai,Santa Fe,2012,Diesel,Automatic,2.6,149179,212,197,4,1,,Blue,SUV,AWD,24,NC,3529
Ford,Explorer,2012,Petrol,Automatic,2.3,211187,190,169,3,1,Full Service,Blue,SUV,AWD,29,NC,1830
BMW,5 Series,2012,Petrol,Automatic,2,164654,165,173,3,1,Full Service,White,Sedan,FWD,33,PA,10625
BMW,X3,2018,Petrol,Automatic,,90694,167,174,2,0,No Service,Brown,SUV,RWD,35,GA,20616
Hyundai,Tucson,2016,Petrol,Automatic,3.1,132789,243,236,2,1,Partial Service,Red,SUV,FWD,26,NC,5632
Mercedes-Benz,E-Class,2014,Petrol,Automatic,2.1,167668,,,3,0,Full Service,Gray,Sedan,FWD,30,GA,16355
Chevrolet,Malibu,2008,Petrol,Automatic,1.8,235405,142,129,4,,Partial Service,,Sedan,FWD,34,OH,500
Chevrolet,Equinox,2024,Hybrid,Automatic,2.9,3633,230,237,1,,Partial Service,Red,SUV,AWD,43,PA,26442
Toyota,Camry,2012,Petrol,Automatic,,295105,140,132,3,,Partial Service,Red,Sedan,FWD,39,,500
Toyota,RAV4,2012,Petrol,Automatic,2.1,226241,,150,4,1,Full Service,Brown,SUV,RWD,,,500
Toyota,Corolla,2017,Petrol,Automatic,1.7,65504,119,117,1,0,Partial Service,Green,Sedan,FWD,40,NC,8129
Mercedes-Benz,GLE,2024,Petrol,Automatic,2.2,1582,176,,1,0,Partial Service,Red,SUV,FWD,,OH,61113
Volkswagen,Atlas,2019,Diesel,Automatic,2.9,27980,221,206,1,1,Full Service,Green,SUV,FWD,,TX,18407
Audi,A4,2019,Petrol,,2.1,100,171,154,3,1,,White,Sedan,FWD,35,GA,22462
Audi,A4,2013,Petrol,,2.1,40199,,,2,1,Partial Service,Blue,Sedan,AWD,34,FL,12791
Chevrolet,Equinox,2008,Petrol,Manual,2.3,254158,175,172,4,1,Full Service,,SUV,AWD,29,MI,500
Honda,Civic,2015,Hybrid,,,106739,,155,1,1,,Black,Sedan,FWD,46,NC,4340
BMW,X3,2015,Electric,Automatic,0,96673,,305,1,0,Full Service,Red,SUV,AWD,130,CA,17866
Nissan,Pathfinder,2005,Petrol,Automatic,2.8,445909,208,194,3,0,Full Service,Black,SUV,AWD,,,500
Honda,Accord,2019,Petrol,Automatic,2.5,94422,191,200,1,0,Full Service,Blue,Sedan,FWD,35,,12306
Ford,Mustang,2015,Petrol,Automatic,4,122209,319,297,2,,,Green,Coupe,AWD,,,5897
Honda,Accord,2017,Hybrid,Automatic,1.9,104662,141,132,2,0,Full Service,White,Sedan,FWD,51,MI,10159
Ford,Mustang,2020,Petrol,Manual,4.8,70438,367,340,1,0,Full Service,White,Coupe,RWD,,IL,16210
Chevrolet,Silverado,2017,Petrol,Automatic,4.7,84676,352,334,4,0,Partial Service,Gray,Truck,4WD,14,,14775
Nissan,Rogue,2017,Hybrid,,2.9,157125,208,200,2,0,No Service,Blue,SUV,AWD,39,MI,6960
Hyundai,Elantra,2013,Petrol,Automatic,2.5,182284,,171,3,,,Black,Sedan,FWD,35,GA,500
Ford,Mustang,2009,Petrol,Manual,,268728,353,343,3,,Partial Service,Brown,Coupe,RWD,10,OH,500
Audi,A4,2020,Petrol,Automatic,,44904,171,163,1,0,No Service,Red,Sedan,FWD,37,PA,23373
Audi,A4,2008,Petrol,Automatic,2,298584,167,163,5,1,Full Service,,Sedan,FWD,,NY,500
Honda,CR-V,2011,Petrol,Manual,2.8,166920,215,205,3,0,Full Service,Gray,SUV,AWD,29,NY,1091
Toyota,Corolla,2024,Diesel,Automatic,,6922,202,222,1,0,Partial Service,Black,Sedan,AWD,32,GA,19251
Hyundai,Elantra,2020,Electric,Automatic,0,44381,,383,1,1,Full Service,Gray,Sedan,FWD,102,CA,11618
BMW,5 Series,2024,Petrol,Automatic,1.8,2284,152,159,1,,No Service,Silver,Sedan,FWD,39,,51764
Toyota,RAV4,2021,Petrol,Automatic,2.9,42570,232,246,1,0,Partial Service,Silver,SUV,AWD,28,NC,20588
Ford,Explorer,2022,Hybrid,Automatic,2.9,42015,225,203,1,,No Service,Green,SUV,RWD,43,GA,20514
Hyundai,Santa Fe,2010,Petrol,,,263656,192,178,3,1,Partial Service,,SUV,FWD,33,NC,500
BMW,5 Series,2014,Petrol,,1.5,105225,,,3,,No Service,Silver,Sedan,AWD,35,NC,16610
Audi,A4,2010,Diesel,Manual,,175145,166,,3,1,Full Service,Green,Sedan,AWD,38,NY,3393
Hyundai,Santa Fe,2023,Diesel,,,15380,,193,1,0,,Brown,SUV,AWD,,NC,25577
BMW,5 Series,2011,Petrol,Automatic,2,281977,162,155,2,1,,Brown,Sedan,AWD,31,MI,3967
Chevrolet,Silverado,2011,Diesel,,,153406,,276,3,1,Full Service,Brown,Truck,4WD,17,TX,3361
BMW,X5,2012,Petrol,Automatic,2.3,172374,170,165,2,1,Partial Service,Black,SUV,AWD,27,NY,11342
Nissan,Rogue,2013,Petrol,,3.2,17077,237,205,3,0,Partial Service,Black,SUV,FWD,30,PA,9556
Ford,Escape,2012,Petrol,Automatic,2.5,226339,178,169,3,1,No Service,Brown,SUV,AWD,36,FL,500
Chevrolet,Malibu,2024,Petrol,Automatic,1.6,5563,121,116,1,,Full Service,Blue,Sedan,FWD,35,TX,23536
Audi,A4,2012,Petrol,Automatic,1.6,154345,119,,4,0,,Blue,Sedan,FWD,36,CA,6650
Toyota,RAV4,2012,Petrol,Automatic,,183903,207,186,2,,Partial Service,Black,SUV,AWD,29,NC,1097
Chevrolet,Malibu,2008,Petrol,Manual,1.9,316119,162,150,4,0,Full Service,Red,Sedan,AWD,33,MI,500
Volkswagen,Atlas,2013,Petrol,Automatic,2.6,65644,213,174,4,0,Partial Service,Black,SUV,FWD,29,OH,8740
Honda,Civic,2009,Hybrid,Automatic,2.1,192595,162,154,4,1,Partial Service,White,Sedan,FWD,49,,500
Honda,Civic,2013,Petrol,Automatic,2.2,75310,,169,3,,Partial Service,White,Sedan,FWD,39,OH,3652
Chevrolet,Equinox,2022,Petrol,Automatic,3.4,31393,262,245,1,,No Service,Blue,SUV,AWD,28,PA,18626
Ford,Mustang,2023,Diesel,Automatic,3.2,3623,243,246,1,0,Partial Service,Red,Coupe,RWD,23,TX,24300
Audi,A4,2005,Diesel,Automatic,1.6,218214,136,137,4,0,,Red,Sedan,FWD,36,FL,500
BMW,X5,2011,Petrol,,3.1,255890,216,201,4,0,,Red,SUV,AWD,31,,6691
Mercedes-Benz,GLE,2024,Electric,,0,100,395,434,1,0,Partial Service,Brown,SUV,AWD,96,NC,62565
Chevrolet,Silverado,2018,Petrol,Automatic,4.4,195988,328,328,2,0,Full Service,Silver,Truck,4WD,16,TX,11200
Ford,F-150,2019,Hybrid,Automatic,4.8,45259,342,305,1,0,Partial Service,,Truck,4WD,37,IL,17599
Honda,Pilot,2020,Petrol,Automatic,3.2,10699,263,,2,,Partial Service,Red,SUV,AWD,22,FL,25544
Honda,Pilot,2024,Electric,Automatic,0,5986,307,337,1,0,Full Service,Brown,SUV,AWD,93,FL,36895
Chevrolet,Malibu,2022,Diesel,Automatic,2.4,10040,194,182,1,0,No Service,,Sedan,FWD,25,CA,17563
Nissan,Altima,2014,Petrol,Automatic,1.8,87892,143,147,3,0,,Red,Sedan,FWD,35,FL,5216
BMW,3 Series,2009,Petrol,Manual,1.8,202791,,139,5,0,,Black,Sedan,AWD,41,NC,1456
Chevrolet,Silverado,2021,Hybrid,Automatic,5.7,37744,434,425,1,0,No Service,Gray,Truck,RWD,24,IL,19984
Ford,Mustang,2010,Petrol,Manual,4.4,9584,343,313,2,1,,Blue,Coupe,AWD,,GA,5664
Volkswagen,Passat,2006,Petrol,Manual,1.9,100,153,136,4,0,Full Service,Black,Sedan,AWD,32,FL,5612
Audi,A4,2011,Petrol,Automatic,2.2,232469,165,140,2,1,Full Service,Brown,Sedan,FWD,32,GA,1663
Chevrolet,Silverado,2015,Petrol,,4.8,72498,362,,3,,Partial Service,Silver,Truck,RWD,16,FL,10070
Audi,Q5,2018,Petrol,Automatic,3,57069,220,218,2,0,Full Service,Gray,SUV,AWD,27,,25765
Nissan,Pathfinder,2005,Hybrid,Automatic,2.2,165174,174,161,4,0,Partial Service,Silver,SUV,FWD,44,TX,500
Chevrolet,Malibu,2005,Petrol,Automatic,1.6,282345,120,117,3,1,No Service,Black,Sedan,AWD,42,NY,500
Toyota,Camry,2007,Petrol,Manual,1.9,97635,137,141,4,0,Full Service,Silver,Sedan,FWD,34,NC,1264
Chevrolet,Silverado,2022,Petrol,Automatic,3.3,7453,,,1,0,Partial Service,Silver,Truck,RWD,27,IL,30265
BMW,5 Series,2015,Petrol,,2,44943,147,133,2,0,Partial Service,Blue,Sedan,FWD,38,NY,21245
Nissan,Altima,2010,Petrol,Manual,,241379,161,147,4,1,Full Service,Black,Sedan,FWD,28,MI,500
Nissan,Rogue,2008,Petrol,Manual,2.8,352695,,189,3,1,Partial Service,Green,SUV,AWD,32,NC,500
Honda,Accord,2009,Petrol,Automatic,1.6,286294,132,125,5,1,Full Service,Green,Sedan,FWD,38,NC,500
Honda,CR-V,2005,Petrol,Manual,3.3,389905,269,237,4,1,Partial Service,Gray,SUV,AWD,29,,500
Volkswagen,Atlas,2024,Diesel,Automatic,2.1,100,,148,1,0,No Service,Black,SUV,AWD,,TX,30116
Honda,CR-V,2010,Petrol,Manual,2.5,75395,,159,3,0,,Gray,SUV,AWD,35,MI,4548
Hyundai,Elantra,2024,Petrol,Automatic,,100,,128,1,0,,Silver,Sedan,FWD,42,CA,21141
Audi,A6,2022,Hybrid,,2.4,26079,192,192,1,0,Full Service,Gray,Sedan,FWD,47,OH,47686
Mercedes-Benz,GLE,2012,Petrol,Automatic,3.4,153744,246,,3,0,Partial Service,Silver,SUV,AWD,25,CA,13970
Nissan,Altima,2013,Petrol,Automatic,1.7,130474,139,131,2,1,Full Service,,Sedan,FWD,40,NC,2763
Toyota,Highlander,2021,Petrol,Automatic,2.8,55876,216,,1,0,,,SUV,FWD,25,IL,25002
Mercedes-Benz,GLC,2021,Diesel,Automatic,3.3,7733,264,249,1,0,Partial Service,White,SUV,AWD,28,,36113
Toyota,RAV4,2008,Petrol,Automatic,,300653,175,162,4,,Full Service,,SUV,AWD,,IL,500
Volkswagen,Atlas,2019,Petrol,Automatic,3.1,108553,228,223,1,0,Partial Service,Red,SUV,RWD,25,,16017
Mercedes-Benz,C-Class,2010,Petrol,Automatic,,207623,162,137,3,1,Full Service,Blue,Sedan,FWD,36,TX,2643
Hyundai,Elantra,2013,Petrol,,,83425,158,130,2,0,Full Service,Black,Sedan,FWD,,GA,3603
Honda,Civic,2014,Petrol,Automatic,2.1,126807,163,154,3,1,,Blue,Sedan,FWD,31,GA,2267
Hyundai,Santa Fe,2007,Petrol,,2.1,277351,161,155,4,1,No Service,Brown,SUV,AWD,33,NY,500
Ford,Explorer,2022,Petrol,Automatic,3.5,29119,260,,1,0,,Black,SUV,AWD,,CA,24004
Chevrolet,Tahoe,2015,Hybrid,Automatic,2,87899,165,158,2,0,Full Service,,SUV,AWD,47,GA,19339
Chevrolet,Silverado,2013,Hybrid,Automatic,,143724,306,291,3,1,Full Service,Red,Truck,4WD,42,TX,5417
BMW,X5,2012,Petrol,,2.1,261671,158,140,4,0,Partial Service,,SUV,FWD,35,NY,8099
BMW,5 Series,2023,Petrol,Automatic,2.2,21688,159,144,1,0,Partial Service,Gray,Sedan,FWD,36,TX,46214
BMW,5 Series,2012,Petrol,Automatic,1.7,103008,130,,3,1,Full Service,Red,Sedan,FWD,37,,12773
Toyota,Camry,2011,Petrol,Automatic,2,101445,157,166,2,0,Full Service,Silver,Sedan,FWD,41,OH,3225
Ford,F-150,2019,Petrol,Automatic,5,58325,369,350,2,0,,Gray,Truck,4WD,10,IL,17158
Nissan,Sentra,2015,Petrol,Automatic,2,89287,160,147,2,0,Full Service,Silver,Sedan,FWD,36,OH,5016
Toyota,Corolla,2015,Petrol,Automatic,1.9,84810,157,154,3,0,Partial Service,White,Sedan,FWD,30,CA,5024
Audi,Q5,2009,Petrol,Automatic,,293279,,116,3,1,Full Service,Silver,SUV,AWD,,OH,500
Toyota,Highlander,2018,Petrol,Automatic,3.4,117309,267,,1,1,,Green,SUV,AWD,25,OH,13497
Mercedes-Benz,GLE,2021,Petrol,Automatic,2.3,24435,175,163,1,,Full Service,,SUV,AWD,32,NY,47384
Toyota,Camry,2008,Petrol,Automatic,1.6,157617,138,134,4,1,Partial Service,Black,Sedan,AWD,39,,500
Honda,CR-V,2013,Petrol,Automatic,2.8,222025,220,195,3,0,Partial Service,Gray,SUV,FWD,31,FL,500
Nissan,Altima,2022,Electric,Automatic,0,59569,325,357,1,1,Partial Service,Brown,Sedan,FWD,121,GA,15265
Nissan,Pathfinder,2017,Petrol,Automatic,3,113566,230,216,2,0,Full Service,White,SUV,AWD,30,GA,13704
Hyundai,Santa Fe,2023,Petrol,Automatic,2.6,8372,,,1,1,No Service,Red,SUV,AWD,,TX,23148
Volkswagen,Passat,2013,Hybrid,Automatic,1.8,128422,,122,3,1,Partial Service,Gray,Sedan,FWD,,,3371
Chevrolet,Equinox,2019,Diesel,Automatic,2.8,44957,,194,3,0,Full Service,Black,SUV,AWD,30,GA,14966
Audi,Q7,2015,Petrol,Automatic,2.5,121482,197,177,4,1,Full Service,,SUV,AWD,31,CA,17182
Toyota,Camry,2009,Petrol,Automatic,,23322,197,176,3,,Full Service,White,Sedan,FWD,30,PA,5355
BMW,3 Series,2024,Petrol,Automatic,2.3,100,181,176,1,0,Partial Service,Brown,Sedan,FWD,31,FL,39187
Hyundai,Sonata,2007,Petrol,Manual,2.1,23021,186,177,4,1,Partial Service,,Sedan,FWD,32,GA,3850
Volkswagen,Passat,2015,Hybrid,Automatic,1.9,172224,148,137,4,0,,Brown,Sedan,AWD,52,NC,3523
Audi,A6,2010,Petrol,Automatic,2.3,20810,176,164,3,,Full Service,Black,Sedan,FWD,29,GA,12994
BMW,X3,2015,Petrol,Automatic,,36750,256,252,1,1,No Service,Gray,SUV,AWD,18,PA,15121
BMW,5 Series,2009,Petrol,Manual,2.4,387953,193,177,3,0,Partial Service,,Sedan,FWD,33,,500
Hyundai,Tucson,2012,Petrol,Automatic,2.4,130266,184,186,4,0,Partial Service,,SUV,AWD,29,CA,3249
Hyundai,Sonata,2021,Hybrid,Automatic,2,46704,155,144,1,0,Partial Service,Brown,Sedan,FWD,48,GA,17668
Nissan,Rogue,2023,Petrol,,,13303,235,226,1,0,Full Service,Silver,SUV,FWD,23,FL,25651
Honda,Pilot,2010,Petrol,Automatic,2.4,150646,187,,4,1,Partial Service,White,SUV,AWD,36,IL,2969
Nissan,Sentra,2010,Petrol,Automatic,1.4,204002,117,109,4,1,,Silver,Sedan,AWD,39,FL,500
Volkswagen,Atlas,2024,Petrol,Automatic,2.9,100,209,187,1,,Full Service,,SUV,AWD,27,PA,33309
Toyota,Highlander,2006,Petrol,Manual,,255418,238,216,5,1,Full Service,White,SUV,FWD,24,NC,500
Volkswagen,Tiguan,2016,Petrol,,3.2,158618,239,231,3,1,Full Service,Black,SUV,AWD,24,IL,5760
Volkswagen,Atlas,2013,Petrol,Automatic,3.3,89088,259,245,3,0,Full Service,Brown,SUV,FWD,23,MI,9275
Nissan,Altima,2021,Petrol,Automatic,1.5,11548,132,121,1,0,Full Service,Brown,Sedan,FWD,38,GA,19351
Mercedes-Benz,C-Class,2005,Petrol,Automatic,2.2,336045,155,144,5,1,Full Service,Gray,Sedan,AWD,30,IL,500
Chevrolet,Tahoe,2007,Petrol,Manual,3.4,70153,249,229,5,1,Full Service,Green,SUV,AWD,21,NC,6562
Audi,Q7,2016,Petrol,,,110919,256,229,2,1,Full Service,Brown,SUV,AWD,25,IL,22710
Honda,Accord,2022,Petrol,Automatic,1.4,5701,,106,1,0,Full Service,Silver,Sedan,FWD,40,,22259
Chevrolet,Tahoe,2005,Petrol,Automatic,2.7,340992,214,216,5,0,No Service,Silver,SUV,FWD,,FL,500
Volkswagen,Atlas,2020,Petrol,,2.7,26879,202,185,2,0,No Service,Gray,SUV,RWD,26,NY,20738
Ford,Escape,2021,Petrol,Automatic,3,10819,238,235,1,0,Full Service,White,SUV,AWD,27,GA,21707
Honda,Pilot,2015,Petrol,Automatic,3.4,101300,263,219,2,0,Full Service,Green,SUV,AWD,23,TX,11850
Hyundai,Tucson,2019,Petrol,Automatic,3.3,50271,,227,2,0,Full Service,Brown,SUV,AWD,25,NY,12534
Volkswagen,Golf,2023,Petrol,Automatic,,5480,153,146,1,0,No Service,,Hatchback,FWD,35,FL,19929
Audi,A6,2019,Diesel,Automatic,1.5,100,,106,1,,Full Service,,Sedan,FWD,37,OH,34622
Mercedes-Benz,C-Class,2010,Petrol,Automatic,1.4,228528,144,138,2,1,Full Service,Green,Sedan,FWD,35,CA,1766
Hyundai,Elantra,2020,Petrol,Automatic,1.6,74916,126,121,2,0,,Red,Sedan,FWD,42,OH,10571
Nissan,Rogue,2010,Petrol,Automatic,3.2,226405,242,,3,0,Full Service,Brown,SUV,FWD,20,NC,500
Mercedes-Benz,E-Class,2008,Petrol,Automatic,1.7,218298,155,150,3,0,,Black,Sedan,AWD,40,PA,3272
Volkswagen,Golf,2012,Petrol,Automatic,2,315831,157,152,3,1,Full Service,White,Hatchback,FWD,35,OH,500
Audi,A4,2009,Diesel,Manual,2.2,169353,179,153,3,0,Partial Service,,Sedan,FWD,32,IL,2840
BMW,X5,2005,Petrol,Automatic,2.3,347864,187,178,4,0,Full Service,Blue,SUV,AWD,35,,500
BMW,X3,2019,Petrol,,2.3,44469,180,,1,0,Full Service,Silver,SUV,FWD,38,CA,27190
BMW,X5,2023,Petrol,Automatic,2.3,6166,192,188,1,0,Partial Service,Green,SUV,AWD,32,CA,56309
Toyota,Corolla,2010,Petrol,Automatic,1.6,153698,134,126,4,1,Partial Service,Blue,Sedan,FWD,43,IL,500
Honda,CR-V,2013,Petrol,Automatic,,77191,173,160,2,1,,Green,SUV,FWD,36,GA,5886
Toyota,Camry,2007,Petrol,Automatic,2.4,258599,,202,4,1,Partial Service,,Sedan,FWD,29,CA,500
Volkswagen,Passat,2005,Petrol,Automatic,1.9,184043,147,158,5,1,Partial Service,,Sedan,FWD,39,MI,500
Volkswagen,Passat,2023,Petrol,Automatic,1.7,10457,,129,1,0,Full Service,Blue,Sedan,FWD,36,TX,26742
BMW,3 Series,2020,Hybrid,Automatic,,35360,162,152,1,0,Full Service,,Sedan,AWD,,,26945
Audi,A6,2011,Petrol,Automatic,1.9,126747,,135,4,,,Green,Sedan,FWD,34,FL,10233
Chevrolet,Malibu,2005,Petrol,Automatic,,126031,161,152,4,1,Partial Service,Silver,Sedan,FWD,35,MI,500
Volkswagen,Atlas,2007,Petrol,Manual,2.9,237379,223,190,3,1,Full Service,Brown,SUV,AWD,29,,500
Toyota,Camry,2022,Petrol,,1.5,22661,130,,1,0,Partial Service,White,Sedan,FWD,,NY,21233
Toyota,RAV4,2015,Diesel,Automatic,3.3,129849,259,,2,0,Partial Service,Brown,SUV,AWD,28,TX,6502
Chevrolet,Tahoe,2010,Petrol,Automatic,2.8,167761,219,205,2,1,Full Service,Blue,SUV,AWD,35,OH,6164
Honda,Civic,2018,Hybrid,Automatic,1.8,36353,151,145,2,0,No Service,Silver,Sedan,FWD,51,PA,9518
Chevrolet,Malibu,2024,Petrol,Automatic,2.3,100,190,198,1,,Full Service,Gray,Sedan,FWD,29,TX,24795
Mercedes-Benz,E-Class,2009,Petrol,Manual,1.6,187085,123,102,4,0,Full Service,Gray,Sedan,FWD,37,,6309
Volkswagen,Passat,2012,Petrol,Automatic,1.9,137582,152,139,4,1,,Black,Sedan,FWD,33,,2618
Nissan,Altima,2010,Petrol,Manual,1.6,191314,116,115,2,1,Partial Service,Blue,Sedan,FWD,40,GA,500
Volkswagen,Passat,2022,Hybrid,,2.3,24550,196,186,1,0,Full Service,White,Sedan,FWD,48,GA,23253
Ford,Mustang,2020,Diesel,Automatic,3.3,57470,254,253,2,1,Partial Service,Red,Coupe,RWD,,NC,13502
Toyota,Highlander,2009,Petrol,Manual,2.3,176683,169,165,2,,Full Service,Green,SUV,AWD,,OH,1047
Volkswagen,Passat,2021,Petrol,Automatic,2.2,46048,174,154,1,0,No Service,,Sedan,FWD,,IL,15629
Ford,Mustang,2007,Diesel,Automatic,,137207,226,215,4,1,Full Service,Red,Coupe,AWD,22,TX,500
BMW,X3,2015,Petrol,Automatic,2.2,48413,179,168,1,0,Full Service,Black,SUV,AWD,32,PA,20648
Volkswagen,Atlas,2010,Petrol,Manual,3.2,218504,,,4,,Full Service,White,SUV,AWD,24,CA,500
Volkswagen,Tiguan,2005,Petrol,Manual,2,175626,,167,5,0,Partial Service,,SUV,AWD,35,PA,500
BMW,X5,2008,Petrol,Manual,,256843,,207,4,1,Partial Service,Green,SUV,RWD,28,IL,2513
Chevrolet,Malibu,2007,Petrol,Manual,1.9,83598,,140,4,0,Full Service,Silver,Sedan,FWD,31,FL,1387
Audi,A6,2007,Petrol,Automatic,1.5,375101,119,114,5,0,Full Service,Red,Sedan,FWD,40,TX,500
BMW,X3,2010,Petrol,Automatic,2,204178,172,148,2,0,No Service,White,SUV,FWD,34,PA,3057
Hyundai,Sonata,2011,Petrol,Automatic,1.9,195480,149,157,3,,Full Service,White,Sedan,FWD,32,,500
Chevrolet,Silverado,2021,Hybrid,Automatic,,22559,241,226,1,,Partial Service,Blue,Truck,4WD,27,NC,25280
Nissan,Pathfinder,2015,Electric,Automatic,0,137537,271,298,1,0,,White,SUV,AWD,107,,10306
Volkswagen,Passat,2007,Petrol,Automatic,1.5,224837,136,130,4,1,No Service,Red,Sedan,FWD,42,FL,500
Honda,CR-V,2015,Petrol,Automatic,3,146993,227,209,3,,Full Service,,SUV,AWD,29,GA,4923
Honda,Pilot,2006,Petrol,Automatic,2.1,180950,169,152,4,1,Full Service,Brown,SUV,AWD,26,TX,500
Hyundai,Sonata,2011,Petrol,Manual,1.7,122863,153,155,3,1,Partial Service,Green,Sedan,FWD,39,NC,1616
BMW,3 Series,2024,Petrol,Automatic,1.7,1068,125,125,1,0,Partial Service,Green,Sedan,FWD,39,PA,42094
BMW,5 Series,2006,Petrol,Manual,2.2,175928,175,,5,0,No Service,Silver,Sedan,FWD,,,2992
BMW,X5,2006,Petrol,Automatic,2.4,155712,,182,3,0,Partial Service,Blue,SUV,AWD,,NC,5571
Ford,Mustang,2007,Petrol,Manual,2.7,86139,212,189,3,0,Partial Service,Silver,Coupe,RWD,24,IL,2234
Ford,Mustang,2015,Petrol,Automatic,3.9,64620,288,291,2,1,,Red,Coupe,AWD,26,TX,8060
Hyundai,Santa Fe,2012,Petrol,Automatic,2.1,255495,173,187,2,1,Full Service,Blue,SUV,FWD,35,CA,500
Honda,CR-V,2008,Petrol,Automatic,2.7,225249,203,184,3,0,Full Service,Black,SUV,AWD,24,,500
Ford,F-150,2012,Hybrid,Automatic,,209378,252,240,2,1,Full Service,Green,Truck,4WD,38,,1121
Audi,Q5,2020,Petrol,Automatic,2.1,695,159,,2,0,Partial Service,,SUV,RWD,30,GA,31885
Honda,Civic,2008,Petrol,Manual,2.4,138453,,177,2,,,Silver,Sedan,FWD,33,,500
Ford,Explorer,2005,Petrol,Automatic,2.8,220718,197,188,5,0,Full Service,,SUV,AWD,31,IL,500
Chevrolet,Tahoe,2008,Petrol,Automatic,2.4,190952,191,175,4,1,Partial Service,Green,SUV,FWD,33,IL,2943
Mercedes-Benz,GLC,2015,Hybrid,Automatic,2.5,50069,176,170,1,0,Partial Service,Blue,SUV,AWD,48,IL,18432
Mercedes-Benz,C-Class,2022,Hybrid,Automatic,1.8,5919,149,,1,0,Full Service,Red,Sedan,AWD,49,IL,38417
Nissan,Sentra,2019,Petrol,Automatic,2.2,61287,173,,2,0,Full Service,Blue,Sedan,FWD,,GA,10120
Mercedes-Benz,GLE,2009,Petrol,Manual,3.3,118070,253,225,3,1,Full Service,,SUV,AWD,20,,9394
Chevrolet,Equinox,2024,Diesel,Automatic,2.5,100,210,176,1,0,Full Service,Green,SUV,AWD,31,MI,27297
Hyundai,Sonata,2009,Petrol,Automatic,1.4,198906,113,111,3,1,No Service,Black,Sedan,FWD,,TX,500
Audi,A4,2024,Hybrid,Automatic,1.7,4926,123,111,1,0,Full Service,Black,Sedan,FWD,57,IL,41536
Nissan,Sentra,2010,Petrol,Manual,2.4,180832,196,178,3,0,Full Service,White,Sedan,FWD,34,TX,500
Mercedes-Benz,E-Class,2015,Petrol,Automatic,2.4,126174,182,165,1,0,,Blue,Sedan,FWD,33,MI,21151
Hyundai,Elantra,2016,Diesel,Automatic,2,87365,153,,2,1,,Green,Sedan,FWD,,IL,4594
Audi,A6,2012,Petrol,Automatic,2,125725,158,,3,1,Full Service,,Sedan,FWD,,,11827
Ford,Mustang,2018,Hybrid,Manual,3.4,65301,249,240,4,0,Full Service,Red,Coupe,AWD,42,OH,19819
BMW,X5,2013,Petrol,Automatic,3.4,153670,,257,4,1,Full Service,Green,SUV,FWD,23,GA,13795
Mercedes-Benz,GLC,2014,Petrol,Automatic,3.2,128636,265,250,3,0,Full Service,,SUV,AWD,31,MI,13626
Ford,Mustang,2009,Petrol,,4.8,163174,,319,4,0,No Service,,Coupe,RWD,13,,500
Ford,Escape,2018,Petrol,Automatic,,30220,210,183,3,,Partial Service,Silver,SUV,AWD,30,GA,11399
BMW,X5,2018,Hybrid,,2.6,60824,198,,1,1,Partial Service,Black,SUV,FWD,58,,29333
Volkswagen,Atlas,2009,Petrol,Automatic,2.9,88717,211,201,4,0,Full Service,Blue,SUV,FWD,29,FL,4992
Nissan,Rogue,2018,Diesel,,2.4,53410,,202,2,0,Partial Service,Red,SUV,FWD,34,NC,11483
Mercedes-Benz,C-Class,2014,Petrol,Automatic,1.9,117579,149,143,2,1,Full Service,Blue,Sedan,FWD,24,OH,10976
BMW,5 Series,2009,Petrol,Automatic,2.2,163132,167,168,3,0,Partial Service,,Sedan,FWD,35,FL,7209
Audi,Q7,2018,Petrol,Automatic,2.8,115877,210,203,1,1,Partial Service,White,SUV,AWD,25,MI,25465
Honda,Accord,2015,Petrol,Automatic,,184765,165,160,2,,Partial Service,Green,Sedan,FWD,31,,3126
Ford,Mustang,2007,Petrol,Automatic,,266886,299,270,4,1,Full Service,Brown,Coupe,RWD,18,OH,500
Chevrolet,Equinox,2021,Petrol,,2.1,12280,156,152,1,0,Partial Service,Blue,SUV,AWD,,CA,20341
Hyundai,Elantra,2006,Hybrid,Automatic,,100,123,132,4,0,No Service,Red,Sedan,FWD,,GA,3671
Nissan,Altima,2016,Petrol,Automatic,,30849,157,147,2,1,No Service,Silver,Sedan,FWD,32,CA,8590
Mercedes-Benz,E-Class,2019,Hybrid,Automatic,2.1,91669,183,186,2,1,Full Service,,Sedan,FWD,50,OH,29810
Toyota,RAV4,2019,Petrol,,3,53792,242,235,1,0,Partial Service,Black,SUV,RWD,26,,17356
Mercedes-Benz,GLE,2019,Petrol,Automatic,2.6,34568,180,,1,1,Full Service,Blue,SUV,FWD,30,PA,31385
Mercedes-Benz,GLC,2020,Petrol,Automatic,2.8,100,228,,1,0,Full Service,Red,SUV,FWD,22,TX,32195
Audi,A6,2023,Petrol,Automatic,1.7,14989,131,122,1,0,No Service,,Sedan,FWD,,CA,44678
Mercedes-Benz,GLC,2015,Petrol,,3.3,100,258,226,2,0,No Service,Silver,SUV,AWD,26,TX,18832
Mercedes-Benz,E-Class,2019,Petrol,Automatic,2.5,13522,184,159,1,0,Partial Service,White,Sedan,FWD,33,GA,36951
Hyundai,Santa Fe,2019,Hybrid,Automatic,3.4,47727,,238,2,0,Partial Service,Blue,SUV,AWD,,MI,17238
BMW,5 Series,2013,Diesel,Automatic,,238558,138,134,2,0,,,Sedan,FWD,,IL,9770
BMW,5 Series,2005,Petrol,Automatic,2.4,259372,173,151,5,0,,White,Sedan,FWD,33,NY,500
Chevrolet,Malibu,2022,Petrol,Automatic,2.4,16664,,178,1,0,No Service,Black,Sedan,FWD,33,GA,17070
Nissan,Rogue,2021,Petrol,Automatic,2.8,81152,209,191,1,,No Service,Green,SUV,AWD,30,IL,15326
Ford,F-150,2024,Hybrid,Automatic,5.4,100,385,363,1,0,Partial Service,Blue,Truck,4WD,24,PA,32339
Volkswagen,Passat,2016,Electric,,0,38922,283,,2,0,Full Service,Green,Sedan,FWD,106,PA,12097
BMW,X3,2012,Petrol,Automatic,,121931,194,180,3,0,Full Service,Brown,SUV,AWD,27,IL,10723
Audi,Q7,2005,Petrol,Automatic,2.5,224608,206,190,5,0,Full Service,Red,SUV,AWD,27,GA,634
Volkswagen,Golf,2020,Petrol,Automatic,2.2,41820,195,169,2,0,Full Service,Gray,Hatchback,FWD,28,GA,14684
Mercedes-Benz,GLE,2022,Petrol,Automatic,3.1,47915,249,237,1,0,Full Service,Green,SUV,AWD,26,CA,55347
Audi,A6,2015,Petrol,Automatic,1.8,151188,150,,3,0,Full Service,Blue,Sedan,FWD,31,CA,17888
Hyundai,Sonata,2008,Petrol,,1.6,179144,141,,5,0,Full Service,Brown,Sedan,FWD,40,NC,500
Nissan,Rogue,2009,Petrol,Manual,3.3,274546,241,237,3,1,Full Service,Blue,SUV,AWD,27,IL,500
Nissan,Altima,2011,Petrol,Manual,2,283988,142,135,4,,,Black,Sedan,AWD,,TX,500
BMW,X3,2021,Petrol,Automatic,3.4,31673,,241,1,,No Service,White,SUV,AWD,24,GA,32468
Volkswagen,Tiguan,2020,Petrol,Automatic,,100,245,227,1,0,Full Service,White,SUV,AWD,,GA,20229
Honda,CR-V,2014,Petrol,Automatic,3.4,148445,260,240,2,1,No Service,Gray,SUV,AWD,25,IL,3585
Audi,Q7,2019,Diesel,Automatic,2.1,70700,177,165,2,0,,Brown,SUV,AWD,38,NY,33924
Honda,Civic,2005,Petrol,,2.3,191687,,174,5,1,Full Service,,Sedan,FWD,28,IL,500
Mercedes-Benz,E-Class,2023,Hybrid,,1.9,10722,151,136,1,0,,Gray,Sedan,FWD,63,CA,50713
Honda,Civic,2019,Petrol,Automatic,2.3,74233,182,174,1,1,Full Service,Green,Sedan,FWD,34,,8895
Ford,F-150,2013,Petrol,Automatic,4.7,169341,,330,2,0,Full Service,Brown,Truck,4WD,19,CA,4182
Ford,Escape,2013,Hybrid,Automatic,2.2,113135,,182,3,,Full Service,Green,SUV,FWD,49,GA,3956
Audi,A4,2017,Diesel,Automatic,2.1,110938,,162,1,0,No Service,Black,Sedan,FWD,37,NC,13600
Audi,Q7,2015,Petrol,Automatic,2.5,67906,195,173,4,,,Gray,SUV,AWD,32,IL,18931
Ford,Mustang,2019,Electric,Automatic,0,58249,262,288,2,,No Service,White,Coupe,RWD,,IL,13300
Hyundai,Santa Fe,2006,Petrol,Automatic,2.9,75650,232,226,5,0,No Service,Red,SUV,AWD,,PA,2572
Nissan,Rogue,2012,Petrol,Automatic,3.5,177703,269,239,3,,Full Service,Silver,SUV,AWD,25,CA,1013
Toyota,Highlander,2015,Diesel,Automatic,2.4,22089,183,168,1,0,No Service,Gray,SUV,FWD,32,,13755
Honda,Civic,2022,Diesel,Automatic,,25877,,126,1,0,No Service,,Sedan,FWD,38,PA,15672
Nissan,Rogue,2022,Petrol,,2.4,32045,191,202,1,0,Partial Service,Brown,SUV,RWD,28,,21137
Mercedes-Benz,C-Class,2007,Hybrid,Automatic,1.6,124049,135,128,5,,,Brown,Sedan,FWD,49,OH,3388
Mercedes-Benz,E-Class,2012,Petrol,Automatic,2,171980,147,137,3,0,Full Service,Black,Sedan,FWD,,PA,12142
Mercedes-Benz,GLC,2011,Petrol,,3.4,232739,258,236,4,0,Partial Service,Green,SUV,AWD,26,GA,4060
Honda,Civic,2023,Petrol,Automatic,2.2,551,157,,1,0,Full Service,Blue,Sedan,FWD,34,CA,22130
Mercedes-Benz,E-Class,2020,Petrol,Automatic,2.3,32580,167,,1,0,Partial Service,Gray,Sedan,AWD,36,TX,34831
Honda,Pilot,2005,Petrol,Automatic,3.4,212223,235,214,5,,,,SUV,AWD,,MI,500
BMW,X5,2010,Petrol,Manual,3.2,141406,255,250,4,,No Service,Silver,SUV,AWD,30,NY,8621
Audi,A4,2015,Hybrid,Automatic,2.5,137551,214,208,3,0,,,Sedan,FWD,52,TX,11819
Audi,Q5,2020,Petrol,Automatic,2.2,18522,175,187,1,0,Partial Service,Brown,SUV,AWD,37,,29061
Volkswagen,Passat,2020,Diesel,Automatic,1.7,15813,133,116,1,0,Full Service,White,Sedan,AWD,36,CA,17785
Hyundai,Santa Fe,2008,Petrol,Manual,3.3,87823,237,222,4,0,Full Service,Blue,SUV,AWD,24,IL,3921
Hyundai,Sonata,2009,Petrol,,2,104265,153,154,4,1,Partial Service,White,Sedan,FWD,33,TX,1248
Toyota,RAV4,2008,Petrol,Automatic,2.8,105526,,209,5,,Full Service,Blue,SUV,AWD,27,FL,1912
Audi,Q7,2019,Petrol,Automatic,3.5,57413,257,253,1,,,Red,SUV,AWD,26,TX,28250
Mercedes-Benz,GLC,2021,Hybrid,Automatic,3.1,24316,,225,1,0,Full Service,Gray,SUV,FWD,34,PA,36743
Ford,Explorer,2024,Hybrid,Automatic,2.3,5210,184,182,1,0,,Blue,SUV,AWD,46,OH,31933
Audi,A4,2008,Petrol,Automatic,2.2,134153,197,176,4,1,,Gray,Sedan,FWD,,IL,2677
Volkswagen,Passat,2013,Petrol,,2.2,46449,165,146,3,0,Partial Service,Green,Sedan,FWD,32,CA,8404
Ford,Explorer,2014,Petrol,Automatic,,153784,244,240,4,0,Full Service,Red,SUV,RWD,27,,6651
Mercedes-Benz,GLE,2014,Hybrid,Automatic,2.4,148016,190,,2,,No Service,Gray,SUV,FWD,,GA,16403
Audi,A4,2014,Petrol,Automatic,2.1,92345,161,,4,0,,Red,Sedan,AWD,29,NY,10880
Chevrolet,Tahoe,2016,Petrol,Automatic,3.1,150082,231,214,2,1,Partial Service,Blue,SUV,AWD,27,TX,14791
Ford,Escape,2023,Petrol,Automatic,,18192,218,204,1,0,Full Service,Brown,SUV,AWD,30,OH,25452
Toyota,Corolla,2013,Petrol,Automatic,,102397,150,150,3,0,,Brown,Sedan,FWD,37,CA,2129
Honda,CR-V,2014,Petrol,Automatic,2.8,175030,,,2,0,Partial Service,Black,SUV,AWD,,PA,3437
Toyota,RAV4,2016,Petrol,Automatic,,62477,186,173,2,0,No Service,Red,SUV,AWD,27,,9326
Chevrolet,Silverado,2018,Petrol,,5.3,94739,388,361,1,0,Full Service,Gray,Truck,4WD,10,NY,16438
Audi,A6,2014,Petrol,Automatic,1.9,110393,153,135,3,,Full Service,Black,Sedan,AWD,,MI,17710
Honda,Accord,2008,Petrol,Manual,1.8,168285,140,134,3,,,Brown,Sedan,FWD,,NC,500
Hyundai,Elantra,2011,Petrol,Automatic,2.3,275975,,136,3,0,Partial Service,Gray,Sedan,FWD,31,IL,500
Audi,Q5,2012,Petrol,,2.8,8416,226,217,4,1,Partial Service,Green,SUV,FWD,28,NC,11890
BMW,3 Series,2021,Petrol,Automatic,2.3,30321,182,169,1,0,,Brown,Sedan,FWD,33,IL,33280
Volkswagen,Tiguan,2017,Diesel,,2.1,139739,168,146,2,1,No Service,Red,SUV,FWD,39,NC,6431
Honda,Accord,2011,Diesel,Automatic,2,144055,,158,3,,Full Service,Red,Sedan,FWD,,CA,1195
Ford,F-150,2006,Petrol,,3,181975,,211,3,1,No Service,Brown,Truck,4WD,26,IL,500
Toyota,Corolla,2013,Petrol,Automatic,,68807,148,146,3,1,No Service,Green,Sedan,FWD,,OH,3718
BMW,X5,2021,Petrol,Automatic,2.6,71861,211,204,1,0,Partial Service,Gray,SUV,FWD,29,FL,41414
BMW,X5,2019,Petrol,,2.8,59581,,198,1,0,Partial Service,Red,SUV,AWD,25,GA,36291
BMW,3 Series,2007,Petrol,Automatic,2,321493,,149,4,,No Service,Silver,Sedan,AWD,37,FL,500
Audi,Q7,2013,Petrol,Automatic,,83557,178,170,2,1,Partial Service,Gray,SUV,AWD,36,,15901
Toyota,Corolla,2006,Petrol,Automatic,,387962,131,119,4,1,Partial Service,Silver,Sedan,FWD,31,PA,500
Ford,Escape,2014,Petrol,Automatic,3.1,83779,240,240,3,0,Full Service,Brown,SUV,AWD,29,PA,7502
Hyundai,Santa Fe,2019,Petrol,Automatic,2.7,56629,215,206,2,1,No Service,Green,SUV,FWD,30,NY,13764
BMW,X5,2019,Petrol,Automatic,2.6,78506,196,197,1,,Partial Service,Black,SUV,AWD,28,NY,35377
BMW,X5,2011,Petrol,Manual,2.6,204944,220,,5,1,Full Service,Black,SUV,AWD,31,MI,8196
Nissan,Sentra,2009,Petrol,,,232871,,,3,,No Service,,Sedan,FWD,41,PA,500
Audi,Q7,2009,Petrol,,2.8,263270,213,196,2,0,Partial Service,Green,SUV,FWD,,NC,3731
Mercedes-Benz,GLE,2005,Petrol,Manual,3.1,284438,227,207,4,0,,Blue,SUV,AWD,28,CA,500
Chevrolet,Tahoe,2015,Petrol,Automatic,,132703,,,2,1,Partial Service,Red,SUV,AWD,35,PA,14971
BMW,5 Series,2011,Petrol,Manual,1.6,81419,144,129,3,0,Full Service,Silver,Sedan,AWD,39,IL,14364
Hyundai,Elantra,2016,Petrol,Automatic,2.4,73269,,168,1,1,Full Service,,Sedan,FWD,,MI,5315
Volkswagen,Golf,2010,Petrol,,2.4,158303,212,219,4,0,,Red,Hatchback,FWD,32,TX,500
BMW,X5,2024,Petrol,Automatic,2.8,100,228,218,1,,Full Service,Blue,SUV,RWD,29,OH,62179
Mercedes-Benz,C-Class,2005,Petrol,Manual,,260603,156,137,5,0,No Service,White,Sedan,FWD,37,NY,500
Volkswagen,Atlas,2020,Petrol,Automatic,2.7,29470,210,192,2,1,,Brown,SUV,AWD,28,PA,18741
Audi,A4,2017,Petrol,Automatic,2,50142,175,160,2,,,,Sedan,FWD,31,,19704
BMW,3 Series,2012,Petrol,Automatic,1.4,63899,128,116,2,,Partial Service,Blue,Sedan,FWD,41,GA,9918
Chevrolet,Tahoe,2020,Petrol,Automatic,2.3,54755,180,175,2,0,Full Service,Silver,SUV,AWD,33,,33038
Honda,Civic,2019,Petrol,,2.4,78123,195,193,1,0,Full Service,Black,Sedan,FWD,,NY,10052
Mercedes-Benz,GLC,2024,Petrol,Automatic,3.1,5517,245,231,1,0,Full Service,White,SUV,AWD,32,NC,45411
Hyundai,Tucson,2006,Petrol,Manual,3,228649,247,224,5,1,Partial Service,Silver,SUV,FWD,29,OH,500
Ford,F-150,2007,Petrol,Manual,4.4,307601,325,322,4,1,Full Service,Silver,Truck,RWD,19,IL,500
Mercedes-Benz,GLC,2020,Petrol,Automatic,2.9,54995,205,186,1,1,Partial Service,Gray,SUV,FWD,27,MI,27046
Audi,A6,2006,Petrol,Automatic,1.4,231728,122,,4,1,Full Service,Brown,Sedan,FWD,,MI,570
Honda,Accord,2020,Petrol,Automatic,1.8,45681,,131,1,0,,,Sedan,FWD,35,NY,14651
Mercedes-Benz,E-Class,2006,Petrol,,,328405,,169,3,0,Full Service,,Sedan,FWD,25,GA,500
Chevrolet,Silverado,2011,Diesel,Manual,4,202359,302,277,4,0,Partial Service,Gray,Truck,RWD,19,PA,1226
Chevrolet,Malibu,2016,Petrol,Automatic,1.5,247948,123,,1,1,No Service,Brown,Sedan,FWD,,GA,500
Ford,Mustang,2022,Petrol,Automatic,2.6,42005,194,185,1,1,Full Service,Green,Coupe,RWD,30,NY,18898
Audi,A6,2007,Petrol,Automatic,1.7,112765,123,122,4,0,Partial Service,Brown,Sedan,FWD,34,MI,6198
BMW,3 Series,2014,Petrol,Automatic,2.2,98086,163,150,2,0,,Black,Sedan,FWD,29,GA,13137
Honda,Pilot,2020,Petrol,,2.3,57214,193,194,2,0,Full Service,Black,SUV,AWD,37,FL,23064
Toyota,Corolla,2023,Hybrid,Automatic,2.1,9079,187,178,1,,Full Service,Red,Sedan,FWD,53,PA,17895
Volkswagen,Atlas,2024,Petrol,,2.6,100,220,200,1,0,,Red,SUV,RWD,27,NY,31737
Nissan,Pathfinder,2008,Petrol,Manual,3.4,28327,258,248,4,1,,Brown,SUV,AWD,,CA,6324
Mercedes-Benz,GLE,2024,Petrol,Automatic,3,2027,225,,1,0,Full Service,White,SUV,AWD,26,GA,61326
Toyota,Camry,2006,Petrol,Automatic,2.2,302368,160,163,4,0,Full Service,Brown,Sedan,FWD,36,FL,500
Volkswagen,Atlas,2021,Electric,Automatic,0,41050,,336,1,,No Service,Gray,SUV,AWD,119,MI,22505
Mercedes-Benz,GLE,2024,Petrol,Automatic,2.3,100,190,179,1,,,Blue,SUV,AWD,31,NC,48808
BMW,X5,2024,Electric,Automatic,0,3709,,,1,0,Full Service,Black,SUV,AWD,111,,62174
Chevrolet,Malibu,2020,Petrol,,2.3,10127,184,,2,0,Full Service,Black,Sedan,AWD,31,MI,15718
BMW,X5,2005,Petrol,Manual,2.5,97181,197,204,5,1,Partial Service,Red,SUV,RWD,34,GA,6090
Ford,Escape,2015,Petrol,,2.9,63864,225,216,3,0,Full Service,,SUV,AWD,,CA,9108
Audi,Q5,2017,Petrol,Automatic,2.7,79851,207,,2,0,,Red,SUV,FWD,29,FL,23116
Nissan,Rogue,2023,Petrol,,2.9,15417,216,,1,1,,Green,SUV,AWD,,MI,17348
Audi,A4,2022,Hybrid,Automatic,2.3,26616,163,160,1,0,Partial Service,Brown,Sedan,FWD,,NY,32638
Mercedes-Benz,C-Class,2008,Petrol,Manual,1.9,255114,145,139,4,1,,,Sedan,FWD,28,,500
BMW,3 Series,2012,Petrol,Automatic,,45112,127,113,2,0,Partial Service,Gray,Sedan,FWD,37,CA,13366
Chevrolet,Equinox,2007,Petrol,Manual,,217071,204,,5,0,Partial Service,Green,SUV,AWD,26,GA,500
Toyota,RAV4,2017,Petrol,Automatic,3.2,134946,263,237,1,0,Full Service,,SUV,AWD,25,,8981
Nissan,Altima,2023,Petrol,Automatic,1.9,12866,142,135,1,,,Black,Sedan,FWD,39,IL,18421
Toyota,Corolla,2008,Petrol,Manual,,203463,153,138,5,1,No Service,Brown,Sedan,FWD,31,CA,500
Nissan,Pathfinder,2012,Petrol,Automatic,2.6,68612,210,226,2,1,Partial Service,Brown,SUV,FWD,33,,7034
Honda,Pilot,2016,Petrol,Automatic,2.4,60989,176,166,3,,Partial Service,Black,SUV,RWD,36,GA,17637
Chevrolet,Silverado,2016,Petrol,Automatic,4.6,106980,336,,1,0,Partial Service,Gray,Truck,4WD,14,IL,11534
Audi,Q7,2008,Diesel,Manual,3.1,97195,260,,5,1,Full Service,Green,SUV,AWD,26,CA,8673
BMW,X5,2018,Diesel,Automatic,2.4,121662,,180,2,,Partial Service,,SUV,AWD,29,GA,25585
Volkswagen,Tiguan,2013,Petrol,Automatic,3.5,100,276,254,3,1,,Brown,SUV,AWD,21,NY,9129
Honda,CR-V,2007,Petrol,Automatic,3,173522,234,240,3,,Full Service,Silver,SUV,AWD,24,NC,500
Chevrolet,Equinox,2015,Petrol,Automatic,2.2,136846,170,162,1,0,,Gray,SUV,FWD,35,,5826
Toyota,Camry,2019,Petrol,Automatic,1.4,46674,109,117,2,,Partial Service,Silver,Sedan,FWD,44,FL,12827
Mercedes-Benz,C-Class,2015,Petrol,,1.5,135324,109,80,2,1,Full Service,Gray,Sedan,FWD,38,TX,13165
Nissan,Sentra,2006,Petrol,Manual,1.6,227342,,149,3,0,Partial Service,Red,Sedan,AWD,37,NC,500
Chevrolet,Malibu,2023,Petrol,Automatic,2.5,13100,190,,1,0,Full Service,White,Sedan,FWD,28,,22204
Honda,Civic,2013,Petrol,Automatic,,95516,180,156,3,,Partial Service,Gray,Sedan,FWD,32,PA,3762
Chevrolet,Silverado,2020,Hybrid,Automatic,4.5,8229,,323,2,0,Full Service,Red,Truck,4WD,35,PA,23263
Honda,Accord,2012,Petrol,Automatic,2.3,142479,175,166,1,,No Service,Silver,Sedan,FWD,34,FL,1826
BMW,5 Series,2015,Petrol,,1.9,140217,133,119,3,0,,Gray,Sedan,AWD,37,MI,18878
Hyundai,Santa Fe,2005,Petrol,Automatic,2.2,410673,175,169,5,0,Partial Service,Silver,SUV,AWD,33,TX,500
Volkswagen,Passat,2024,Petrol,Automatic,2.2,100,172,176,1,,,Black,Sedan,FWD,29,OH,28882
Audi,Q5,2020,Petrol,Automatic,3.2,42578,254,251,1,1,Partial Service,Silver,SUV,AWD,,CA,24759
Chevrolet,Equinox,2018,Petrol,Automatic,3.4,148502,239,221,2,1,,Black,SUV,AWD,30,GA,7246
BMW,3 Series,2020,Diesel,,2.1,66622,177,166,1,0,Partial Service,Black,Sedan,AWD,33,PA,25759
Chevrolet,Malibu,2007,Petrol,Manual,2.1,266901,189,176,4,1,Full Service,Silver,Sedan,FWD,36,FL,500
Nissan,Pathfinder,2007,Petrol,Automatic,3.3,308846,,245,3,1,No Service,Black,SUV,FWD,25,OH,500
Nissan,Sentra,2007,Diesel,,1.6,15243,137,136,4,1,Partial Service,,Sedan,AWD,,CA,3200
Ford,F-150,2015,Petrol,,3.1,137653,231,,3,,,Red,Truck,4WD,27,IL,7898
Honda,CR-V,2006,Diesel,,3.1,114899,211,206,2,1,No Service,Brown,SUV,FWD,21,MI,500
BMW,3 Series,2022,Hybrid,Automatic,1.6,27073,,128,1,,No Service,,Sedan,AWD,49,CA,46080
Ford,Explorer,2011,Hybrid,Automatic,,172627,204,214,3,0,No Service,Gray,SUV,FWD,,NC,2341
Mercedes-Benz,GLC,2009,Petrol,Automatic,2.8,68856,,,3,0,No Service,Black,SUV,AWD,32,MI,7951
Nissan,Sentra,2011,Petrol,Manual,1.7,134887,139,128,2,1,Partial Service,Black,Sedan,FWD,31,GA,500
Ford,Mustang,2024,Petrol,Manual,,100,182,175,1,0,No Service,Silver,Coupe,RWD,39,TX,24377
Hyundai,Santa Fe,2023,Petrol,Automatic,2.3,2944,192,180,1,0,Partial Service,Silver,SUV,AWD,30,,28206
Ford,F-150,2018,Petrol,Automatic,3.8,150269,301,294,2,0,No Service,Brown,Truck,RWD,22,PA,9972
Chevrolet,Silverado,2014,Diesel,Automatic,4.2,56255,304,291,2,0,,Silver,Truck,RWD,15,PA,11480
Nissan,Altima,2021,Petrol,Automatic,2.2,45197,173,,1,0,Partial Service,Brown,Sedan,FWD,32,NC,15659
Chevrolet,Malibu,2017,Petrol,Automatic,1.8,8911,144,,3,1,Partial Service,Black,Sedan,FWD,35,IL,10847
Honda,Civic,2019,Petrol,Automatic,2.2,113446,163,160,1,,Full Service,Red,Sedan,FWD,33,NC,8139
Toyota,Corolla,2005,Petrol,Automatic,,141647,115,127,4,1,Partial Service,,Sedan,FWD,35,TX,500
Chevrolet,Silverado,2006,Diesel,Manual,4.5,31338,335,,4,0,Partial Service,Green,Truck,4WD,11,MI,5710
Volkswagen,Atlas,2021,Petrol,Automatic,3.5,22822,,257,1,0,No Service,Brown,SUV,AWD,24,FL,21278
Ford,Explorer,2017,Petrol,Automatic,,82367,211,208,2,0,Full Service,Red,SUV,AWD,29,,15889
Ford,Mustang,2016,Petrol,Manual,4.4,68226,345,333,2,0,Partial Service,Brown,Coupe,RWD,17,IL,9625
Honda,CR-V,2006,Petrol,Manual,3.2,253444,267,240,3,1,Partial Service,Green,SUV,AWD,24,,500
Honda,Accord,2015,Petrol,Automatic,1.5,70972,114,115,2,0,No Service,Gray,Sedan,FWD,39,OH,8217
Chevrolet,Silverado,2006,Diesel,,4.6,216488,334,326,4,0,Full Service,Green,Truck,4WD,17,,500
Hyundai,Elantra,2013,Petrol,Automatic,2.4,255149,,188,1,1,No Service,Red,Sedan,FWD,28,NC,500
Ford,Explorer,2021,Petrol,Automatic,2.4,100,189,165,1,0,,Blue,SUV,AWD,29,IL,31208
Ford,Mustang,2021,Petrol,Automatic,3.2,22153,242,222,1,0,Full Service,,Coupe,AWD,25,PA,20401
Chevrolet,Silverado,2014,Diesel,Automatic,5.6,100,396,362,1,1,Partial Service,Black,Truck,RWD,,NC,11843
Volkswagen,Golf,2014,Petrol,Automatic,2.3,149523,179,166,3,1,,Gray,Hatchback,FWD,36,GA,2067
Mercedes-Benz,GLE,2006,Hybrid,Automatic,,220061,,156,4,1,Partial Service,Red,SUV,AWD,48,IL,2161
Honda,Civic,2006,Petrol,Automatic,2.5,100,188,,5,0,No Service,Brown,Sedan,FWD,34,NY,3651
Hyundai,Sonata,2009,Petrol,Automatic,1.4,200310,113,103,4,0,,Green,Sedan,FWD,,,500
Toyota,Camry,2015,Petrol,,1.4,115215,99,98,3,1,Partial Service,Gray,Sedan,FWD,35,OH,4728
Toyota,RAV4,2018,Hybrid,Automatic,2.7,47648,202,,1,1,No Service,Black,SUV,FWD,34,GA,11244
Chevrolet,Malibu,2023,Petrol,Automatic,1.5,25662,115,115,1,0,Full Service,Brown,Sedan,FWD,36,IL,21680
Audi,A4,2012,Petrol,Automatic,1.8,160849,148,,4,0,,Blue,Sedan,FWD,33,NY,6972
Hyundai,Elantra,2019,Diesel,Automatic,2,96401,172,183,3,0,No Service,Green,Sedan,FWD,36,CA,7891
Honda,Pilot,2018,Hybrid,Automatic,,75218,,188,1,0,Full Service,Silver,SUV,AWD,46,,20275
Mercedes-Benz,GLC,2013,Petrol,Automatic,2.9,171277,,,3,0,Full Service,Black,SUV,FWD,,NY,9968
Honda,Pilot,2021,Diesel,Automatic,3.2,20104,258,247,1,0,Partial Service,,SUV,FWD,25,NY,25092
Honda,Accord,2012,Petrol,Automatic,1.9,63093,154,134,2,0,Partial Service,Brown,Sedan,FWD,38,NY,6160
Ford,F-150,2017,Petrol,Automatic,4.8,51948,,344,2,1,,,Truck,4WD,11,TX,13969
Hyundai,Santa Fe,2011,Petrol,Automatic,2.1,157665,178,164,5,0,No Service,Green,SUV,FWD,35,FL,2317
Hyundai,Santa Fe,2013,Petrol,Automatic,3,62694,225,206,4,0,,Gray,SUV,AWD,,FL,9742
BMW,3 Series,2012,Petrol,Automatic,1.9,96298,147,138,3,0,Partial Service,Blue,Sedan,FWD,,NC,10839
BMW,X3,2008,Petrol,,3.1,161798,251,239,3,1,,,SUV,FWD,27,IL,2816
Hyundai,Tucson,2013,Petrol,Automatic,2.3,89525,190,,2,1,Full Service,Silver,SUV,AWD,33,FL,4697
Volkswagen,Golf,2014,Petrol,,2.1,191058,144,130,2,1,No Service,Green,Hatchback,AWD,36,PA,500
Hyundai,Tucson,2009,Petrol,Automatic,3.1,231476,,222,4,1,Partial Service,Brown,SUV,AWD,26,,500
Mercedes-Benz,GLE,2012,Petrol,Automatic,2.6,231727,208,203,3,1,Partial Service,Red,SUV,FWD,31,,8112
Nissan,Rogue,2023,Petrol,Automatic,3.1,24284,229,204,1,0,Full Service,,SUV,AWD,26,MI,24617
Volkswagen,Tiguan,2021,Diesel,Automatic,2,78766,154,131,1,0,Partial Service,White,SUV,RWD,33,PA,18696
Hyundai,Tucson,2014,Petrol,Automatic,2.3,184552,185,173,1,1,,Black,SUV,FWD,26,IL,1663
Nissan,Altima,2005,Hybrid,,1.8,276346,135,131,4,1,Full Service,Green,Sedan,FWD,51,,500
Ford,Escape,2010,Hybrid,Automatic,3.2,92799,250,240,3,0,,Brown,SUV,AWD,32,,3397
Hyundai,Elantra,2016,Petrol,Automatic,2.5,164714,212,,2,1,Partial Service,White,Sedan,FWD,29,,1513
Honda,Civic,2022,Petrol,Automatic,2.5,12525,196,187,1,0,Full Service,White,Sedan,FWD,31,NY,19559
Toyota,RAV4,2005,Petrol,Automatic,2.7,355589,,217,4,0,Full Service,Gray,SUV,FWD,25,IL,500
Toyota,Corolla,2005,Petrol,,2.2,295345,,144,5,0,No Service,Black,Sedan,FWD,34,,500
Chevrolet,Silverado,2012,Petrol,Automatic,4.1,70368,298,279,4,0,Partial Service,Gray,Truck,4WD,23,,9136
Toyota,Highlander,2019,Hybrid,Automatic,2.2,70606,171,164,3,0,Partial Service,,SUV,AWD,43,TX,20622
Chevrolet,Equinox,2016,Petrol,,3.4,67916,250,,2,0,Full Service,Black,SUV,AWD,21,TX,9481
Ford,F-150,2011,Diesel,Manual,3.9,194533,300,297,4,1,No Service,Brown,Truck,4WD,20,,747
Toyota,RAV4,2007,Petrol,,2.4,128750,169,164,2,1,Partial Service,Brown,SUV,AWD,30,NY,500
Nissan,Pathfinder,2023,Diesel,Automatic,2.3,10263,199,,1,0,No Service,Brown,SUV,AWD,34,OH,28211
Hyundai,Santa Fe,2023,Petrol,Automatic,3.5,9708,261,245,1,0,Full Service,Gray,SUV,AWD,22,TX,30764
Ford,Mustang,2013,Petrol,Automatic,3.8,87956,,265,2,1,No Service,,Coupe,RWD,,OH,4916
Audi,A6,2006,Petrol,Automatic,1.8,151638,150,143,5,0,Full Service,Brown,Sedan,FWD,31,TX,4896
Mercedes-Benz,E-Class,2006,Petrol,Automatic,1.6,125533,,,5,,No Service,Blue,Sedan,FWD,40,CA,5140
BMW,5 Series,2013,Petrol,Automatic,1.8,79835,150,154,3,0,Partial Service,White,Sedan,FWD,36,NY,15976
Nissan,Sentra,2018,Petrol,Automatic,2.1,75092,160,,2,0,,Black,Sedan,FWD,,NC,8840
Audi,Q7,2022,Petrol,Automatic,2.3,3911,189,,1,1,Partial Service,Blue,SUV,AWD,32,CA,40918
Ford,Mustang,2012,Petrol,,3.4,117816,249,,2,1,Full Service,,Coupe,RWD,21,PA,3476
Mercedes-Benz,GLE,2011,Petrol,Manual,,111002,161,160,3,,Full Service,Red,SUV,AWD,36,,12995
Toyota,Corolla,2007,Diesel,Manual,2.3,292116,182,185,5,1,,Black,Sedan,AWD,38,NY,500
Toyota,RAV4,2009,Petrol,Automatic,,197194,,240,5,0,Partial Service,Blue,SUV,AWD,,NC,500
Chevrolet,Tahoe,2012,Petrol,Automatic,2.3,184718,182,,2,1,,Green,SUV,AWD,31,FL,7698
Volkswagen,Tiguan,2017,Petrol,Automatic,,97146,258,236,3,1,No Service,Blue,SUV,AWD,22,CA,7775
Honda,CR-V,2023,Petrol,Automatic,2.9,10601,232,207,1,0,Partial Service,Red,SUV,FWD,29,CA,25087
Hyundai,Santa Fe,2005,Petrol,Automatic,2.9,216903,209,191,5,1,Partial Service,Black,SUV,AWD,34,FL,500
Hyundai,Elantra,2019,Hybrid,Automatic,2.1,103462,177,180,2,,,White,Sedan,FWD,56,IL,7633
Nissan,Rogue,2005,Petrol,Automatic,2.4,387410,,197,5,1,Partial Service,Blue,SUV,AWD,36,,500
Volkswagen,Atlas,2022,Petrol,Automatic,2.6,16239,,191,1,0,No Service,Blue,SUV,AWD,33,PA,25571
Hyundai,Sonata,2006,Petrol,Automatic,2.3,183133,151,130,4,1,,Black,Sedan,FWD,33,CA,500
Toyota,Corolla,2010,Petrol,Automatic,1.5,100269,126,118,5,1,,Green,Sedan,FWD,,CA,998
Toyota,RAV4,2010,Diesel,Automatic,2.1,161769,170,159,2,,Full Service,Red,SUV,AWD,37,PA,567
Audi,A6,2020,Petrol,Automatic,1.9,72583,145,138,1,0,Partial Service,Green,Sedan,FWD,39,NY,35865
BMW,X3,2006,Petrol,Automatic,2.3,114226,168,150,3,1,Full Service,,SUV,AWD,29,,3758
Mercedes-Benz,GLC,2018,Petrol,,,50020,,201,3,,Partial Service,Brown,SUV,AWD,27,PA,23146
Audi,Q5,2005,Petrol,Automatic,2.5,190537,190,180,5,1,Full Service,Brown,SUV,AWD,29,CA,500
Nissan,Sentra,2020,Petrol,Automatic,1.6,88604,128,115,1,1,Full Service,,Sedan,AWD,36,IL,8788
Volkswagen,Passat,2005,Petrol,Automatic,,314092,194,178,5,1,Full Service,Black,Sedan,FWD,33,PA,500
Toyota,Corolla,2015,Petrol,Automatic,1.5,160756,146,143,4,0,Partial Service,Black,Sedan,AWD,43,,1306
Nissan,Altima,2018,Electric,Automatic,0,50099,237,,2,0,Partial Service,Green,Sedan,FWD,111,FL,12161
Hyundai,Santa Fe,2008,Petrol,,2.3,391948,,160,4,0,,Brown,SUV,FWD,,NC,500
Mercedes-Benz,GLC,2020,Petrol,Automatic,2.3,43458,178,,1,1,Partial Service,,SUV,AWD,33,NY,26200
Hyundai,Tucson,2011,Petrol,Automatic,3.3,243347,265,264,2,1,,Black,SUV,FWD,23,NY,500
Mercedes-Benz,C-Class,2018,Petrol,Automatic,,74460,181,161,1,1,No Service,Silver,Sedan,FWD,31,TX,17414
Toyota,Corolla,2013,Petrol,Automatic,2.1,172418,168,173,2,0,Partial Service,Red,Sedan,FWD,33,FL,500
Toyota,Highlander,2009,Petrol,Manual,3.2,164921,229,,3,,Full Service,Brown,SUV,AWD,27,GA,1904
Ford,F-150,2016,Diesel,Automatic,4.5,80344,,322,2,1,No Service,White,Truck,RWD,14,NY,9334
Ford,Escape,2024,Petrol,Automatic,2.3,100,192,188,1,0,Full Service,Gray,SUV,AWD,35,NY,24614
Honda,Pilot,2016,Petrol,Automatic,3.3,54391,251,237,2,1,Partial Service,Brown,SUV,AWD,,PA,13705
Mercedes-Benz,GLE,2017,Electric,Automatic,0,184780,296,325,1,0,,Red,SUV,AWD,123,NY,27100
Honda,Accord,2011,Petrol,Automatic,1.8,84004,141,152,2,1,Full Service,Blue,Sedan,AWD,32,PA,3804
Hyundai,Sonata,2008,Petrol,Automatic,2.2,35807,,159,4,,Partial Service,,Sedan,FWD,31,GA,3508
Chevrolet,Malibu,2007,Petrol,Automatic,2,263190,139,128,4,1,No Service,Red,Sedan,FWD,,NY,500
Honda,CR-V,2012,Petrol,Automatic,2.7,69630,202,194,1,,No Service,Gray,SUV,AWD,25,NC,5494
Honda,Pilot,2013,Petrol,Automatic,2.8,226955,219,199,2,1,Full Service,White,SUV,FWD,29,IL,2535
Volkswagen,Tiguan,2010,Petrol,Automatic,2.5,161695,179,,5,0,Full Service,Gray,SUV,AWD,33,PA,569
Volkswagen,Golf,2020,Petrol,Automatic,2.2,94639,,166,2,1,Partial Service,Green,Hatchback,AWD,32,GA,9844
Volkswagen,Atlas,2020,Petrol,Automatic,2.6,32262,,172,1,0,Partial Service,Silver,SUV,AWD,34,CA,23349
Nissan,Pathfinder,2011,Petrol,,,48301,183,160,3,0,Full Service,Brown,SUV,AWD,35,CA,9674
Audi,A4,2020,Petrol,Automatic,2.1,37465,163,150,2,0,,White,Sedan,FWD,28,MI,24639
Hyundai,Elantra,2021,Petrol,Automatic,1.7,35162,138,126,1,1,Full Service,White,Sedan,FWD,34,NC,13616
Honda,Pilot,2015,Petrol,Automatic,2.6,191668,196,178,2,0,,Green,SUV,RWD,25,,7271
Volkswagen,Tiguan,2018,Hybrid,Automatic,,38875,,222,3,1,Full Service,Green,SUV,AWD,40,OH,6173
Chevrolet,Tahoe,2020,Petrol,,3,131434,224,,2,0,,Black,SUV,FWD,26,OH,29771
Honda,CR-V,2007,Diesel,Automatic,2.1,130015,174,188,4,1,Partial Service,Red,SUV,AWD,36,MI,500
Volkswagen,Tiguan,2012,Petrol,Automatic,2,109714,,161,2,0,Full Service,,SUV,AWD,37,GA,4619
Ford,Mustang,2017,Petrol,Manual,4.5,126684,,340,2,0,Full Service,Black,Coupe,AWD,15,CA,12700
Volkswagen,Passat,2008,Petrol,Automatic,2.2,197321,176,191,4,,Full Service,Brown,Sedan,FWD,33,FL,500
Chevrolet,Equinox,2017,Diesel,,3.4,113681,,244,2,0,,,SUV,FWD,23,,8369
Ford,F-150,2010,Petrol,,5.6,137600,,391,3,0,Partial Service,Green,Truck,4WD,12,NY,2703
Toyota,Camry,2011,Petrol,Manual,,207348,181,166,5,,No Service,Green,Sedan,AWD,26,CA,500
Nissan,Pathfinder,2024,Petrol,Automatic,2.1,8008,177,,1,0,Full Service,White,SUV,AWD,30,GA,37874
Hyundai,Sonata,2005,Petrol,Manual,1.9,430248,160,162,4,1,Full Service,Red,Sedan,FWD,35,IL,500
Audi,A6,2022,Petrol,Automatic,,19415,186,,1,0,No Service,,Sedan,FWD,29,GA,44366
Honda,CR-V,2007,Petrol,Manual,3.2,157550,261,268,4,,Partial Service,Brown,SUV,AWD,24,NY,500
Ford,Escape,2022,Hybrid,Automatic,,26120,174,164,1,0,No Service,,SUV,FWD,47,,17205
Hyundai,Santa Fe,2006,Hybrid,Automatic,2.6,48269,,194,4,1,Partial Service,Blue,SUV,FWD,,OH,3309
Hyundai,Elantra,2016,Petrol,Automatic,2.1,147428,169,168,1,0,Partial Service,White,Sedan,FWD,31,CA,3076
Hyundai,Sonata,2015,Diesel,Automatic,1.5,208198,109,82,3,0,Full Service,White,Sedan,FWD,,TX,981
Mercedes-Benz,GLC,2009,Petrol,Automatic,2.7,62428,207,181,3,1,Partial Service,Red,SUV,AWD,29,,9131
Hyundai,Sonata,2009,Petrol,Automatic,,131083,181,187,4,1,Partial Service,Black,Sedan,FWD,29,,500
Nissan,Pathfinder,2005,Petrol,Automatic,3.4,281853,264,251,4,1,Full Service,Green,SUV,FWD,21,PA,500
BMW,X5,2006,Petrol,Automatic,2.9,237015,216,200,3,1,Full Service,,SUV,AWD,30,NY,1320
Chevrolet,Malibu,2012,Petrol,Automatic,2.3,74596,173,162,2,0,Full Service,Blue,Sedan,AWD,33,OH,5076
Volkswagen,Tiguan,2023,Petrol,Automatic,2.2,6586,167,162,1,0,Partial Service,Black,SUV,FWD,31,NC,27460
Honda,CR-V,2016,Petrol,Automatic,,128743,253,245,3,1,No Service,Silver,SUV,AWD,21,NC,5864
Toyota,Camry,2008,Petrol,Automatic,1.8,106167,151,150,2,1,Partial Service,Silver,Sedan,AWD,36,FL,1017
Ford,F-150,2021,Petrol,Automatic,5.4,39841,388,366,1,0,Full Service,Silver,Truck,RWD,10,,22583
Mercedes-Benz,GLE,2019,Petrol,Automatic,2.4,31406,179,,1,0,Partial Service,,SUV,AWD,28,TX,39788
Mercedes-Benz,GLE,2010,Petrol,Automatic,2.7,239832,,185,2,,Partial Service,Brown,SUV,AWD,27,OH,6057
Ford,Mustang,2012,Petrol,Automatic,4.4,134540,328,315,3,0,Partial Service,,Coupe,RWD,18,CA,3114
Nissan,Pathfinder,2019,Petrol,Automatic,,49478,218,210,3,1,No Service,Gray,SUV,AWD,31,NY,13168
Volkswagen,Passat,2010,Petrol,Automatic,1.9,262557,156,,3,1,,Green,Sedan,FWD,33,PA,500
Toyota,Camry,2008,Petrol,Automatic,2.2,137030,165,137,5,,Partial Service,Silver,Sedan,FWD,32,CA,500
Honda,Pilot,2010,Hybrid,,3.1,257576,,213,3,,No Service,,SUV,FWD,39,,500
Volkswagen,Atlas,2010,Hybrid,Automatic,2.2,74844,169,,3,1,Partial Service,Green,SUV,AWD,47,IL,5704
Volkswagen,Atlas,2009,Petrol,Manual,2.4,219271,183,161,4,,Partial Service,Black,SUV,AWD,35,PA,500
Toyota,Camry,2018,Hybrid,Automatic,1.8,59560,,156,2,0,,Black,Sedan,FWD,,IL,12258
Mercedes-Benz,GLE,2007,Petrol,Automatic,2.5,119822,201,169,3,,Partial Service,Green,SUV,AWD,,FL,7157
Chevrolet,Equinox,2009,Petrol,Automatic,,246219,199,186,2,0,Partial Service,Gray,SUV,AWD,31,GA,500
Toyota,Highlander,2007,Petrol,Manual,2.8,279656,210,200,5,0,Full Service,Black,SUV,AWD,31,,500
Audi,A6,2013,Petrol,Automatic,1.8,271543,141,147,4,1,Full Service,Red,Sedan,FWD,,,6692
Hyundai,Sonata,2016,Petrol,Automatic,,225254,162,159,1,1,Partial Service,Silver,Sedan,FWD,37,MI,894
Audi,A4,2023,Petrol,Automatic,2.2,100,159,139,1,,Partial Service,Black,Sedan,FWD,,,34453
BMW,5 Series,2023,Petrol,Automatic,,2328,137,,1,0,Full Service,Brown,Sedan,FWD,32,TX,52955
Chevrolet,Malibu,2009,Petrol,Automatic,,66500,,144,4,,No Service,White,Sedan,FWD,35,FL,2280
Honda,Accord,2016,Petrol,Automatic,2.2,99243,170,156,2,0,Partial Service,White,Sedan,FWD,25,NC,7909
Toyota,Camry,2005,Petrol,,,167320,112,94,3,0,,Brown,Sedan,FWD,42,OH,500
Audi,A4,2012,Petrol,Automatic,1.6,187565,127,108,4,0,Partial Service,Black,Sedan,AWD,34,OH,4665
Hyundai,Santa Fe,2022,Hybrid,Automatic,2.4,19635,192,164,1,0,Partial Service,Silver,SUV,RWD,,FL,25486
Ford,F-150,2009,Petrol,,4,403376,284,,4,1,Full Service,Gray,Truck,4WD,18,CA,500
Ford,Escape,2011,Diesel,Automatic,3.4,87879,,,3,,Partial Service,Gray,SUV,FWD,23,FL,4757
Nissan,Rogue,2008,Petrol,Automatic,3.5,233420,275,264,3,1,Full Service,,SUV,AWD,,NC,500
Mercedes-Benz,GLC,2017,Petrol,Automatic,2.1,109123,171,148,2,1,Partial Service,Silver,SUV,FWD,34,NY,17496
Nissan,Rogue,2017,Petrol,Automatic,2.8,24906,206,208,2,,No Service,Red,SUV,FWD,26,NC,11492
Toyota,Corolla,2010,Petrol,Automatic,2.1,146983,172,,5,,,Red,Sedan,FWD,33,FL,500
Hyundai,Tucson,2013,Petrol,Automatic,3.4,35834,,247,2,1,Partial Service,Blue,SUV,FWD,24,GA,7392
Hyundai,Elantra,2016,Petrol,Automatic,1.5,6110,144,137,1,1,Full Service,Silver,Sedan,FWD,35,,8305
Mercedes-Benz,GLC,2012,Hybrid,Automatic,3.2,209822,234,216,3,,,Brown,SUV,FWD,25,IL,5759
Audi,A4,2018,Petrol,Automatic,2.4,113815,181,167,1,1,No Service,Brown,Sedan,FWD,,FL,13996
Audi,A4,2012,Petrol,Automatic,,156848,156,165,4,1,Partial Service,Blue,Sedan,FWD,32,,5450
Mercedes-Benz,GLC,2011,Diesel,Automatic,2.4,141612,188,175,3,0,Full Service,Black,SUV,AWD,31,TX,8661
Volkswagen,Passat,2019,Hybrid,Automatic,,72557,161,164,3,,Partial Service,Green,Sedan,FWD,,NY,14377
Volkswagen,Passat,2020,Petrol,Automatic,,37270,,187,1,1,No Service,Blue,Sedan,FWD,36,MI,13082
Volkswagen,Atlas,2017,Petrol,Automatic,,42704,201,189,4,,No Service,Gray,SUV,FWD,28,,11446
Ford,Explorer,2017,Electric,Automatic,0,95102,273,300,1,0,Partial Service,Blue,SUV,AWD,108,GA,14286
Honda,Civic,2013,Hybrid,Automatic,1.4,140544,126,130,2,0,,Gray,Sedan,FWD,56,,1389
BMW,X3,2012,Petrol,Automatic,2.4,107948,174,166,2,1,No Service,Gray,SUV,FWD,33,MI,8544
Honda,CR-V,2018,Diesel,Automatic,2.9,34743,210,211,3,0,Partial Service,,SUV,RWD,27,PA,14235
Hyundai,Tucson,2024,Electric,Automatic,0,12463,348,382,1,0,Full Service,Black,SUV,AWD,119,NY,26401
Chevrolet,Silverado,2023,Petrol,,4.9,24633,352,342,1,0,Partial Service,Black,Truck,4WD,11,IL,29308
Honda,Pilot,2014,Diesel,Automatic,,85393,288,271,2,0,Full Service,Red,SUV,FWD,23,CA,10843
Honda,CR-V,2014,Petrol,Automatic,2.3,93887,186,162,2,0,No Service,White,SUV,AWD,29,GA,6548
Hyundai,Tucson,2021,Petrol,,,31557,,,1,0,No Service,Silver,SUV,FWD,,OH,16846
Mercedes-Benz,C-Class,2014,Petrol,Automatic,1.5,129116,133,136,2,0,Partial Service,Blue,Sedan,FWD,39,OH,11787
Ford,Escape,2007,Petrol,Manual,,102849,219,201,5,1,Full Service,Green,SUV,AWD,27,,983
Honda,Accord,2020,Hybrid,Automatic,2.3,93559,168,171,1,1,Full Service,White,Sedan,FWD,51,,13090
Mercedes-Benz,C-Class,2015,Hybrid,Automatic,1.6,221681,139,157,2,0,,Brown,Sedan,FWD,52,IL,9773
Mercedes-Benz,GLC,2009,Diesel,,2.7,180551,195,174,4,0,No Service,Red,SUV,AWD,,FL,3333
Hyundai,Tucson,2008,Petrol,Automatic,2.7,367702,197,205,4,1,,Silver,SUV,AWD,27,GA,500
Mercedes-Benz,GLC,2011,Petrol,Automatic,2.4,123392,,163,4,1,Partial Service,Silver,SUV,RWD,32,NC,6870
Volkswagen,Golf,2016,Petrol,Automatic,1.6,41548,,,2,,No Service,Brown,Hatchback,FWD,39,FL,8507
BMW,5 Series,2023,Diesel,Automatic,1.4,9170,128,,1,0,Full Service,White,Sedan,FWD,,,47944
Honda,Accord,2014,Petrol,,2.4,217521,203,181,2,1,Full Service,Silver,Sedan,FWD,33,GA,500
Nissan,Altima,2009,Petrol,Manual,1.4,176628,122,113,3,1,,Green,Sedan,FWD,36,GA,500
Hyundai,Tucson,2024,Petrol,Automatic,3.4,128,275,266,1,0,,Brown,SUV,RWD,25,GA,25828
BMW,5 Series,2016,Petrol,,2.4,101793,185,184,3,1,Full Service,Silver,Sedan,FWD,31,MI,19935
Mercedes-Benz,GLC,2007,Diesel,Automatic,2.7,107525,211,191,5,0,No Service,,SUV,AWD,26,IL,5286
Nissan,Rogue,2012,Petrol,Automatic,2.1,217527,155,153,3,1,Full Service,Green,SUV,AWD,35,FL,500
Hyundai,Elantra,2024,Hybrid,Automatic,1.8,2541,,163,1,0,No Service,Silver,Sedan,FWD,55,FL,18609
Honda,Pilot,2015,Petrol,,,43034,208,199,2,1,Partial Service,Green,SUV,AWD,28,GA,12602
Honda,Accord,2013,Petrol,Automatic,1.8,58516,122,116,3,0,Full Service,Red,Sedan,AWD,35,MI,7580
Honda,Accord,2012,Petrol,,2.1,197386,167,151,3,0,Partial Service,Gray,Sedan,FWD,33,PA,500
Volkswagen,Tiguan,2012,Petrol,Automatic,2.3,289375,184,193,4,1,Full Service,Green,SUV,AWD,35,,500
Honda,Accord,2016,Hybrid,Automatic,2,61725,158,,2,0,Partial Service,,Sedan,FWD,42,PA,9343
Nissan,Rogue,2020,Hybrid,Automatic,2,29951,149,139,2,0,No Service,Red,SUV,FWD,,FL,15693
Chevrolet,Malibu,2007,Petrol,Automatic,2,100,156,144,5,0,No Service,Silver,Sedan,FWD,35,NC,4563
Honda,Civic,2019,Petrol,Automatic,1.4,66462,127,115,1,0,,Brown,Sedan,FWD,33,,11619
Chevrolet,Malibu,2023,Petrol,,2,24963,,174,1,0,Partial Service,Black,Sedan,FWD,30,IL,20710
Chevrolet,Malibu,2006,Petrol,Manual,1.5,264308,,124,4,0,Full Service,Black,Sedan,FWD,36,GA,500
Volkswagen,Golf,2016,Petrol,Automatic,1.6,116239,141,137,1,,No Service,Gray,Hatchback,FWD,35,TX,6173
Ford,F-150,2024,Hybrid,Automatic,4.5,1166,340,325,1,0,,,Truck,4WD,33,NC,28510
Ford,F-150,2006,Petrol,,4.2,229427,303,295,4,1,Full Service,Brown,Truck,4WD,,MI,500
Audi,A6,2011,Petrol,Automatic,2.4,100,187,176,3,1,Full Service,Brown,Sedan,AWD,36,NY,17073
Audi,A4,2017,Petrol,Automatic,1.8,105604,144,141,2,0,Full Service,Green,Sedan,FWD,44,OH,8326
Honda,Pilot,2011,Petrol,Automatic,3.2,219910,242,232,4,1,,Black,SUV,AWD,,PA,887
Honda,CR-V,2005,Petrol,,3.1,167771,231,210,4,1,No Service,Red,SUV,AWD,29,TX,500
Mercedes-Benz,GLC,2019,Petrol,Automatic,2.6,26577,195,,1,0,Partial Service,Black,SUV,FWD,28,,28194
Toyota,RAV4,2024,Petrol,,2.3,2773,185,,1,0,No Service,Gray,SUV,AWD,,TX,23678
Mercedes-Benz,E-Class,2014,Petrol,Automatic,1.5,153910,,,2,1,No Service,Green,Sedan,FWD,33,PA,12167
BMW,X5,2019,Petrol,Automatic,3,108182,217,211,1,0,,White,SUV,AWD,26,FL,35670
Chevrolet,Malibu,2007,Petrol,Automatic,2,220656,169,171,3,0,Partial Service,,Sedan,FWD,36,PA,500
Honda,CR-V,2024,Petrol,Automatic,2.5,4020,202,174,1,0,Partial Service,White,SUV,AWD,33,NY,27474
Honda,Accord,2021,Diesel,Automatic,2.4,78970,199,187,1,0,No Service,,Sedan,FWD,34,IL,15988
BMW,X3,2013,Petrol,Automatic,2.4,105986,187,176,3,1,Full Service,Brown,SUV,AWD,32,,5039
Hyundai,Elantra,2012,Petrol,,2.2,61334,174,155,3,1,No Service,,Sedan,FWD,30,NC,3094
Volkswagen,Atlas,2013,Petrol,Automatic,,74271,247,241,2,1,Full Service,Silver,SUV,AWD,22,IL,8692
Honda,Accord,2019,Petrol,Automatic,1.8,91053,150,136,1,1,Partial Service,White,Sedan,AWD,,FL,10713
Toyota,Camry,2010,Petrol,Automatic,1.5,6266,121,116,4,,No Service,Brown,Sedan,FWD,42,NY,6412
BMW,X5,2007,Diesel,Automatic,,160802,,221,1,1,Full Service,,SUV,AWD,30,,6178
Mercedes-Benz,GLE,2011,Petrol,Automatic,,74042,249,233,4,0,,Black,SUV,AWD,28,,16330
Volkswagen,Tiguan,2016,Petrol,Automatic,2.7,13562,191,177,3,0,No Service,Silver,SUV,FWD,26,,11256
Mercedes-Benz,GLE,2015,Petrol,,3.1,62921,229,211,3,,Full Service,Silver,SUV,FWD,23,,27775
Volkswagen,Golf,2013,Petrol,Automatic,2,165058,168,143,3,1,Partial Service,Red,Hatchback,FWD,30,IL,759
Ford,Explorer,2008,Petrol,Automatic,2.4,186482,187,192,4,,No Service,White,SUV,FWD,,NC,500
Honda,Pilot,2024,Hybrid,Automatic,2.4,100,,188,1,0,Full Service,Gray,SUV,AWD,36,TX,35300
Nissan,Rogue,2021,Petrol,Automatic,2.3,52757,188,,1,1,Full Service,Silver,SUV,FWD,,,16809
Volkswagen,Passat,2010,Petrol,Automatic,1.7,162242,124,115,1,1,Partial Service,Brown,Sedan,FWD,37,NY,500
Honda,Accord,2019,Petrol,,1.5,22629,126,117,1,1,,Blue,Sedan,AWD,35,NY,12655
Chevrolet,Silverado,2015,Petrol,Automatic,3.4,55315,264,239,2,1,Partial Service,Brown,Truck,4WD,22,NY,11715
Chevrolet,Tahoe,2015,Petrol,Automatic,3.4,139961,258,232,2,0,No Service,White,SUV,RWD,,FL,14669
Audi,A6,2008,Petrol,Automatic,2.2,100,161,165,5,0,Full Service,Green,Sedan,FWD,,NY,13088
Hyundai,Elantra,2021,Hybrid,Automatic,1.8,55124,,140,1,0,,Black,Sedan,AWD,41,TX,12361
Nissan,Rogue,2018,Petrol,Automatic,2.8,59952,227,,1,0,No Service,Brown,SUV,FWD,,NC,11812
Hyundai,Elantra,2009,Petrol,Automatic,1.7,215101,126,116,4,0,Full Service,Silver,Sedan,FWD,,IL,500
Ford,Explorer,2021,Petrol,Automatic,2,44358,154,145,1,0,Full Service,Silver,SUV,AWD,33,NC,24199
Mercedes-Benz,C-Class,2016,Diesel,Automatic,,64489,206,181,1,0,Full Service,Green,Sedan,FWD,28,GA,20257
Nissan,Rogue,2008,Petrol,Automatic,3.4,110660,238,234,5,1,Full Service,Silver,SUV,AWD,,FL,1261
Volkswagen,Tiguan,2018,Hybrid,Automatic,2.2,21487,180,174,2,0,Partial Service,Green,SUV,AWD,54,,16688
Chevrolet,Tahoe,2019,Petrol,,3.4,28156,261,231,2,0,Partial Service,Gray,SUV,AWD,21,FL,32401
Mercedes-Benz,E-Class,2015,Petrol,Automatic,1.9,103589,154,155,2,0,Full Service,White,Sedan,AWD,,,21594
Ford,Explorer,2009,Petrol,Automatic,3,100,,220,3,1,Full Service,Blue,SUV,AWD,27,,8111
Ford,Explorer,2009,Petrol,Manual,3.1,215759,231,215,3,0,Full Service,White,SUV,AWD,25,GA,500
Chevrolet,Equinox,2016,Petrol,Automatic,,101447,206,193,1,,Partial Service,Green,SUV,AWD,21,GA,8245
Mercedes-Benz,GLC,2012,Petrol,Automatic,2.9,85290,209,194,3,1,Full Service,,SUV,AWD,,MI,10745
Volkswagen,Golf,2011,Petrol,Automatic,1.8,132775,154,134,4,1,Full Service,Brown,Hatchback,FWD,36,GA,929
Toyota,RAV4,2015,Petrol,Automatic,,111057,196,194,2,0,Partial Service,Black,SUV,FWD,29,,7302
Audi,Q7,2017,Petrol,Automatic,2.6,35663,,,2,0,,Black,SUV,AWD,26,OH,27832
Mercedes-Benz,GLE,2017,Petrol,Automatic,3.4,87558,267,244,1,0,Full Service,Brown,SUV,AWD,24,TX,31276
Audi,A6,2024,Diesel,Automatic,,100,115,124,1,0,Partial Service,,Sedan,FWD,39,TX,48874
Volkswagen,Golf,2023,Petrol,Automatic,,100,154,145,1,,,Gray,Hatchback,AWD,,GA,21653
Audi,Q7,2011,Petrol,Automatic,2.5,167882,192,164,4,0,Partial Service,,SUV,AWD,30,CA,10381
Ford,Escape,2005,Diesel,Automatic,2.3,446654,186,168,4,1,No Service,Green,SUV,AWD,31,OH,500
Honda,Accord,2006,Petrol,Automatic,1.8,271469,148,155,3,1,Full Service,Black,Sedan,FWD,31,,500
Chevrolet,Malibu,2020,Petrol,Automatic,2,22916,158,135,2,0,No Service,Silver,Sedan,FWD,31,CA,14442
Mercedes-Benz,E-Class,2013,Petrol,Automatic,2.2,170180,149,135,2,1,No Service,White,Sedan,AWD,33,TX,10078
BMW,X3,2024,Diesel,,3.3,3736,,237,1,0,Full Service,,SUV,FWD,29,PA,47298
Volkswagen,Passat,2024,Petrol,Automatic,1.4,2304,,108,1,0,Full Service,Brown,Sedan,FWD,38,FL,30640
Ford,Escape,2017,Petrol,Automatic,,86735,240,240,1,,Partial Service,Green,SUV,AWD,21,NY,10469
Toyota,Corolla,2008,Petrol,Automatic,,136753,,155,4,1,Full Service,Gray,Sedan,FWD,,FL,500
Volkswagen,Atlas,2007,Petrol,Automatic,3.5,215302,276,,3,0,Full Service,Silver,SUV,AWD,24,,500
Audi,Q7,2010,Petrol,Automatic,2.4,108182,176,185,3,1,Partial Service,,SUV,AWD,31,MI,9919
Nissan,Pathfinder,2013,Petrol,Automatic,,151733,239,243,2,1,,Blue,SUV,AWD,,OH,5222
Chevrolet,Equinox,2014,Petrol,Automatic,3.1,32889,228,206,3,0,No Service,,SUV,AWD,25,CA,8486
Volkswagen,Passat,2018,Hybrid,Automatic,1.7,83252,128,,2,0,Partial Service,Red,Sedan,FWD,55,TX,11255
Audi,Q7,2019,Petrol,Automatic,2.4,80125,180,178,1,,No Service,Brown,SUV,AWD,30,NY,30092
Honda,CR-V,2012,Petrol,Automatic,2.4,214491,182,154,3,1,Full Service,Silver,SUV,FWD,32,NC,500
BMW,3 Series,2013,Petrol,,1.8,46308,,105,2,1,No Service,Silver,Sedan,AWD,41,OH,11739
Hyundai,Santa Fe,2013,Petrol,,,128742,195,179,3,0,No Service,Black,SUV,AWD,,IL,5764
Ford,F-150,2012,Petrol,Automatic,5.4,100,391,368,4,1,Partial Service,Gray,Truck,4WD,14,,8923
Chevrolet,Malibu,2018,Petrol,,1.9,107818,159,147,1,0,Full Service,Brown,Sedan,FWD,,,9123
Nissan,Altima,2019,Petrol,Automatic,1.8,119547,145,128,1,0,Partial Service,Black,Sedan,FWD,32,CA,9895
Ford,Explorer,2015,Petrol,Automatic,3,66778,242,234,1,0,,Blue,SUV,AWD,32,OH,11861
Audi,A6,2016,Petrol,Automatic,2.2,115887,163,,2,0,Partial Service,White,Sedan,FWD,,,21622
Honda,Civic,2018,Electric,Automatic,0,100,384,422,1,0,Partial Service,Green,Sedan,FWD,106,IL,12707
BMW,3 Series,2008,Petrol,,1.9,57102,153,152,2,1,Partial Service,Green,Sedan,AWD,37,NY,7292
Audi,Q7,2022,Petrol,Automatic,3.5,18286,268,254,1,0,Full Service,White,SUV,AWD,25,OH,55307
Toyota,RAV4,2009,Petrol,Manual,2.4,272593,181,177,4,1,,Silver,SUV,AWD,36,CA,500
Toyota,RAV4,2009,Petrol,Automatic,2.7,27758,207,,3,0,Full Service,Black,SUV,AWD,,GA,6433
Audi,A6,2013,Petrol,Automatic,2.3,37181,176,177,2,1,Full Service,Brown,Sedan,FWD,33,NC,19009
BMW,3 Series,2022,Petrol,Automatic,1.5,32809,118,116,1,,,Brown,Sedan,FWD,33,CA,34275
Ford,F-150,2013,Petrol,Automatic,4.8,126280,375,346,2,1,,Green,Truck,4WD,10,TX,5203
Volkswagen,Tiguan,2007,Petrol,Manual,2.7,303931,202,,4,1,Full Service,,SUV,AWD,35,PA,500
Nissan,Rogue,2009,Petrol,Automatic,2.3,119475,180,155,2,1,Full Service,Brown,SUV,AWD,31,OH,1456
Honda,CR-V,2011,Petrol,Automatic,2.5,209907,187,182,3,1,Full Service,Silver,SUV,AWD,33,NY,500
Ford,Mustang,2014,Petrol,Automatic,4.3,180059,,272,3,1,Partial Service,Blue,Coupe,RWD,20,CA,2188
BMW,3 Series,2007,Petrol,Automatic,1.7,271502,149,142,3,1,,Blue,Sedan,FWD,27,MI,500
Chevrolet,Malibu,2019,Diesel,Automatic,1.8,83763,153,137,1,1,Full Service,Red,Sedan,FWD,36,NY,10438
BMW,3 Series,2007,Petrol,Automatic,1.9,238654,138,141,5,0,No Service,White,Sedan,FWD,,CA,500
Ford,Mustang,2016,Diesel,Manual,3.5,118368,270,243,2,0,Full Service,Blue,Coupe,RWD,24,IL,8174
Audi,A6,2016,Petrol,Automatic,2.1,100502,183,177,1,,Full Service,,Sedan,FWD,31,PA,24280
Audi,A4,2018,Hybrid,Automatic,2.3,30673,186,186,3,1,No Service,Blue,Sedan,FWD,38,OH,16638
Volkswagen,Tiguan,2009,Hybrid,Automatic,3.1,237903,243,233,2,1,Partial Service,,SUV,FWD,43,NY,500
Chevrolet,Tahoe,2017,Diesel,Automatic,3.1,90340,,231,3,0,,Green,SUV,AWD,30,CA,22406
Audi,Q5,2019,Petrol,,2.5,27554,,,1,,No Service,Silver,SUV,AWD,30,NY,20964
Hyundai,Elantra,2011,Petrol,Manual,2.3,83279,178,181,4,1,Partial Service,Brown,Sedan,FWD,32,FL,2167
Audi,A4,2022,Hybrid,,,30650,,140,1,0,Partial Service,Brown,Sedan,FWD,45,CA,34737
Mercedes-Benz,C-Class,2007,Diesel,Automatic,2,326522,166,,4,,Full Service,White,Sedan,FWD,,NC,500
Nissan,Rogue,2017,Petrol,,3.1,64322,235,209,2,,,Red,SUV,AWD,24,FL,8993
Volkswagen,Atlas,2010,Petrol,Manual,2.5,164729,185,178,4,1,Partial Service,Blue,SUV,FWD,29,MI,1740
Honda,Pilot,2018,Petrol,Automatic,3.1,104500,,217,2,0,Full Service,,SUV,AWD,28,GA,15431
Chevrolet,Equinox,2024,Petrol,Automatic,2.9,100,233,216,1,0,No Service,Silver,SUV,AWD,31,GA,10129
Mercedes-Benz,C-Class,2008,Petrol,,,174503,,,3,1,Full Service,Red,Sedan,FWD,33,CA,2205
Hyundai,Elantra,2007,Petrol,Manual,,147185,,152,4,0,Partial Service,White,Sedan,AWD,32,NC,500
Volkswagen,Atlas,2011,Petrol,Manual,2,157360,159,156,4,1,Full Service,Green,SUV,AWD,35,GA,1463
Ford,F-150,2021,Petrol,Automatic,4,37927,304,275,1,,Partial Service,Silver,Truck,4WD,22,NY,24454
Ford,Explorer,2023,Petrol,Automatic,2.1,11186,168,180,1,0,Partial Service,Green,SUV,FWD,29,OH,33341
BMW,3 Series,2019,Petrol,Automatic,1.7,59224,137,144,1,0,Partial Service,Black,Sedan,AWD,37,NC,26102
Nissan,Altima,2024,Hybrid,,1.6,100,132,133,1,0,Full Service,Silver,Sedan,AWD,49,OH,25773
Audi,Q5,2012,Diesel,,2.4,190006,187,161,2,,Full Service,Silver,SUV,FWD,29,IL,6753
Chevrolet,Tahoe,2024,Petrol,Automatic,3.4,643,258,252,1,0,,Green,SUV,FWD,30,FL,55953
Honda,Pilot,2022,Diesel,Automatic,2.2,7568,165,165,1,0,,,SUV,FWD,32,,26997
Volkswagen,Passat,2022,Petrol,Automatic,2.3,40343,190,175,1,0,Partial Service,Black,Sedan,FWD,,,21273
BMW,X3,2020,Petrol,Automatic,2,6121,163,154,1,0,No Service,Silver,SUV,AWD,32,FL,28813
Ford,F-150,2007,Petrol,Manual,4.8,290890,358,322,4,0,Partial Service,White,Truck,4WD,10,NY,500
BMW,X3,2022,Petrol,,3.4,6989,249,240,1,0,Full Service,,SUV,AWD,,NC,42912
Chevrolet,Malibu,2006,Petrol,Manual,2.1,257666,154,134,4,,Partial Service,Gray,Sedan,FWD,37,GA,500
Honda,Accord,2018,Petrol,Automatic,1.9,123064,154,154,1,0,Full Service,,Sedan,FWD,,OH,10198
Ford,Escape,2010,Petrol,Manual,3.2,167988,270,,3,,Partial Service,Green,SUV,AWD,25,OH,500
Chevrolet,Tahoe,2008,Petrol,Automatic,,156717,244,232,3,0,Full Service,Silver,SUV,AWD,27,,5835
Honda,Accord,2022,Petrol,,2.1,15846,167,161,1,0,Full Service,Green,Sedan,AWD,34,FL,22504
Audi,Q7,2020,Petrol,,2.7,70726,177,170,1,0,Full Service,Red,SUV,AWD,33,GA,39709
Toyota,Corolla,2009,Petrol,Automatic,1.6,25701,151,150,4,0,No Service,Green,Sedan,AWD,,FL,3574
Toyota,Highlander,2012,Petrol,Automatic,3.2,44956,231,221,4,1,Partial Service,Red,SUV,AWD,25,OH,7887
Ford,Explorer,2006,Hybrid,Automatic,2.2,383936,163,147,4,,No Service,Gray,SUV,AWD,48,TX,500
Chevrolet,Malibu,2024,Petrol,Automatic,2.5,3012,211,189,1,0,Partial Service,Black,Sedan,FWD,,MI,22025
Nissan,Altima,2017,Petrol,,2.2,4101,168,157,1,0,Partial Service,Silver,Sedan,FWD,36,NY,14098
Audi,A4,2017,Diesel,Automatic,1.6,87365,122,103,1,0,No Service,Brown,Sedan,FWD,43,IL,15518
BMW,X5,2014,Petrol,,3.3,117915,,230,2,,Full Service,Red,SUV,AWD,25,GA,17247
Chevrolet,Equinox,2023,Petrol,Automatic,2.8,5442,234,215,1,0,Full Service,White,SUV,AWD,29,TX,22188
Audi,A6,2023,Petrol,Automatic,2.3,7925,181,180,1,0,Full Service,Blue,Sedan,FWD,,CA,52718
Hyundai,Elantra,2009,Petrol,Automatic,1.7,96685,130,115,5,,Full Service,Black,Sedan,FWD,37,PA,737
Honda,Pilot,2017,Hybrid,Automatic,3,74830,,190,1,0,Full Service,Blue,SUV,AWD,47,NC,16844
Hyundai,Sonata,2019,Petrol,,2,44508,,172,1,0,Full Service,Green,Sedan,FWD,34,NY,13147
Mercedes-Benz,E-Class,2023,Petrol,Automatic,1.6,1875,143,128,1,,Full Service,Black,Sedan,FWD,35,TX,50012
Mercedes-Benz,E-Class,2011,Petrol,Automatic,2,170807,167,164,5,1,Full Service,Gray,Sedan,FWD,34,TX,8446
Honda,CR-V,2013,Diesel,,2.6,191946,211,,2,0,Partial Service,Gray,SUV,AWD,27,PA,1621
Toyota,Highlander,2024,Petrol,Automatic,2.8,7109,195,,1,0,Full Service,Gray,SUV,AWD,25,,36123
BMW,5 Series,2013,Petrol,Automatic,1.8,107460,130,125,2,0,Partial Service,Silver,Sedan,FWD,37,OH,17217
Volkswagen,Atlas,2010,Petrol,Manual,3.4,217672,258,239,3,1,Partial Service,White,SUV,FWD,25,FL,500
Volkswagen,Passat,2024,Petrol,,1.6,100,,116,1,0,Partial Service,Gray,Sedan,AWD,35,PA,26219
Toyota,Corolla,2006,Petrol,Manual,2.2,339532,160,148,5,1,Partial Service,Gray,Sedan,AWD,35,FL,500
Chevrolet,Silverado,2006,Petrol,Manual,4.6,231388,339,306,3,0,,Brown,Truck,4WD,18,IL,500
Volkswagen,Golf,2006,Petrol,Automatic,1.4,220087,128,120,3,1,Full Service,Gray,Hatchback,FWD,37,PA,500
Hyundai,Tucson,2020,Petrol,Automatic,2,63319,152,153,2,,Full Service,Gray,SUV,AWD,,,15218
Mercedes-Benz,GLE,2015,Petrol,,2.6,84114,209,189,3,1,Full Service,Gray,SUV,FWD,27,FL,21299
Audi,Q5,2011,Petrol,Manual,3.1,158877,228,240,4,0,Full Service,Red,SUV,AWD,30,IL,6933
Toyota,Highlander,2023,Petrol,Automatic,3.4,100,261,259,1,0,Full Service,Brown,SUV,AWD,24,FL,31534
Honda,Accord,2017,Hybrid,,2.2,76126,170,147,2,0,Partial Service,,Sedan,FWD,44,MI,11170
Hyundai,Sonata,2008,Petrol,,2.2,112395,179,167,4,0,,Silver,Sedan,FWD,,,605
Hyundai,Elantra,2022,Petrol,,1.6,45165,133,,1,0,No Service,,Sedan,FWD,28,OH,13082
Chevrolet,Silverado,2016,Petrol,Automatic,4.7,95953,344,325,4,,Partial Service,Black,Truck,RWD,18,GA,11545
BMW,X3,2022,Petrol,Automatic,2.6,37996,,189,1,,Partial Service,,SUV,AWD,30,CA,34530
Honda,Pilot,2014,Petrol,Automatic,2.1,94386,159,142,4,0,No Service,White,SUV,AWD,29,NY,9295
Mercedes-Benz,GLE,2018,Hybrid,Automatic,2.7,39085,225,203,1,0,No Service,Blue,SUV,AWD,37,MI,34312
Mercedes-Benz,GLC,2020,Petrol,Automatic,3,48373,225,195,1,0,Full Service,Blue,SUV,AWD,25,PA,31632
Audi,Q7,2018,Hybrid,Automatic,,108028,,218,2,0,Full Service,Silver,SUV,AWD,37,,27275
Audi,Q5,2005,Petrol,Automatic,3.1,133987,234,219,5,0,Partial Service,White,SUV,FWD,25,OH,2186
Chevrolet,Silverado,2022,Hybrid,Automatic,5.5,17273,404,360,1,,No Service,Red,Truck,4WD,27,,26580
Volkswagen,Tiguan,2005,Petrol,Manual,2.8,302608,211,207,5,1,Partial Service,White,SUV,AWD,29,GA,500
Ford,Explorer,2009,Petrol,Automatic,2.3,194736,172,,5,0,Partial Service,Blue,SUV,AWD,37,CA,500
Chevrolet,Malibu,2010,Petrol,Manual,2.2,156673,167,169,1,1,Partial Service,Green,Sedan,FWD,33,OH,500
Nissan,Altima,2006,Petrol,Automatic,2,153042,139,144,5,0,Partial Service,Brown,Sedan,FWD,39,,500
Honda,CR-V,2024,Petrol,Automatic,2.8,100,205,,1,,Partial Service,White,SUV,AWD,31,,25931
Nissan,Rogue,2018,Diesel,Automatic,,13879,169,158,3,0,No Service,Red,SUV,FWD,35,MI,13123
Nissan,Rogue,2006,Petrol,Automatic,3,403105,237,218,5,0,Full Service,Blue,SUV,AWD,,,500
Audi,A6,2018,Hybrid,Automatic,1.9,99366,165,161,1,0,No Service,,Sedan,AWD,51,OH,24600
BMW,3 Series,2013,Petrol,Automatic,2.2,153236,179,,3,1,Partial Service,White,Sedan,FWD,35,GA,7034
Nissan,Sentra,2023,Petrol,Automatic,2.2,16531,173,164,1,0,Full Service,White,Sedan,FWD,37,GA,18419
Chevrolet,Equinox,2005,Petrol,Automatic,3.2,291851,242,241,5,1,Full Service,Gray,SUV,AWD,23,MI,500
Nissan,Rogue,2014,Petrol,Automatic,2.4,102010,180,153,3,1,Full Service,White,SUV,AWD,35,,5669
Nissan,Sentra,2006,Petrol,Automatic,2,127746,138,127,4,0,Full Service,,Sedan,FWD,35,,500
Chevrolet,Silverado,2022,Petrol,Automatic,5.7,23836,415,400,1,0,No Service,Brown,Truck,RWD,10,PA,23455
Toyota,Camry,2015,Diesel,Automatic,1.7,127140,138,,3,1,Full Service,Red,Sedan,FWD,,,4438
Mercedes-Benz,GLC,2016,Petrol,Automatic,3,141902,246,242,1,0,Partial Service,Green,SUV,AWD,27,OH,15977
Hyundai,Sonata,2017,Diesel,Automatic,2.1,42116,,191,1,,Full Service,Red,Sedan,FWD,,,12073
BMW,X3,2020,Electric,Automatic,0,86501,313,344,2,1,Partial Service,Green,SUV,AWD,,,21213
Chevrolet,Silverado,2019,Diesel,Automatic,5.2,48015,392,,1,0,Partial Service,Black,Truck,RWD,10,OH,20076
Toyota,RAV4,2013,Petrol,Automatic,3.4,163452,245,221,3,0,,White,SUV,AWD,21,TX,3017
Hyundai,Tucson,2024,Petrol,Automatic,3.2,2638,,233,1,0,,Brown,SUV,AWD,,IL,24913
Nissan,Sentra,2009,Petrol,,1.7,221631,146,151,4,1,No Service,Brown,Sedan,FWD,38,CA,500
Chevrolet,Malibu,2017,Diesel,Automatic,1.8,114051,129,108,2,0,Partial Service,Gray,Sedan,FWD,37,IL,7113
Volkswagen,Atlas,2005,Petrol,Automatic,2.3,193561,199,,5,0,No Service,White,SUV,AWD,35,PA,500
Hyundai,Tucson,2023,Hybrid,Automatic,2.3,29418,186,160,1,,,Silver,SUV,FWD,46,CA,21952
Chevrolet,Silverado,2009,Petrol,Automatic,3.5,168513,262,253,4,,Full Service,Green,Truck,4WD,25,OH,1088
Mercedes-Benz,C-Class,2021,Petrol,Automatic,1.6,43064,131,,1,1,No Service,Silver,Sedan,FWD,38,IL,25300
Mercedes-Benz,E-Class,2017,Petrol,Automatic,2,84969,163,,1,0,Full Service,,Sedan,FWD,30,TX,28360
Nissan,Sentra,2005,Petrol,Manual,2.5,110152,197,195,4,1,,Brown,Sedan,FWD,30,OH,500
Chevrolet,Malibu,2006,Petrol,Manual,2.4,167238,,174,4,0,Partial Service,Green,Sedan,AWD,30,NY,500
Toyota,Corolla,2020,Petrol,Automatic,1.4,94902,124,123,2,1,Full Service,Black,Sedan,FWD,40,NY,8871
Ford,Escape,2023,Petrol,,3.5,20017,270,247,1,0,Partial Service,Blue,SUV,AWD,27,CA,22399
Toyota,RAV4,2015,Hybrid,,,143163,206,,3,0,Full Service,White,SUV,AWD,49,NY,6251
Volkswagen,Golf,2014,Petrol,Automatic,2.3,121331,186,188,4,1,Partial Service,Red,Hatchback,FWD,32,IL,3175
Hyundai,Elantra,2007,Diesel,Automatic,2.3,308116,189,,2,0,Full Service,Green,Sedan,FWD,,OH,500
Honda,Pilot,2011,Petrol,Manual,,88999,,175,4,0,Full Service,Red,SUV,AWD,37,,8044
Toyota,Highlander,2010,Hybrid,Manual,3,35479,234,225,3,1,No Service,,SUV,AWD,43,FL,6365
Volkswagen,Tiguan,2013,Petrol,Automatic,3.2,69268,243,,4,1,Partial Service,Silver,SUV,FWD,25,PA,6244
Toyota,Corolla,2006,Petrol,Automatic,2.2,344312,161,153,4,1,Partial Service,Black,Sedan,FWD,33,IL,500
Hyundai,Santa Fe,2007,Petrol,Manual,2.3,198473,188,169,4,1,Partial Service,Silver,SUV,AWD,31,NY,500
Nissan,Rogue,2014,Petrol,,2.3,99915,186,,3,1,Partial Service,,SUV,AWD,34,MI,5595
Nissan,Sentra,2012,Diesel,Automatic,2.3,260712,191,173,5,1,,Red,Sedan,AWD,32,OH,500
Chevrolet,Silverado,2018,Hybrid,Automatic,4.4,70246,321,301,1,1,Partial Service,Silver,Truck,4WD,19,MI,13975
Toyota,RAV4,2023,Petrol,Automatic,3.4,13173,255,241,1,,Partial Service,Gray,SUV,FWD,22,,25688
Mercedes-Benz,GLE,2013,Petrol,Automatic,2.2,144749,164,156,3,1,,,SUV,AWD,38,IL,13076
Audi,A4,2005,Petrol,Automatic,2.4,234046,194,178,4,,Partial Service,Green,Sedan,FWD,33,TX,500
Ford,Explorer,2013,Petrol,Automatic,2.2,177339,175,161,2,1,No Service,Black,SUV,AWD,35,OH,3480
Toyota,Camry,2005,Petrol,Automatic,2.2,340724,,,4,1,Full Service,Black,Sedan,FWD,32,,500
Honda,Pilot,2015,Petrol,Automatic,,121177,,197,1,,No Service,,SUV,AWD,30,PA,8372
Honda,CR-V,2024,Petrol,Automatic,3.3,2805,247,239,1,0,,Silver,SUV,FWD,19,,24675
Chevrolet,Tahoe,2023,Petrol,Automatic,2.5,21164,214,213,1,0,No Service,,SUV,FWD,,NC,42765
Ford,F-150,2016,Petrol,Automatic,,62416,333,315,2,0,Partial Service,Black,Truck,4WD,18,MI,12793
Hyundai,Elantra,2010,Petrol,Manual,1.9,170399,156,136,2,,,Blue,Sedan,FWD,34,OH,500
Mercedes-Benz,GLE,2019,Petrol,Automatic,2.4,59884,,193,2,0,,Red,SUV,AWD,34,PA,42550
Honda,Accord,2024,Petrol,Automatic,2.3,100,187,183,1,0,Full Service,Silver,Sedan,FWD,34,IL,25168
Hyundai,Elantra,2007,Petrol,Automatic,,307434,143,140,4,0,Full Service,White,Sedan,AWD,36,IL,500
BMW,3 Series,2017,Petrol,Automatic,,106439,155,150,1,,Full Service,Red,Sedan,FWD,37,NC,18703
Audi,A4,2005,Petrol,Automatic,2.5,213444,188,187,5,0,Full Service,Red,Sedan,FWD,35,GA,500
Chevrolet,Malibu,2023,Petrol,Automatic,1.8,4407,138,140,1,0,Full Service,Black,Sedan,FWD,33,IL,23304
Volkswagen,Atlas,2023,Petrol,Automatic,2.6,100,198,184,1,0,Partial Service,Red,SUV,AWD,30,TX,29830
Hyundai,Santa Fe,2007,Petrol,Automatic,2.6,118597,219,205,3,,Full Service,,SUV,FWD,,,1635
Mercedes-Benz,E-Class,2021,Petrol,Automatic,,49941,178,166,1,1,Partial Service,Black,Sedan,FWD,31,TX,36254
Chevrolet,Equinox,2009,Hybrid,Manual,2.3,246197,184,,4,1,Partial Service,Silver,SUV,FWD,48,CA,500
Hyundai,Tucson,2014,Petrol,Automatic,2.9,143120,224,218,3,1,Partial Service,Brown,SUV,FWD,27,NY,3452
Mercedes-Benz,E-Class,2020,Electric,Automatic,0,30496,316,347,2,1,Full Service,White,Sedan,FWD,117,CA,33236
Mercedes-Benz,GLC,2009,Petrol,Manual,2.7,240869,201,,4,1,,Black,SUV,AWD,29,FL,932
Nissan,Altima,2008,Petrol,Manual,2.5,139360,195,,4,1,Partial Service,White,Sedan,FWD,,FL,500
BMW,X5,2013,Petrol,Automatic,2.5,102159,,191,3,0,,Black,SUV,AWD,29,NC,17765
Volkswagen,Atlas,2011,Petrol,Automatic,3.4,163469,,229,3,0,Full Service,White,SUV,AWD,27,,3270
Nissan,Sentra,2017,Petrol,Automatic,1.5,114197,143,131,1,1,Full Service,Red,Sedan,FWD,35,FL,4565
Audi,A4,2022,Hybrid,Automatic,,15518,,,1,0,No Service,Gray,Sedan,FWD,56,TX,27308
Audi,Q5,2022,Diesel,Automatic,3.4,34518,259,253,1,0,Partial Service,Silver,SUV,AWD,27,MI,35657
Honda,CR-V,2013,Petrol,Automatic,2.2,82638,167,163,3,1,,Black,SUV,AWD,34,MI,5698
Nissan,Pathfinder,2006,Petrol,Automatic,2.8,263031,217,191,3,0,No Service,Gray,SUV,AWD,31,CA,500
Hyundai,Santa Fe,2012,Petrol,Automatic,3.4,125735,251,239,3,0,Partial Service,Red,SUV,AWD,24,IL,5389
Nissan,Sentra,2022,Petrol,Automatic,1.9,16888,,143,1,0,Full Service,Brown,Sedan,AWD,30,MI,15941
Honda,CR-V,2011,Petrol,Automatic,2.7,148111,200,203,4,1,Partial Service,Silver,SUV,AWD,,PA,1617
BMW,X5,2014,Petrol,Automatic,2.2,188318,186,179,2,1,Partial Service,Black,SUV,FWD,32,,14585
Hyundai,Elantra,2018,Petrol,Automatic,1.5,17838,116,120,2,,Partial Service,Silver,Sedan,FWD,33,IL,10956
BMW,5 Series,2023,Petrol,Automatic,,4295,161,,1,0,No Service,Blue,Sedan,FWD,31,NY,44192
Volkswagen,Tiguan,2023,Petrol,Automatic,3.5,21267,,248,1,0,Partial Service,Blue,SUV,AWD,19,IL,23227
BMW,X3,2010,Diesel,Automatic,3.2,119976,264,254,4,1,Full Service,Red,SUV,AWD,24,PA,6594
Chevrolet,Tahoe,2013,Hybrid,Automatic,2.6,142868,210,208,3,,,Blue,SUV,AWD,50,NC,12033
Hyundai,Elantra,2024,Petrol,,1.4,8290,109,77,1,0,Partial Service,,Sedan,FWD,40,OH,20304
Chevrolet,Tahoe,2005,Petrol,Automatic,3.4,377293,242,,4,1,,Black,SUV,RWD,28,,500
Mercedes-Benz,GLC,2015,Diesel,,2.4,42704,194,191,1,1,,,SUV,AWD,34,TX,16461
Hyundai,Sonata,2017,Hybrid,Automatic,2.2,140096,,188,3,0,No Service,Brown,Sedan,FWD,39,CA,6004
Toyota,Highlander,2023,Petrol,Automatic,3.3,24084,268,248,1,0,Partial Service,Blue,SUV,FWD,22,MI,31245
BMW,X3,2017,Petrol,Automatic,2.6,74183,,190,2,,Full Service,Silver,SUV,AWD,27,FL,19669
Nissan,Altima,2022,Petrol,Automatic,1.6,1006,,123,1,,Partial Service,White,Sedan,FWD,36,NY,22490
Toyota,Highlander,2016,Petrol,Automatic,2,95102,143,,2,0,Partial Service,Brown,SUV,RWD,27,OH,13496
Hyundai,Tucson,2005,Petrol,Manual,,100298,168,141,4,0,Full Service,Green,SUV,RWD,36,MI,500
Nissan,Pathfinder,2012,Petrol,Automatic,3.3,126852,262,238,4,1,Full Service,Blue,SUV,FWD,21,NC,5057
Hyundai,Santa Fe,2020,Hybrid,Automatic,2.1,60658,177,159,1,0,,,SUV,AWD,44,NC,17491
Hyundai,Elantra,2021,Petrol,Automatic,1.5,31716,105,106,1,0,Partial Service,Brown,Sedan,FWD,36,GA,14188
Volkswagen,Golf,2014,Petrol,Automatic,2.3,108060,164,150,2,0,,Gray,Hatchback,FWD,34,NC,4168
Toyota,RAV4,2024,Petrol,Automatic,2.4,274,194,168,1,0,No Service,Green,SUV,AWD,29,NY,26360
Volkswagen,Golf,2012,Petrol,Automatic,1.5,149703,,109,2,1,Full Service,Red,Hatchback,FWD,42,,877
Volkswagen,Tiguan,2018,Diesel,,2.7,40812,197,196,2,1,Full Service,Silver,SUV,AWD,,OH,13233
Nissan,Altima,2015,Electric,,0,63460,283,,2,,Partial Service,,Sedan,FWD,122,NC,6884
Chevrolet,Equinox,2017,Petrol,,2.2,179171,173,172,1,1,No Service,Red,SUV,AWD,38,OH,4025
Chevrolet,Silverado,2024,Petrol,,,100,370,370,1,0,Partial Service,,Truck,4WD,11,PA,28305
Mercedes-Benz,C-Class,2006,Petrol,Automatic,1.6,372094,141,131,4,0,Partial Service,Red,Sedan,FWD,37,,500
Ford,Escape,2017,Petrol,Automatic,2.2,23953,171,158,3,1,Full Service,Green,SUV,AWD,,GA,11057
Audi,A6,2013,Petrol,,1.4,162847,124,119,3,,Partial Service,Black,Sedan,FWD,37,NY,10875
Volkswagen,Passat,2005,Petrol,Manual,1.6,103988,133,127,3,1,Partial Service,Blue,Sedan,FWD,36,NC,500
Ford,Explorer,2016,Petrol,Automatic,2,157759,,140,3,1,Full Service,Green,SUV,AWD,37,NY,8354
Chevrolet,Equinox,2007,Petrol,,2.2,182243,179,162,4,0,Full Service,Green,SUV,AWD,41,,500
Chevrolet,Malibu,2024,Petrol,Automatic,,100,156,156,1,,Partial Service,White,Sedan,AWD,37,NC,23692
Toyota,Highlander,2020,Diesel,,2.8,100,213,211,2,1,No Service,,SUV,AWD,27,GA,19195
Nissan,Rogue,2011,Diesel,Automatic,2.9,144739,223,205,3,1,No Service,Red,SUV,AWD,27,NY,1505
Chevrolet,Malibu,2013,Petrol,Automatic,,210092,172,151,2,0,No Service,Green,Sedan,FWD,35,CA,500
Honda,Civic,2010,Petrol,Automatic,1.9,199688,167,141,4,1,Full Service,Green,Sedan,FWD,35,NY,500
BMW,5 Series,2009,Petrol,Automatic,1.4,119029,,,5,1,No Service,Brown,Sedan,FWD,37,PA,7486
Audi,A6,2016,Petrol,Automatic,2.3,172851,167,178,3,0,No Service,Black,Sedan,FWD,33,,16418
Audi,A6,2007,Petrol,Automatic,,198930,169,169,4,0,Partial Service,,Sedan,FWD,31,NC,3504
Mercedes-Benz,E-Class,2005,Petrol,Automatic,2.4,58144,179,168,5,1,Full Service,Brown,Sedan,FWD,35,IL,7216
Toyota,Camry,2015,Petrol,Automatic,1.5,38402,114,96,4,0,No Service,Green,Sedan,AWD,42,NY,7701
Hyundai,Tucson,2012,Diesel,Automatic,,228520,203,171,2,,No Service,Black,SUV,FWD,30,IL,500
Chevrolet,Tahoe,2007,Diesel,Automatic,2.3,331270,183,182,4,,Full Service,Green,SUV,AWD,28,FL,500
Volkswagen,Golf,2010,Petrol,Automatic,2.2,120556,149,139,3,0,Partial Service,,Hatchback,AWD,,FL,1101
Volkswagen,Golf,2022,Hybrid,Automatic,,7631,160,145,1,0,No Service,,Hatchback,FWD,58,PA,16540
Audi,A4,2021,Petrol,,,20532,146,141,1,0,Full Service,White,Sedan,FWD,39,TX,34366
Honda,CR-V,2019,Electric,Automatic,0,86704,,380,1,0,Partial Service,Blue,SUV,AWD,128,NC,14188
Toyota,RAV4,2022,Petrol,Automatic,2.3,32911,193,177,1,0,No Service,Black,SUV,AWD,,GA,18910
Hyundai,Tucson,2011,Petrol,Automatic,2.2,170509,162,156,4,0,,White,SUV,AWD,31,OH,500
Ford,Escape,2017,Petrol,Automatic,,103805,241,229,3,1,No Service,Blue,SUV,AWD,27,GA,6911
Nissan,Rogue,2005,Petrol,Automatic,2,168604,153,138,4,1,No Service,Blue,SUV,AWD,39,FL,500
Chevrolet,Malibu,2012,Petrol,Automatic,1.5,50592,133,136,4,1,,Silver,Sedan,FWD,41,OH,5071
Ford,Explorer,2019,Petrol,Automatic,2.5,51953,205,196,2,1,No Service,Brown,SUV,AWD,28,IL,14691
Hyundai,Sonata,2024,Petrol,Automatic,1.7,2615,138,108,1,0,Partial Service,,Sedan,FWD,38,FL,24600
Nissan,Sentra,2008,Petrol,,1.5,271667,120,101,3,,Full Service,Brown,Sedan,AWD,37,CA,500
Toyota,Corolla,2007,Diesel,Automatic,2.4,84165,186,184,4,1,Partial Service,White,Sedan,AWD,,GA,512
Audi,A6,2011,Petrol,Manual,1.9,92157,144,,4,1,No Service,Red,Sedan,FWD,33,NC,11154
Audi,A4,2020,Petrol,Automatic,2,75842,140,139,2,1,Partial Service,White,Sedan,FWD,43,MI,20129
Ford,F-150,2013,Petrol,Automatic,3.2,210604,244,236,4,1,Full Service,White,Truck,RWD,24,PA,2073
Nissan,Altima,2018,Hybrid,,1.6,44137,124,,1,0,Partial Service,Red,Sedan,FWD,47,,12790
Mercedes-Benz,GLE,2012,Petrol,Automatic,2.9,152215,230,210,3,0,,,SUV,FWD,,CA,13276
Hyundai,Elantra,2023,Petrol,Automatic,1.5,16584,115,119,1,,No Service,,Sedan,FWD,41,,15184
Toyota,Highlander,2011,Petrol,Automatic,2.4,197478,,160,2,1,No Service,Black,SUV,RWD,30,TX,1527
Toyota,Highlander,2011,Petrol,Automatic,2.5,146587,193,160,2,1,No Service,,SUV,AWD,28,IL,3176
Audi,A4,2005,Petrol,Automatic,,213286,174,169,5,1,Full Service,Brown,Sedan,AWD,26,TX,500
BMW,5 Series,2015,Petrol,,2.3,139506,204,164,2,1,,Brown,Sedan,FWD,30,,15252
Mercedes-Benz,GLE,2016,Petrol,Automatic,2.7,23582,,178,4,0,Full Service,,SUV,AWD,,TX,32757
Nissan,Pathfinder,2020,Hybrid,Automatic,2.1,63646,192,182,2,0,Full Service,Gray,SUV,AWD,45,FL,21500
Volkswagen,Tiguan,2020,Petrol,Automatic,3.3,42758,258,249,1,0,Partial Service,Gray,SUV,AWD,24,MI,18624
Nissan,Sentra,2009,Petrol,Automatic,1.7,300646,144,148,4,1,Full Service,Gray,Sedan,FWD,40,CA,500
Hyundai,Elantra,2010,Petrol,Automatic,1.8,75316,144,128,2,1,Partial Service,Silver,Sedan,FWD,31,,2186
Ford,Mustang,2024,Petrol,Automatic,5,100,370,349,1,0,Full Service,White,Coupe,RWD,10,TX,29811
Honda,Accord,2009,Petrol,,1.6,317212,121,127,3,1,Full Service,White,Sedan,AWD,32,NY,500
Ford,F-150,2016,Petrol,Automatic,5.2,163195,408,386,3,0,Partial Service,Silver,Truck,4WD,13,NC,7520
Nissan,Sentra,2023,Diesel,Automatic,1.5,21646,123,132,1,0,Full Service,White,Sedan,FWD,38,PA,17992
Hyundai,Sonata,2007,Petrol,Automatic,1.6,191025,141,114,4,1,Partial Service,Brown,Sedan,FWD,33,IL,500
Toyota,RAV4,2010,Petrol,Manual,2.4,219595,181,174,3,1,Partial Service,Gray,SUV,AWD,,IL,500
Chevrolet,Equinox,2020,Petrol,Automatic,2.2,32454,,195,1,1,Partial Service,Red,SUV,AWD,35,IL,14066
Audi,Q7,2016,Petrol,Automatic,2.5,124775,,,2,0,Partial Service,Blue,SUV,AWD,33,IL,20744
Honda,CR-V,2007,Petrol,,,120842,177,160,3,1,Partial Service,Blue,SUV,AWD,33,GA,635
Honda,Civic,2008,Petrol,,1.6,342047,135,128,3,0,Partial Service,Silver,Sedan,AWD,37,PA,500
Mercedes-Benz,GLC,2024,Petrol,,,100,238,216,1,,Full Service,Black,SUV,FWD,,OH,49798
Nissan,Rogue,2007,Hybrid,Manual,,226923,150,149,4,,Partial Service,Brown,SUV,AWD,49,GA,500
Hyundai,Elantra,2024,Petrol,Automatic,,1343,,85,1,0,Full Service,Brown,Sedan,FWD,36,OH,20801
BMW,X5,2021,Hybrid,,2.6,53133,203,211,1,0,,,SUV,AWD,38,OH,45885
Honda,Civic,2020,Electric,Automatic,0,51848,250,275,1,0,Partial Service,White,Sedan,FWD,122,NC,13023
Audi,Q5,2007,Petrol,,3.4,178561,260,249,5,1,No Service,White,SUV,FWD,25,OH,1239
Toyota,Highlander,2006,Petrol,Automatic,3,19853,241,231,5,0,Partial Service,Red,SUV,FWD,29,OH,5966
Nissan,Sentra,2012,Petrol,Automatic,1.7,188670,,,5,,Partial Service,Red,Sedan,FWD,37,MI,500
Chevrolet,Tahoe,2022,Petrol,Automatic,2.3,37238,172,156,1,0,No Service,White,SUV,AWD,38,OH,34497
Hyundai,Sonata,2017,Electric,Automatic,,39629,286,314,2,0,Full Service,Green,Sedan,FWD,119,PA,11492
Honda,Civic,2012,Petrol,,2.2,146171,198,184,3,0,Partial Service,Green,Sedan,FWD,31,,500
Nissan,Altima,2017,Hybrid,Automatic,2.4,45617,179,160,2,0,No Service,Brown,Sedan,FWD,49,,9683
Mercedes-Benz,C-Class,2006,Petrol,Automatic,2.3,214636,179,159,5,0,No Service,,Sedan,FWD,34,GA,500
Ford,F-150,2005,Petrol,Automatic,4,125637,312,296,4,0,Full Service,Gray,Truck,4WD,18,PA,500
Hyundai,Sonata,2018,Petrol,,1.6,75968,136,134,3,0,No Service,Brown,Sedan,FWD,36,FL,9004
BMW,5 Series,2016,Petrol,Automatic,2.2,97600,173,,3,,No Service,Brown,Sedan,FWD,36,IL,18703
Hyundai,Elantra,2013,Petrol,Automatic,,20970,123,111,3,,Full Service,Blue,Sedan,FWD,39,NC,7143
Hyundai,Elantra,2018,Petrol,Automatic,1.7,33450,144,150,1,0,,Blue,Sedan,FWD,36,GA,9583
Volkswagen,Atlas,2014,Petrol,Automatic,2.5,208714,,192,2,0,,Brown,SUV,AWD,26,OH,4400
Toyota,Camry,2020,Petrol,Automatic,2.1,53196,157,160,2,0,Full Service,Black,Sedan,FWD,35,MI,16114
Toyota,RAV4,2011,Hybrid,Automatic,3.4,272813,253,244,4,1,Full Service,Brown,SUV,AWD,44,,500
Ford,Mustang,2006,Petrol,Manual,,164623,224,215,3,1,No Service,,Coupe,RWD,,FL,500
Nissan,Altima,2008,Petrol,Automatic,1.5,151089,144,,3,1,Partial Service,Gray,Sedan,FWD,41,TX,500
Mercedes-Benz,C-Class,2018,Petrol,Automatic,,83202,170,150,2,1,Partial Service,Silver,Sedan,FWD,32,NY,17904
Ford,Explorer,2014,Petrol,Automatic,3.3,104650,252,240,3,0,Partial Service,Blue,SUV,AWD,20,,8597
Hyundai,Tucson,2014,Petrol,Automatic,3.5,252556,289,278,3,0,,,SUV,FWD,23,NY,500
Honda,Accord,2009,Petrol,,,40622,161,156,3,,,White,Sedan,FWD,31,,4739
Mercedes-Benz,GLE,2011,Petrol,Automatic,3.3,183481,236,217,3,1,Partial Service,Gray,SUV,AWD,24,OH,9087
Ford,Escape,2014,Petrol,Automatic,,26580,179,174,3,,Full Service,Red,SUV,RWD,31,CA,10102
BMW,3 Series,2009,Petrol,Automatic,2.3,173822,178,169,2,1,Full Service,Black,Sedan,FWD,30,CA,3015
Nissan,Pathfinder,2024,Electric,Automatic,0,100,,,1,0,,Green,SUV,AWD,97,NC,36944
Ford,F-150,2024,Diesel,Automatic,5.7,100,414,394,1,0,Partial Service,Gray,Truck,RWD,,NC,32463
Volkswagen,Tiguan,2011,Petrol,Automatic,2.1,215931,163,157,3,0,,Brown,SUV,AWD,36,PA,500
Volkswagen,Atlas,2008,Petrol,Automatic,3.2,275307,255,,5,0,,Blue,SUV,AWD,30,GA,500
Nissan,Sentra,2009,Diesel,Manual,2.4,205674,208,,4,1,Full Service,Gray,Sedan,FWD,26,OH,500
BMW,3 Series,2010,Diesel,Automatic,2.4,121891,186,187,3,0,,White,Sedan,FWD,31,NY,7360
Hyundai,Tucson,2007,Petrol,Automatic,2.6,141305,220,217,4,1,Full Service,Green,SUV,AWD,32,,500
Ford,Escape,2008,Petrol,Automatic,2.1,136901,169,169,5,1,Full Service,Brown,SUV,AWD,34,IL,500
Audi,A4,2009,Petrol,Manual,1.6,201361,139,157,3,1,Full Service,Black,Sedan,FWD,,CA,1106
Nissan,Sentra,2005,Petrol,Automatic,2.1,230795,171,,4,1,,Red,Sedan,FWD,33,CA,500
Nissan,Sentra,2022,Petrol,,1.8,12211,140,,1,0,Partial Service,Red,Sedan,FWD,38,NC,17188
Chevrolet,Silverado,2011,Petrol,Automatic,4.4,62941,,289,3,1,No Service,,Truck,4WD,22,GA,6490
Hyundai,Tucson,2005,Petrol,Manual,2.3,131831,178,178,5,0,Full Service,Gray,SUV,AWD,34,NY,500
Ford,Escape,2017,Petrol,Automatic,2.4,56104,168,148,1,1,Full Service,Gray,SUV,AWD,36,CA,10672
Toyota,Highlander,2011,Hybrid,Manual,2.9,55172,220,212,4,0,Partial Service,Black,SUV,AWD,46,CA,8496
Mercedes-Benz,GLC,2021,Hybrid,Automatic,2.3,10187,181,158,1,0,,Gray,SUV,AWD,,IL,36786
Toyota,Corolla,2006,Petrol,Manual,2.4,142931,,183,5,1,,Red,Sedan,FWD,29,GA,500
Nissan,Rogue,2006,Hybrid,,2.2,69896,180,190,4,0,Full Service,Blue,SUV,AWD,53,TX,2428
Nissan,Sentra,2005,Petrol,Manual,1.6,141213,147,141,4,1,Partial Service,Black,Sedan,FWD,,NY,500
Ford,Mustang,2017,Petrol,Automatic,2.8,125425,,196,2,1,No Service,Gray,Coupe,RWD,27,CA,6751
Nissan,Pathfinder,2022,Diesel,Automatic,3.4,29586,265,243,1,0,,Black,SUV,AWD,27,CA,23538
Chevrolet,Equinox,2008,Petrol,Automatic,2.6,240484,191,166,4,1,Full Service,Green,SUV,AWD,31,,500
Ford,Escape,2006,Petrol,Manual,2.4,177603,196,,3,0,,Silver,SUV,AWD,35,GA,500
Toyota,Camry,2016,Petrol,Automatic,2,181049,161,,1,1,Full Service,Brown,Sedan,FWD,33,NC,3314
BMW,3 Series,2011,Petrol,Automatic,,132516,,131,3,0,Full Service,Black,Sedan,FWD,43,NC,7821
Volkswagen,Golf,2005,Diesel,Automatic,2.4,218782,189,187,4,0,Partial Service,Gray,Hatchback,FWD,35,FL,500
Volkswagen,Atlas,2019,Hybrid,Automatic,2,100,153,135,1,0,Partial Service,Red,SUV,AWD,55,OH,21978
Volkswagen,Atlas,2007,Petrol,Manual,3.2,275468,222,209,4,,No Service,Green,SUV,AWD,,,500
Ford,Escape,2008,Petrol,Automatic,,238039,243,218,4,1,Partial Service,Blue,SUV,AWD,33,PA,500
Chevrolet,Silverado,2021,Petrol,Automatic,,43751,249,244,1,0,Partial Service,White,Truck,4WD,20,,22600
Honda,Civic,2023,Petrol,Automatic,2.3,100,197,202,1,0,Full Service,White,Sedan,FWD,30,FL,18153
Honda,Civic,2006,Petrol,Automatic,1.8,363665,137,137,4,1,,Blue,Sedan,FWD,41,CA,500
BMW,X3,2010,Petrol,Automatic,2.9,93174,233,227,4,1,Partial Service,Silver,SUV,FWD,28,,7861
BMW,5 Series,2022,Electric,Automatic,0,23026,229,,1,1,Full Service,Green,Sedan,FWD,125,TX,41689
Nissan,Pathfinder,2019,Diesel,,,68643,221,212,3,0,Full Service,Brown,SUV,AWD,23,CA,18533
BMW,X3,2010,Petrol,Manual,3.4,125727,248,241,5,1,Full Service,Brown,SUV,FWD,20,GA,6785
Ford,Mustang,2015,Hybrid,,3.8,82228,301,278,4,0,,Brown,Coupe,RWD,38,NC,7329
Honda,Civic,2024,Petrol,Automatic,1.4,8903,136,,1,,Full Service,Silver,Sedan,AWD,36,GA,23258
Mercedes-Benz,C-Class,2014,Diesel,Automatic,2,169575,149,150,3,,Partial Service,Black,Sedan,AWD,25,MI,8106
Toyota,Camry,2005,Petrol,,2.2,273411,167,125,4,1,Full Service,,Sedan,FWD,32,TX,500
Toyota,Highlander,2018,Petrol,,3.3,120648,235,198,3,0,Partial Service,Gray,SUV,FWD,21,OH,14568
Honda,Accord,2015,Diesel,Automatic,,138899,207,197,3,0,Partial Service,Green,Sedan,FWD,29,IL,5089
Audi,Q5,2008,Petrol,Manual,2.5,184473,208,185,3,,Partial Service,White,SUV,AWD,,NC,2121
Audi,Q7,2023,Petrol,,2,100,151,140,1,,No Service,,SUV,AWD,34,NY,49090
Chevrolet,Equinox,2013,Petrol,Automatic,3.3,139675,260,249,2,1,Full Service,Brown,SUV,AWD,24,,3071
Audi,A4,2019,Hybrid,Automatic,1.5,50178,138,133,2,1,Full Service,Red,Sedan,FWD,52,MI,19534
Chevrolet,Silverado,2005,Petrol,Automatic,4.8,207490,351,354,4,1,Full Service,Green,Truck,4WD,,NY,500
BMW,X3,2019,Petrol,Automatic,2.9,55217,220,221,1,0,Full Service,Black,SUV,AWD,,MI,26594
Chevrolet,Tahoe,2015,Hybrid,Automatic,3.4,110415,248,232,3,0,Partial Service,Red,SUV,AWD,47,PA,16684
Mercedes-Benz,E-Class,2007,Diesel,Manual,,160536,180,157,3,,No Service,Blue,Sedan,AWD,34,NY,4431
Toyota,Highlander,2024,Hybrid,Automatic,2.2,100,187,177,1,,,Black,SUV,AWD,47,PA,35527
Mercedes-Benz,GLC,2007,Diesel,Manual,2.9,181375,218,193,4,,Partial Service,Brown,SUV,FWD,31,,1666
Nissan,Altima,2010,Petrol,Automatic,1.7,129775,138,124,5,0,No Service,Red,Sedan,FWD,38,NY,799
Audi,Q7,2015,Petrol,Automatic,3.3,159291,238,,2,1,Partial Service,,SUV,AWD,,CA,15523
Honda,Civic,2023,Hybrid,Automatic,,19334,153,141,1,0,Full Service,Brown,Sedan,FWD,46,FL,19039
Audi,Q5,2014,Petrol,Automatic,2.5,198601,188,171,3,1,No Service,Green,SUV,FWD,33,PA,7367
Nissan,Pathfinder,2021,Petrol,Automatic,2.1,26829,174,172,1,0,Partial Service,Gray,SUV,RWD,29,NC,24807
Mercedes-Benz,GLE,2008,Petrol,,3.1,139774,228,208,5,1,Full Service,Black,SUV,RWD,25,,6337
Ford,F-150,2023,Petrol,Automatic,3.4,11750,261,,1,0,Partial Service,Red,Truck,RWD,24,IL,28494
Honda,Pilot,2014,Petrol,Automatic,3.2,100964,253,243,3,1,Partial Service,Green,SUV,AWD,,NY,8489
Chevrolet,Equinox,2013,Petrol,Automatic,3.4,214672,278,,3,0,Full Service,Red,SUV,AWD,,TX,500
Toyota,Corolla,2009,Petrol,Automatic,1.9,182625,146,150,3,1,Partial Service,Blue,Sedan,FWD,36,CA,500
Volkswagen,Tiguan,2014,Petrol,Automatic,3.5,62380,278,274,1,,No Service,,SUV,AWD,,GA,7797
BMW,5 Series,2006,Petrol,Manual,2,169555,167,,4,0,Full Service,White,Sedan,FWD,30,MI,3557
Honda,Pilot,2019,Diesel,Automatic,3.3,13293,256,224,2,0,Full Service,Green,SUV,AWD,23,FL,25111
Toyota,Corolla,2020,Petrol,Automatic,,95071,142,118,1,0,Full Service,White,Sedan,FWD,,TX,9877
Audi,A6,2014,Petrol,,2.2,84232,180,,3,,No Service,Green,Sedan,FWD,33,MI,17086
Mercedes-Benz,GLC,2023,Petrol,Automatic,2.1,1246,154,,1,0,Partial Service,Brown,SUV,FWD,33,PA,40572
Ford,F-150,2016,Electric,Automatic,0,118601,335,,2,0,,Red,Truck,RWD,125,GA,11429
Ford,Explorer,2006,Petrol,Automatic,2.9,284209,236,215,4,1,Partial Service,Blue,SUV,AWD,,NC,500
Chevrolet,Silverado,2008,Petrol,,,221356,379,355,3,1,Full Service,Green,Truck,4WD,10,CA,500
Audi,A4,2008,Petrol,Automatic,2.4,351471,176,158,4,1,Partial Service,Red,Sedan,FWD,36,NC,500
Chevrolet,Silverado,2007,Petrol,Automatic,5.7,178648,,396,3,0,Full Service,Blue,Truck,4WD,10,,500
Honda,Pilot,2022,Petrol,Automatic,3.2,53564,229,217,1,0,Full Service,Red,SUV,AWD,21,NY,29829
Mercedes-Benz,C-Class,2014,Petrol,Automatic,,38643,184,183,2,,Full Service,Blue,Sedan,FWD,33,NY,14758
Hyundai,Sonata,2024,Diesel,Automatic,1.8,100,153,145,1,,No Service,Black,Sedan,FWD,,GA,20319
Mercedes-Benz,C-Class,2005,Petrol,Manual,2.2,87615,151,,4,1,Partial Service,,Sedan,FWD,,GA,3566
Honda,CR-V,2016,Petrol,Automatic,2.9,71564,248,221,2,0,,Blue,SUV,AWD,28,MI,10970
Honda,CR-V,2015,Petrol,Automatic,3.5,133037,275,252,2,1,Partial Service,Silver,SUV,AWD,23,IL,6038
Chevrolet,Malibu,2012,Petrol,Automatic,1.9,224251,155,146,3,0,Partial Service,Green,Sedan,FWD,37,FL,500
Ford,Escape,2021,Petrol,Automatic,3.2,37047,225,,1,0,Partial Service,White,SUV,FWD,22,TX,19048
Chevrolet,Equinox,2018,Diesel,Automatic,2.6,79959,199,185,1,0,Partial Service,Black,SUV,AWD,31,MI,11775
Chevrolet,Tahoe,2016,Diesel,Automatic,2.1,111286,172,166,1,0,Partial Service,White,SUV,RWD,,IL,19751
Volkswagen,Tiguan,2021,Petrol,,2.2,13236,181,180,1,0,Full Service,White,SUV,FWD,35,MI,21892
Toyota,Corolla,2013,Petrol,Automatic,2,62149,155,,2,0,,Brown,Sedan,AWD,31,OH,5437
Honda,Civic,2011,Petrol,Automatic,2.3,265772,196,,5,1,Full Service,Blue,Sedan,FWD,33,IL,500
Toyota,Corolla,2016,Petrol,Automatic,2.1,84896,152,131,4,0,,White,Sedan,FWD,33,NC,4996
BMW,3 Series,2012,Petrol,Automatic,2.5,104878,185,178,4,1,Partial Service,,Sedan,FWD,27,NC,8478
Mercedes-Benz,GLE,2008,Petrol,Automatic,2.1,146345,156,144,4,1,No Service,Green,SUV,FWD,,TX,6413
Mercedes-Benz,GLC,2014,Diesel,Automatic,3,100193,239,234,3,0,Partial Service,White,SUV,FWD,28,CA,14182
Ford,Escape,2021,Petrol,Automatic,3.1,65587,230,224,1,1,Partial Service,White,SUV,AWD,28,CA,13762
Chevrolet,Tahoe,2021,Diesel,Automatic,2,24260,172,,1,0,Partial Service,Red,SUV,FWD,34,MI,36245
Honda,Accord,2007,Petrol,,2.3,193182,199,195,4,0,Full Service,Green,Sedan,FWD,33,IL,500
Chevrolet,Malibu,2020,Petrol,Automatic,,18289,123,,2,,Full Service,White,Sedan,FWD,42,OH,15186
BMW,3 Series,2021,Petrol,Automatic,2.1,42616,,,1,0,Partial Service,White,Sedan,AWD,32,,31834
Toyota,Camry,2006,Petrol,Automatic,1.5,281578,133,109,5,1,Full Service,,Sedan,AWD,33,PA,500
Hyundai,Santa Fe,2020,Petrol,Automatic,2.6,33694,182,169,2,1,,Silver,SUV,AWD,26,CA,16308
Hyundai,Tucson,2018,Petrol,Automatic,2.2,67707,188,152,1,0,Partial Service,Silver,SUV,FWD,34,FL,12612
Hyundai,Elantra,2011,Petrol,Automatic,2,218674,168,156,4,1,Full Service,Gray,Sedan,FWD,33,TX,500
Ford,Escape,2016,Diesel,Automatic,2.3,124019,168,159,2,,Partial Service,White,SUV,FWD,26,,6931
Ford,F-150,2022,Petrol,,4.3,29206,318,290,1,0,,Brown,Truck,4WD,,,25413
Mercedes-Benz,GLC,2016,Petrol,Automatic,2.2,107833,182,182,3,0,Full Service,Red,SUV,AWD,31,TX,19821
Toyota,Camry,2009,Petrol,Automatic,2.1,234104,179,161,5,1,Full Service,Red,Sedan,FWD,33,GA,500
Nissan,Rogue,2017,Petrol,,2.8,93738,210,218,2,1,Partial Service,Gray,SUV,AWD,30,OH,7637
Volkswagen,Atlas,2010,Petrol,Automatic,3.4,128474,,235,4,,,Gray,SUV,AWD,21,CA,2774
Ford,Mustang,2005,Petrol,Manual,4.5,234340,340,319,5,1,Full Service,Blue,Coupe,RWD,10,NC,500
Honda,Civic,2022,Petrol,Automatic,1.8,49105,143,133,1,0,,Brown,Sedan,AWD,40,PA,13420
Ford,Mustang,2021,Hybrid,,3.2,28153,232,233,1,0,No Service,,Coupe,RWD,44,OH,17251
BMW,X3,2018,Petrol,Automatic,2.2,88041,164,163,2,0,Partial Service,Black,SUV,AWD,33,TX,22053
Mercedes-Benz,GLC,2013,Petrol,Automatic,2.5,118980,190,183,2,0,Full Service,Red,SUV,AWD,,NY,13195
Mercedes-Benz,GLE,2013,Petrol,Automatic,3.1,206016,242,249,2,1,Partial Service,Silver,SUV,FWD,26,CA,11034
Mercedes-Benz,E-Class,2010,Petrol,Automatic,2.3,273285,176,171,2,,No Service,Black,Sedan,AWD,29,TX,2854
Nissan,Altima,2020,Hybrid,,1.6,38728,123,118,2,,,White,Sedan,FWD,54,GA,18004
Honda,CR-V,2016,Petrol,Automatic,3.1,129296,248,232,2,1,Partial Service,,SUV,AWD,27,PA,6440
Ford,Escape,2018,Petrol,Automatic,2.3,102768,178,167,2,,No Service,Brown,SUV,FWD,32,NY,11720
Volkswagen,Passat,2006,Petrol,Automatic,1.4,251504,,92,4,0,Partial Service,Brown,Sedan,FWD,37,CA,500
Volkswagen,Passat,2013,Petrol,Automatic,1.6,90043,131,121,4,1,Partial Service,Black,Sedan,FWD,36,CA,5220
BMW,5 Series,2009,Petrol,Automatic,1.7,297736,145,114,4,1,Full Service,Blue,Sedan,FWD,36,,690
Hyundai,Sonata,2015,Petrol,Automatic,1.4,162408,127,113,2,1,,,Sedan,FWD,39,CA,2746
Nissan,Rogue,2005,Petrol,Automatic,2.6,413770,195,175,5,0,Partial Service,Red,SUV,RWD,28,OH,500
Hyundai,Sonata,2011,Petrol,Automatic,2.2,166981,182,169,1,1,Full Service,Blue,Sedan,FWD,,GA,500
Hyundai,Elantra,2020,Electric,Automatic,0,68069,344,,1,0,Full Service,Brown,Sedan,FWD,126,OH,11348
Audi,Q5,2009,Petrol,,2,222448,,131,4,0,Full Service,,SUV,FWD,36,GA,1505
Volkswagen,Tiguan,2017,Hybrid,Automatic,2.3,104739,,198,2,1,Partial Service,Green,SUV,AWD,48,FL,7955
Chevrolet,Silverado,2012,Petrol,Automatic,3.7,187724,282,265,3,1,Partial Service,Blue,Truck,4WD,15,GA,2352
Mercedes-Benz,GLE,2024,Petrol,Automatic,3.2,4074,247,240,1,0,No Service,Gray,SUV,FWD,28,CA,54528
Toyota,Corolla,2006,Petrol,Manual,1.6,380366,134,144,4,0,No Service,Brown,Sedan,FWD,44,TX,500
Honda,Civic,2005,Diesel,Manual,1.7,228143,131,131,4,1,,Green,Sedan,FWD,41,,500
Audi,Q5,2022,Hybrid,,2.8,20522,213,189,1,0,Partial Service,White,SUV,RWD,62,NY,38387
Ford,Escape,2014,Petrol,Automatic,2.6,74788,196,,4,0,Full Service,Silver,SUV,AWD,27,,6869
Chevrolet,Tahoe,2022,Electric,Automatic,,6572,213,234,1,1,Partial Service,White,SUV,AWD,106,TX,34713
Audi,A4,2010,Petrol,Automatic,2.2,86466,168,166,3,0,Full Service,Red,Sedan,FWD,37,MI,8039
Hyundai,Sonata,2008,Petrol,Automatic,1.4,287316,106,101,3,0,Full Service,Brown,Sedan,FWD,39,TX,500
BMW,5 Series,2022,Petrol,Automatic,1.6,41878,148,158,1,0,Partial Service,Black,Sedan,FWD,37,FL,43689
Honda,CR-V,2024,Petrol,Automatic,3.1,3238,232,228,1,0,Partial Service,Green,SUV,AWD,21,FL,29885
Hyundai,Tucson,2017,Hybrid,,2.8,61513,,191,3,1,Partial Service,Blue,SUV,AWD,32,PA,10771
Toyota,Camry,2008,Petrol,Automatic,1.7,188647,151,130,4,,Full Service,,Sedan,AWD,39,GA,500
Hyundai,Tucson,2012,Petrol,Automatic,2.7,112928,207,208,3,0,Partial Service,Gray,SUV,AWD,28,TX,3696
Nissan,Altima,2013,Petrol,Automatic,1.5,98221,,,2,,,Red,Sedan,FWD,35,,4715
Honda,Pilot,2007,Petrol,,,209613,,174,4,1,No Service,Brown,SUV,FWD,31,MI,500
BMW,3 Series,2017,Petrol,Automatic,1.7,105597,144,,3,0,Partial Service,,Sedan,FWD,34,NY,17821
Toyota,Highlander,2024,Petrol,Automatic,2.7,2819,191,188,1,0,No Service,Blue,SUV,AWD,,GA,30328
Audi,Q7,2010,Petrol,Manual,2.5,162426,204,202,4,1,Full Service,,SUV,AWD,31,MI,9159
Chevrolet,Silverado,2023,Diesel,,3.8,8535,293,286,1,0,Partial Service,Red,Truck,4WD,18,NY,29615
Mercedes-Benz,GLE,2023,Petrol,Automatic,2,24509,149,141,1,0,Partial Service,Silver,SUV,AWD,32,,54813
BMW,X3,2007,Petrol,Automatic,2.6,220633,202,196,5,1,Full Service,Gray,SUV,AWD,34,MI,500
Mercedes-Benz,C-Class,2018,Hybrid,Automatic,2.3,91875,,184,2,0,Full Service,Black,Sedan,FWD,48,,22004
Audi,A6,2011,Petrol,,2,178389,,148,3,0,No Service,,Sedan,AWD,38,NC,8179
Toyota,Camry,2024,Petrol,Automatic,1.8,100,157,156,1,0,Full Service,Silver,Sedan,FWD,36,FL,24880
Hyundai,Sonata,2008,Petrol,Automatic,,143675,108,108,3,0,Partial Service,Red,Sedan,FWD,37,GA,500
Honda,Civic,2011,Petrol,Automatic,,17775,119,126,3,1,No Service,Green,Sedan,FWD,37,TX,4948
Chevrolet,Malibu,2012,Petrol,Automatic,2.4,89076,189,180,2,1,Full Service,Red,Sedan,FWD,29,OH,3258
Ford,Mustang,2010,Petrol,Automatic,3.1,54967,,227,3,0,Full Service,,Coupe,RWD,27,,5445
Chevrolet,Malibu,2019,Diesel,Automatic,,77936,165,,2,,Full Service,Red,Sedan,FWD,30,GA,12766
Toyota,Highlander,2020,Hybrid,Automatic,,5965,223,200,1,0,Partial Service,Black,SUV,FWD,41,CA,26178
Mercedes-Benz,E-Class,2017,Petrol,Automatic,2,144775,150,146,3,1,Partial Service,,Sedan,FWD,,NY,18670
Hyundai,Sonata,2023,Petrol,,1.6,100,145,145,1,0,,Black,Sedan,FWD,40,NC,24709
Chevrolet,Equinox,2012,Petrol,Automatic,3.5,53062,266,254,2,0,Full Service,Green,SUV,AWD,26,NC,7384
Hyundai,Tucson,2015,Hybrid,Automatic,3.2,146693,252,244,4,0,Full Service,Silver,SUV,AWD,49,TX,5472
Audi,A6,2007,Petrol,Automatic,2.3,249128,,172,4,1,Partial Service,White,Sedan,FWD,30,TX,692
Volkswagen,Golf,2017,Petrol,Automatic,2,114017,,128,1,,Partial Service,White,Hatchback,FWD,,FL,6308
Ford,Explorer,2011,Petrol,Automatic,3.2,167556,,231,3,,Full Service,Green,SUV,FWD,24,MI,2691
Mercedes-Benz,GLC,2009,Petrol,Manual,,143689,259,249,5,0,Full Service,,SUV,AWD,22,,5814
Hyundai,Tucson,2016,Petrol,Automatic,2.9,93470,230,,2,0,Full Service,Black,SUV,AWD,22,GA,8665
Toyota,Highlander,2010,Diesel,Manual,3.1,2659,238,214,5,,Full Service,,SUV,AWD,29,,8686
Chevrolet,Equinox,2016,Petrol,Automatic,,66646,,151,2,0,Partial Service,White,SUV,AWD,34,OH,9053
Nissan,Sentra,2019,Petrol,,1.5,49268,,121,3,0,Partial Service,Gray,Sedan,FWD,37,CA,10648
Mercedes-Benz,GLC,2009,Petrol,Automatic,3.2,193539,250,244,3,1,No Service,Brown,SUV,AWD,,,2671
Mercedes-Benz,GLC,2012,Petrol,,2.3,286401,181,178,3,1,,Green,SUV,AWD,32,MI,2136
Hyundai,Santa Fe,2010,Diesel,Automatic,2.4,245068,178,161,3,0,Partial Service,White,SUV,AWD,32,IL,500
Chevrolet,Silverado,2020,Petrol,Automatic,4.3,49503,336,,2,0,Partial Service,Black,Truck,4WD,,,22665
Audi,A4,2010,Hybrid,Automatic,1.5,180525,132,127,4,,Full Service,White,Sedan,AWD,50,,3131
Ford,Explorer,2014,Petrol,Automatic,2.7,129418,212,,3,0,Partial Service,White,SUV,AWD,28,GA,8169
Volkswagen,Atlas,2009,Petrol,Automatic,2.6,267219,210,216,2,1,Partial Service,,SUV,AWD,27,FL,500
Hyundai,Santa Fe,2008,Petrol,Automatic,2.2,179210,,161,3,0,Partial Service,Black,SUV,AWD,31,TX,500
Audi,Q7,2020,Petrol,Automatic,2.6,3255,211,200,2,0,Full Service,Black,SUV,FWD,,FL,46095
Honda,Civic,2021,Petrol,Automatic,1.5,48803,141,144,1,0,Full Service,Brown,Sedan,FWD,,CA,14868
Ford,Escape,2008,Diesel,Manual,2.2,114447,,185,5,1,,Red,SUV,AWD,33,IL,711
Nissan,Sentra,2017,Petrol,Automatic,1.8,137176,159,163,2,,Full Service,Red,Sedan,FWD,,IL,3489
Audi,A4,2016,Petrol,Automatic,1.6,48049,132,118,3,0,Full Service,Black,Sedan,FWD,39,,17531
Ford,Escape,2023,Hybrid,Automatic,2.1,13699,,165,1,0,Full Service,Brown,SUV,FWD,47,FL,25465
Nissan,Altima,2018,Hybrid,Automatic,1.7,79704,137,124,2,0,No Service,Brown,Sedan,FWD,46,CA,9238
Nissan,Sentra,2006,Diesel,Manual,1.7,169247,153,,5,1,Full Service,,Sedan,FWD,35,GA,500
Chevrolet,Equinox,2013,Diesel,Automatic,2.7,54537,212,212,3,,Full Service,,SUV,AWD,33,FL,7399
BMW,X3,2017,Petrol,Automatic,3.2,74676,228,214,2,0,Full Service,Silver,SUV,AWD,,OH,20878
Toyota,Camry,2024,Petrol,Automatic,1.9,1596,143,126,1,0,Partial Service,White,Sedan,FWD,35,GA,25608
Audi,Q7,2010,Petrol,Automatic,3.3,128004,257,249,3,1,Partial Service,White,SUV,AWD,32,OH,9525
Volkswagen,Golf,2017,Petrol,Automatic,2.1,73109,,174,3,0,Full Service,Brown,Hatchback,AWD,34,NY,9495
Ford,Explorer,2022,Diesel,Automatic,3,918,235,215,1,,Partial Service,Silver,SUV,AWD,,MI,28855
Honda,Accord,2005,Petrol,Manual,1.9,293655,139,131,4,0,,Green,Sedan,FWD,39,FL,500
Ford,Explorer,2016,Diesel,Automatic,,144424,253,228,3,1,,,SUV,AWD,24,MI,7180
BMW,X3,2014,Petrol,Automatic,2.7,81846,191,178,2,1,No Service,Brown,SUV,AWD,31,,11737
Mercedes-Benz,E-Class,2024,Petrol,Automatic,1.6,8038,,144,1,0,Full Service,Red,Sedan,FWD,39,NC,55687
Volkswagen,Golf,2024,Hybrid,Automatic,1.4,100,110,106,1,0,Full Service,Brown,Hatchback,AWD,59,,23152
BMW,3 Series,2010,Diesel,,,104327,166,152,4,0,Partial Service,Gray,Sedan,FWD,,PA,7360
BMW,5 Series,2016,Petrol,,,81537,118,112,3,1,Full Service,Black,Sedan,FWD,,,21608
BMW,X5,2015,Hybrid,Automatic,3.1,144986,215,195,2,1,,Brown,SUV,AWD,42,IL,18054
BMW,3 Series,2022,Petrol,,1.5,27251,136,,1,0,Full Service,Green,Sedan,FWD,41,GA,35545
Ford,Mustang,2015,Electric,Manual,0,135494,267,293,1,0,Partial Service,Brown,Coupe,AWD,100,TX,6245
Volkswagen,Tiguan,2006,Petrol,Automatic,,231299,,,5,1,,White,SUV,AWD,26,TX,500
Hyundai,Sonata,2007,Petrol,Manual,1.7,273737,130,128,4,1,No Service,Red,Sedan,FWD,35,NC,500
Toyota,Corolla,2016,Hybrid,Automatic,1.6,157733,133,,1,0,No Service,Black,Sedan,FWD,,,1855
Ford,Mustang,2024,Hybrid,Automatic,3,329,246,223,1,0,Partial Service,,Coupe,RWD,43,OH,27097
Nissan,Altima,2006,Hybrid,Manual,2,229327,153,,5,1,Partial Service,White,Sedan,FWD,44,NY,500
BMW,X3,2018,Diesel,Automatic,2.5,95090,184,176,1,1,Full Service,Silver,SUV,AWD,29,TX,20088
Audi,Q7,2017,Petrol,Automatic,2.5,147811,223,204,1,0,,,SUV,FWD,30,,22588
Honda,Accord,2013,Petrol,Automatic,1.8,131965,128,124,2,,Full Service,Gray,Sedan,FWD,37,FL,3880
Audi,A6,2022,Petrol,Automatic,2.2,27504,,170,1,,Partial Service,White,Sedan,FWD,31,FL,37891
Ford,F-150,2007,Diesel,Manual,,216608,338,321,3,1,Full Service,Gray,Truck,4WD,15,GA,500
Hyundai,Tucson,2019,Diesel,Automatic,2.4,60828,200,198,1,0,,Silver,SUV,AWD,28,FL,14475
Hyundai,Sonata,2024,Hybrid,Automatic,1.5,100,106,114,1,0,Partial Service,Blue,Sedan,AWD,51,CA,24495
Nissan,Pathfinder,2009,Petrol,Automatic,,186070,172,,4,0,Full Service,Gray,SUV,AWD,,FL,500
Mercedes-Benz,GLE,2023,Petrol,Automatic,2.9,23267,208,183,1,,No Service,Silver,SUV,AWD,27,TX,49139
Toyota,RAV4,2005,Petrol,Automatic,2.9,205289,218,214,5,1,Full Service,Brown,SUV,AWD,25,GA,500
Nissan,Sentra,2013,Petrol,Automatic,2.3,178213,172,178,4,1,No Service,Blue,Sedan,FWD,37,TX,500
Hyundai,Sonata,2009,Petrol,Manual,1.4,207036,112,105,3,0,Partial Service,Green,Sedan,FWD,38,TX,500
Hyundai,Santa Fe,2016,Diesel,Automatic,2.7,166140,,,4,1,,Green,SUV,RWD,30,NY,7307
Ford,F-150,2020,Diesel,Automatic,,35735,,254,1,0,Partial Service,,Truck,4WD,21,NY,21452
Ford,F-150,2011,Petrol,Manual,5.6,193569,418,385,2,,Full Service,Red,Truck,4WD,10,NC,1098
BMW,3 Series,2010,Petrol,Manual,1.9,201042,138,141,3,1,Partial Service,,Sedan,AWD,,TX,2402
Ford,Mustang,2016,Petrol,Manual,2.7,164916,218,204,1,1,Full Service,Red,Coupe,RWD,31,,5271
Chevrolet,Silverado,2020,Petrol,Automatic,4.1,94072,309,299,1,0,Partial Service,Brown,Truck,4WD,18,PA,21942
Mercedes-Benz,GLC,2019,Petrol,Automatic,3.1,68759,242,,1,0,Partial Service,Red,SUV,AWD,26,OH,25568
Toyota,Camry,2020,Petrol,,,28325,124,109,1,0,,Red,Sedan,FWD,,PA,16567
Ford,Mustang,2023,Petrol,Automatic,4.1,29506,325,,1,0,Full Service,Black,Coupe,AWD,23,PA,24930
Volkswagen,Atlas,2013,Petrol,Automatic,3.4,61387,269,233,2,1,,Green,SUV,AWD,,TX,7789
Hyundai,Santa Fe,2008,Petrol,,2.6,281515,197,195,3,0,No Service,Blue,SUV,AWD,29,PA,500
Audi,A4,2006,Petrol,,2.4,220042,184,144,5,,Partial Service,,Sedan,AWD,31,CA,500
Hyundai,Santa Fe,2005,Petrol,Automatic,3.4,291346,266,263,5,1,,Black,SUV,FWD,,PA,500
Nissan,Pathfinder,2009,Petrol,Automatic,2.7,320611,213,188,2,0,Full Service,Green,SUV,AWD,33,PA,500
BMW,X5,2005,Petrol,Automatic,2.9,48530,,195,5,0,Full Service,,SUV,AWD,22,OH,9252
Chevrolet,Equinox,2023,Diesel,Automatic,2.5,20379,205,214,1,0,Partial Service,Silver,SUV,AWD,32,TX,22183
Ford,Mustang,2024,Petrol,Manual,,934,320,320,1,0,Partial Service,,Coupe,RWD,,NY,26099
Toyota,Camry,2013,Hybrid,Automatic,2.4,158421,182,179,3,1,Partial Service,Red,Sedan,FWD,46,FL,1786
Chevrolet,Equinox,2018,Hybrid,,3.2,45528,247,240,3,0,Full Service,Gray,SUV,AWD,36,NY,13794
Volkswagen,Atlas,2017,Petrol,Automatic,3.4,109399,240,227,2,,,Brown,SUV,FWD,,TX,9566
Audi,A6,2015,Petrol,Automatic,2.1,61029,174,149,1,1,No Service,Green,Sedan,FWD,,FL,19279
Toyota,Corolla,2013,Diesel,Automatic,2.3,24244,195,,4,,Full Service,Red,Sedan,FWD,35,NY,7133
Volkswagen,Atlas,2023,Petrol,Automatic,2.1,100,168,158,1,,No Service,Red,SUV,RWD,33,TX,26668
Honda,CR-V,2017,Petrol,Automatic,2.4,140171,191,,2,1,Full Service,Black,SUV,FWD,32,FL,7370
Ford,Escape,2015,Hybrid,Automatic,2.2,20212,,142,3,1,,Brown,SUV,AWD,41,MI,8211
Chevrolet,Silverado,2024,Diesel,Automatic,4.2,9112,,312,1,0,No Service,,Truck,4WD,,MI,27860
Volkswagen,Golf,2020,Petrol,Automatic,2.3,37389,194,186,1,0,Full Service,Silver,Hatchback,FWD,35,OH,16388
Mercedes-Benz,GLE,2023,Hybrid,,2.2,12109,189,183,1,0,No Service,,SUV,FWD,53,IL,49465
Ford,Escape,2012,Petrol,Automatic,,21014,,233,3,1,Partial Service,Brown,SUV,FWD,,FL,6283
Hyundai,Tucson,2012,Petrol,,2.7,185363,,182,3,1,Full Service,Brown,SUV,FWD,27,NY,500
Honda,Accord,2015,Petrol,Automatic,,42330,172,159,2,1,Full Service,Silver,Sedan,AWD,,FL,8513
BMW,5 Series,2019,Electric,,0,75204,380,,4,0,Full Service,Brown,Sedan,AWD,,CA,29575
Toyota,Highlander,2018,Petrol,Automatic,2.1,98661,,162,2,0,Full Service,Gray,SUV,AWD,,GA,15974
Mercedes-Benz,C-Class,2023,Petrol,Automatic,1.7,1895,135,128,1,0,Full Service,Red,Sedan,FWD,34,PA,41246
BMW,X5,2010,Petrol,Automatic,2.1,186231,147,129,2,1,,Blue,SUV,FWD,36,OH,8147
Ford,Mustang,2009,Petrol,Manual,,243459,,281,3,,,Brown,Coupe,RWD,23,OH,500
Chevrolet,Equinox,2005,Petrol,Automatic,3.3,192514,240,223,5,0,Full Service,Red,SUV,RWD,21,NY,500
Mercedes-Benz,C-Class,2016,Petrol,Automatic,2.1,140721,168,,2,0,Full Service,Black,Sedan,AWD,,PA,15913
Ford,Escape,2011,Petrol,Automatic,3.3,298198,256,242,4,0,,Blue,SUV,AWD,23,,500
Mercedes-Benz,E-Class,2009,Petrol,,2.3,169532,186,,3,0,,Black,Sedan,FWD,32,,7231
Audi,A6,2023,Petrol,,,36014,131,144,1,0,Full Service,Gray,Sedan,AWD,37,CA,49767
Hyundai,Elantra,2021,Petrol,Automatic,1.5,45290,127,103,1,,Partial Service,,Sedan,FWD,37,,14950
Mercedes-Benz,E-Class,2015,Petrol,Automatic,2.4,68007,177,177,2,0,,,Sedan,FWD,32,TX,22589
Nissan,Sentra,2022,Petrol,,,22869,,152,1,0,Partial Service,Brown,Sedan,FWD,,PA,15848
Mercedes-Benz,GLE,2010,Petrol,Automatic,3.2,99787,259,245,4,1,No Service,Gray,SUV,AWD,23,GA,10732
BMW,5 Series,2012,Petrol,Automatic,1.9,78588,,,2,,Full Service,,Sedan,FWD,,TX,14189
Mercedes-Benz,C-Class,2012,Petrol,Automatic,2.1,166868,163,153,4,1,Partial Service,White,Sedan,FWD,34,,5955
Mercedes-Benz,GLE,2015,Petrol,Automatic,3.2,136671,252,230,1,,Full Service,Black,SUV,AWD,30,GA,23482
Audi,Q7,2020,Hybrid,Automatic,2.2,55738,165,163,2,1,,Silver,SUV,FWD,54,OH,30712
Nissan,Sentra,2018,Diesel,Automatic,1.5,114682,141,143,1,0,No Service,White,Sedan,FWD,,CA,5639
Nissan,Pathfinder,2018,Petrol,Automatic,,119265,234,228,3,0,Full Service,Silver,SUV,AWD,,GA,14087
Chevrolet,Malibu,2018,Petrol,Automatic,,34139,175,174,3,0,Full Service,Brown,Sedan,FWD,37,NC,11135
Hyundai,Elantra,2022,Diesel,Automatic,1.9,100,141,131,1,0,Full Service,Blue,Sedan,FWD,33,GA,18160
Volkswagen,Passat,2015,Diesel,Automatic,2.4,54113,,174,3,0,No Service,Silver,Sedan,FWD,,CA,8614
BMW,X3,2020,Petrol,Automatic,2,80934,161,156,1,1,Full Service,,SUV,AWD,41,NC,25417
Volkswagen,Atlas,2017,Petrol,Automatic,3.2,69601,231,223,2,,Partial Service,Black,SUV,AWD,29,MI,12897
Volkswagen,Tiguan,2018,Diesel,Automatic,2.9,88817,239,218,2,0,Partial Service,Gray,SUV,AWD,28,CA,12787
Ford,Escape,2017,Petrol,Automatic,2.7,83375,197,197,1,0,Full Service,White,SUV,AWD,34,NY,11104
Volkswagen,Tiguan,2024,Petrol,Automatic,2.6,8367,215,208,1,0,Full Service,Black,SUV,RWD,34,GA,28782
Nissan,Sentra,2024,Hybrid,Automatic,1.9,100,159,151,1,,,Gray,Sedan,AWD,,,22822
Nissan,Rogue,2024,Hybrid,Automatic,2.2,1649,,154,1,0,No Service,Black,SUV,AWD,45,,23794
Audi,Q5,2018,Petrol,Automatic,3.3,78246,238,227,1,0,Partial Service,White,SUV,AWD,26,IL,23057
Hyundai,Tucson,2023,Petrol,Automatic,2.8,11496,,201,1,0,Partial Service,Gray,SUV,FWD,28,GA,23750
Toyota,Corolla,2005,Petrol,Automatic,1.8,226793,140,127,4,1,,White,Sedan,FWD,36,NY,500
Toyota,Camry,2008,Petrol,Automatic,1.7,159474,151,147,4,1,,White,Sedan,FWD,34,NY,500
Honda,CR-V,2021,Petrol,Automatic,,9861,227,223,1,0,Full Service,White,SUV,FWD,26,TX,22622
Honda,Civic,2023,Petrol,Automatic,2.2,8611,171,172,1,0,,Black,Sedan,FWD,34,OH,17489
Mercedes-Benz,E-Class,2022,Hybrid,Automatic,,27254,168,167,1,0,Partial Service,Black,Sedan,FWD,53,NY,25074
Ford,Mustang,2006,Petrol,Manual,3.2,264375,236,205,5,0,Full Service,Blue,Coupe,RWD,25,OH,500
Mercedes-Benz,GLE,2014,Petrol,Automatic,2.1,183669,157,154,1,0,,,SUV,AWD,31,,16951
Volkswagen,Golf,2006,Petrol,Manual,1.5,186977,,114,3,1,Full Service,,Hatchback,FWD,,CA,500
Chevrolet,Silverado,2021,Hybrid,Automatic,4.7,20492,344,,1,0,Partial Service,Black,Truck,4WD,,NC,27263
Volkswagen,Passat,2012,Petrol,Automatic,1.9,155356,,153,2,1,Full Service,Blue,Sedan,FWD,32,OH,1988
Ford,Escape,2015,Petrol,Automatic,2.7,94667,185,181,3,1,Partial Service,White,SUV,AWD,27,TX,5357
Volkswagen,Passat,2023,Petrol,Automatic,1.8,8139,136,137,1,0,No Service,Brown,Sedan,FWD,36,GA,21787
Chevrolet,Silverado,2023,Petrol,Automatic,5.2,18882,389,361,1,,Partial Service,Black,Truck,4WD,10,MI,30426
Volkswagen,Golf,2013,Diesel,Automatic,2.5,158156,187,172,3,0,Partial Service,Gray,Hatchback,FWD,22,FL,1281
Volkswagen,Tiguan,2005,Petrol,Automatic,2.3,243191,,194,5,0,Full Service,Brown,SUV,AWD,33,MI,500
Mercedes-Benz,E-Class,2008,Petrol,,2.2,324377,184,168,4,0,Partial Service,,Sedan,FWD,34,CA,500
Volkswagen,Atlas,2023,Diesel,,2.1,10025,171,173,1,0,,Brown,SUV,RWD,36,PA,28797
Nissan,Altima,2020,Petrol,Automatic,,50813,125,112,1,0,,Red,Sedan,FWD,42,FL,14979
Mercedes-Benz,E-Class,2020,Petrol,Automatic,2.3,77229,175,150,2,0,Partial Service,Black,Sedan,FWD,,OH,32761
Volkswagen,Tiguan,2007,Petrol,Manual,3,59706,212,197,2,1,Partial Service,,SUV,AWD,31,PA,3037
Toyota,Highlander,2006,Diesel,Automatic,3,277229,224,206,4,1,No Service,Black,SUV,FWD,28,PA,500
Audi,A6,2008,Petrol,Manual,2,100,165,150,5,0,Full Service,Blue,Sedan,FWD,35,,13498
Audi,A4,2013,Petrol,Automatic,2,159063,,148,2,0,No Service,Red,Sedan,AWD,35,CA,7469
Volkswagen,Golf,2009,Petrol,Automatic,2,76585,162,,3,1,Full Service,White,Hatchback,FWD,32,NC,2492
Nissan,Altima,2018,Diesel,,2.2,101927,185,169,3,0,,Brown,Sedan,AWD,32,PA,8465
Mercedes-Benz,E-Class,2005,Petrol,Automatic,2.1,246847,160,145,5,0,No Service,Blue,Sedan,AWD,29,,500
Chevrolet,Silverado,2017,Petrol,Automatic,3.3,17363,,,2,1,Partial Service,Brown,Truck,RWD,27,IL,15972
Honda,Civic,2010,Petrol,Manual,2.4,89534,176,,3,0,Partial Service,Green,Sedan,AWD,36,OH,2146
Volkswagen,Golf,2016,Petrol,Automatic,2.3,96652,185,163,4,0,Partial Service,Blue,Hatchback,FWD,33,NC,6750
Mercedes-Benz,C-Class,2020,Petrol,,,106471,139,125,3,1,Full Service,Brown,Sedan,FWD,37,,21598
Honda,CR-V,2007,Petrol,Manual,3.2,9504,239,231,3,1,No Service,White,SUV,AWD,28,,4615
Nissan,Pathfinder,2014,Petrol,Automatic,3,116400,241,231,3,0,Partial Service,Brown,SUV,FWD,26,NC,8480
Hyundai,Sonata,2006,Diesel,Automatic,1.7,192526,140,121,5,,Partial Service,Blue,Sedan,AWD,30,FL,500
Hyundai,Tucson,2013,Petrol,Automatic,3.4,108055,252,,2,1,,Green,SUV,RWD,27,GA,4404
Chevrolet,Equinox,2019,Petrol,Automatic,2.7,114629,204,188,2,0,Partial Service,Brown,SUV,AWD,33,TX,11738
Audi,A6,2010,Petrol,Automatic,2,296812,154,,4,1,No Service,Blue,Sedan,FWD,40,TX,1540
Volkswagen,Golf,2005,Petrol,Automatic,2.2,339945,174,,4,0,Partial Service,,Hatchback,AWD,33,FL,500
Toyota,Camry,2019,Petrol,Automatic,2.4,4528,167,167,1,1,,,Sedan,AWD,30,FL,15148
Ford,Escape,2014,Petrol,Automatic,2.8,73873,220,219,3,0,,Brown,SUV,FWD,30,IL,7730
Volkswagen,Golf,2019,Petrol,Automatic,1.5,67459,145,128,1,0,,Brown,Hatchback,FWD,36,TX,12237
Ford,Explorer,2018,Petrol,Automatic,3.3,70653,256,257,2,1,Partial Service,Green,SUV,FWD,21,NC,15252
Hyundai,Santa Fe,2006,Petrol,Automatic,3.1,263441,229,199,3,,Partial Service,White,SUV,FWD,,OH,500
Toyota,Camry,2010,Petrol,Manual,1.8,157485,158,151,3,0,Full Service,Black,Sedan,FWD,37,CA,500
Ford,F-150,2015,Petrol,Automatic,5,140732,,330,2,,Partial Service,,Truck,4WD,13,NY,6676
Ford,Explorer,2024,Petrol,,3.4,100,,215,1,0,Partial Service,Black,SUV,AWD,22,FL,35504
BMW,X3,2020,Petrol,Automatic,3,58146,235,230,2,0,Partial Service,Brown,SUV,AWD,,FL,30471
Hyundai,Tucson,2016,Petrol,Automatic,,102153,245,242,2,1,Full Service,Silver,SUV,AWD,29,MI,7234
Mercedes-Benz,GLE,2016,Hybrid,,2,59252,172,157,2,,Partial Service,Black,SUV,AWD,57,GA,22817
Nissan,Pathfinder,2017,Petrol,Automatic,2.4,95685,190,185,4,0,Full Service,White,SUV,AWD,30,PA,13284
Nissan,Altima,2012,Petrol,Automatic,2,118160,,136,3,0,Partial Service,Blue,Sedan,AWD,39,OH,2802
Chevrolet,Equinox,2010,Hybrid,Manual,,57315,262,250,2,,Partial Service,,SUV,FWD,,MI,4370
BMW,X3,2012,Petrol,,3.4,92305,250,225,3,0,Full Service,Black,SUV,AWD,30,PA,12204
Volkswagen,Atlas,2023,Petrol,Automatic,,18131,175,149,1,,,Green,SUV,AWD,32,OH,28773
Volkswagen,Golf,2007,Diesel,Automatic,1.5,166655,130,129,5,0,Partial Service,Brown,Hatchback,AWD,37,IL,500
Hyundai,Elantra,2017,Petrol,Automatic,1.7,120494,138,127,1,1,Full Service,Green,Sedan,FWD,35,MI,4909
Toyota,RAV4,2010,Petrol,,3.1,153805,248,227,2,0,,Brown,SUV,AWD,28,MI,978
Ford,Escape,2011,Petrol,Manual,2.7,243440,209,153,3,,No Service,Red,SUV,AWD,27,NC,500
Volkswagen,Atlas,2023,Electric,Automatic,0,100,239,262,1,0,Partial Service,Gray,SUV,AWD,,,30341
Ford,F-150,2020,Petrol,Automatic,5.7,100666,408,,1,0,,White,Truck,4WD,,MI,16678
Honda,Civic,2018,Petrol,,2.2,75654,164,159,1,0,No Service,Gray,Sedan,FWD,32,OH,7975
BMW,X5,2021,Hybrid,Automatic,3.3,100,254,225,1,1,,Green,SUV,AWD,47,NY,37824
Toyota,Camry,2020,Hybrid,Automatic,2.4,65645,179,,2,,Full Service,Silver,Sedan,FWD,43,CA,15153
BMW,3 Series,2018,Petrol,Automatic,2,80130,161,145,1,0,Partial Service,,Sedan,FWD,,CA,21548
Honda,Accord,2012,Petrol,Automatic,2,166989,167,137,5,1,Partial Service,Red,Sedan,AWD,29,NC,953
Mercedes-Benz,E-Class,2019,Petrol,Automatic,,66912,140,141,1,0,No Service,,Sedan,FWD,37,GA,30369
Hyundai,Santa Fe,2009,Petrol,Manual,3.3,176191,246,238,4,0,Partial Service,Red,SUV,AWD,27,FL,500
BMW,X3,2011,Petrol,,3.3,111112,,209,3,1,No Service,,SUV,AWD,21,TX,7416
Toyota,RAV4,2023,Petrol,Automatic,2.3,6161,189,174,1,0,Full Service,,SUV,AWD,38,GA,25732
Honda,Pilot,2016,Diesel,,,49579,203,192,3,,Full Service,Green,SUV,AWD,36,NC,16476
Volkswagen,Atlas,2014,Petrol,Automatic,3.3,210261,253,,3,,Full Service,Green,SUV,AWD,,NC,4164
Chevrolet,Silverado,2020,Petrol,Automatic,3.6,96935,272,253,1,0,Full Service,White,Truck,4WD,22,CA,19153
BMW,5 Series,2006,Petrol,Manual,1.5,218795,124,117,5,0,Full Service,Gray,Sedan,FWD,39,TX,1340
Volkswagen,Passat,2024,Petrol,Automatic,1.9,100,163,164,1,0,Full Service,Red,Sedan,AWD,34,,28225
Hyundai,Tucson,2010,Petrol,Manual,2.3,115061,156,136,3,0,,,SUV,AWD,32,,2019
Audi,Q5,2011,Petrol,,3.3,103513,253,246,3,1,Partial Service,,SUV,FWD,25,OH,8117
BMW,3 Series,2010,Hybrid,Automatic,1.4,69750,,109,2,,No Service,Blue,Sedan,FWD,40,NY,8554
Ford,Mustang,2008,Diesel,Manual,3.3,306980,246,,3,,Full Service,Brown,Coupe,RWD,25,NY,500
Audi,Q5,2016,Hybrid,,,126384,,167,1,0,No Service,,SUV,AWD,47,MI,14645
BMW,X5,2024,Petrol,,,6450,221,202,1,0,,Blue,SUV,AWD,27,,53992
Honda,CR-V,2024,Petrol,Automatic,3.3,3087,262,252,1,0,Full Service,Silver,SUV,FWD,21,PA,29578
Nissan,Pathfinder,2015,Petrol,Automatic,2.3,60404,181,154,2,1,,Red,SUV,AWD,34,TX,11656
Chevrolet,Tahoe,2022,Petrol,Automatic,,100,220,,1,0,No Service,,SUV,AWD,31,GA,38833
Honda,Pilot,2010,Petrol,Automatic,,139651,215,208,4,1,Partial Service,Brown,SUV,FWD,17,,3454
Nissan,Pathfinder,2024,Petrol,Automatic,3.5,3312,256,246,1,0,Full Service,Brown,SUV,AWD,23,FL,36230
Honda,Pilot,2014,Petrol,Automatic,2.2,68295,164,152,2,1,Full Service,,SUV,RWD,37,,10887
Audi,A4,2010,Petrol,Automatic,2.2,250287,193,181,3,,,White,Sedan,FWD,35,MI,500
Hyundai,Santa Fe,2010,Petrol,Automatic,3.3,283958,,229,5,0,Partial Service,Blue,SUV,FWD,33,FL,500
Mercedes-Benz,GLE,2016,Hybrid,Automatic,2.9,132732,199,173,2,1,Partial Service,Silver,SUV,FWD,45,,20832
Nissan,Altima,2018,Petrol,,1.5,87432,116,,3,,,Green,Sedan,AWD,34,IL,10389
Volkswagen,Golf,2016,Hybrid,,2.4,84334,189,180,3,1,Partial Service,Black,Hatchback,FWD,53,TX,5705
Audi,Q7,2008,Hybrid,Manual,3.4,134020,261,246,5,1,Partial Service,Gray,SUV,AWD,38,GA,6754
Mercedes-Benz,GLE,2011,Hybrid,Automatic,2.2,100,,180,2,0,No Service,Blue,SUV,FWD,49,GA,19678
Honda,Civic,2013,Petrol,Automatic,2.3,159818,181,162,3,0,Full Service,,Sedan,FWD,26,NY,500
Volkswagen,Passat,2006,Petrol,Automatic,2.3,325734,179,177,4,1,Partial Service,,Sedan,FWD,31,,500
Volkswagen,Tiguan,2009,Petrol,Automatic,2.8,179342,224,213,5,1,No Service,Blue,SUV,AWD,,,500
Honda,Civic,2023,Petrol,Automatic,2.2,13866,158,140,1,0,,Green,Sedan,FWD,33,OH,18554
Volkswagen,Passat,2009,Petrol,,2.4,167617,186,178,3,0,Full Service,Red,Sedan,FWD,,FL,500
Ford,Escape,2024,Petrol,,2.1,100,,143,1,0,Partial Service,Gray,SUV,AWD,35,,26311
Honda,CR-V,2021,Hybrid,Automatic,2.8,34443,217,197,1,0,Full Service,Silver,SUV,AWD,52,NY,21992
Nissan,Rogue,2012,Petrol,Automatic,2.3,212110,171,154,3,0,,Silver,SUV,RWD,35,MI,500
Honda,CR-V,2007,Petrol,Automatic,,198300,257,255,4,1,Partial Service,Silver,SUV,AWD,,OH,500
Volkswagen,Atlas,2020,Petrol,Automatic,2,48416,144,131,1,0,Partial Service,Blue,SUV,FWD,31,GA,22333
Toyota,Highlander,2017,Electric,Automatic,0,117937,403,443,3,1,Partial Service,,SUV,AWD,99,,11599
Nissan,Rogue,2005,Petrol,Automatic,,131327,,181,4,1,Full Service,Black,SUV,AWD,34,,500
Chevrolet,Silverado,2018,Petrol,,4.9,25884,369,355,2,0,Full Service,Blue,Truck,4WD,12,MI,19166
Toyota,RAV4,2024,Diesel,Automatic,3.4,1502,235,224,1,0,,Green,SUV,AWD,,OH,29203
Toyota,Camry,2019,Hybrid,Automatic,1.9,98079,158,137,1,0,Partial Service,Black,Sedan,FWD,48,,11280
Ford,Escape,2006,Hybrid,Manual,,168594,,154,5,0,Full Service,,SUV,FWD,39,OH,500
BMW,5 Series,2011,Petrol,Automatic,2.2,280918,180,183,3,0,,Red,Sedan,FWD,34,PA,4603
Volkswagen,Passat,2009,Petrol,Automatic,2.4,176264,210,194,5,1,No Service,Black,Sedan,FWD,34,NC,500
BMW,5 Series,2021,Petrol,Automatic,,58657,128,132,1,0,Full Service,White,Sedan,FWD,,NY,41723
Hyundai,Elantra,2014,Petrol,,1.9,109791,149,,1,,Full Service,Black,Sedan,AWD,41,GA,3389
Toyota,Highlander,2012,Petrol,,2.3,108337,197,193,4,0,,Silver,SUV,FWD,33,,7741
Honda,Civic,2014,Petrol,Automatic,1.6,158227,144,135,1,,Full Service,Silver,Sedan,FWD,39,GA,1153
Hyundai,Santa Fe,2014,Petrol,,,78008,232,215,3,0,,Blue,SUV,AWD,30,OH,8351
Hyundai,Santa Fe,2006,Petrol,Automatic,2.9,166513,225,220,3,0,,,SUV,AWD,23,OH,500
BMW,X3,2017,Petrol,Automatic,2.4,132326,182,,2,0,Full Service,Gray,SUV,AWD,,,18306
Toyota,RAV4,2015,Petrol,,3.3,91491,236,235,1,0,Full Service,Blue,SUV,AWD,24,,9100
Volkswagen,Passat,2006,Petrol,Automatic,2.4,381190,184,186,4,1,Partial Service,Silver,Sedan,FWD,33,CA,500
Ford,F-150,2011,Petrol,,3.3,201274,258,247,3,1,Full Service,,Truck,4WD,30,NC,631
Volkswagen,Tiguan,2011,Petrol,Automatic,2.3,138934,184,,3,0,No Service,,SUV,RWD,34,,2226
Volkswagen,Tiguan,2011,Petrol,Automatic,3.1,55084,245,235,5,,Full Service,Gray,SUV,AWD,24,NC,6499
Nissan,Sentra,2018,Diesel,Automatic,,63652,150,130,2,0,Partial Service,Brown,Sedan,FWD,32,FL,8499
Hyundai,Sonata,2011,Petrol,Automatic,1.5,133301,120,119,3,0,Partial Service,Red,Sedan,FWD,38,MI,1266
Toyota,Corolla,2010,Petrol,Automatic,2,58076,147,149,4,1,Partial Service,Gray,Sedan,FWD,34,TX,2799
Audi,A4,2015,Petrol,Automatic,2.3,100,184,161,1,,Full Service,,Sedan,FWD,30,GA,19150
Ford,Escape,2014,Petrol,Automatic,2.3,191324,,,2,1,Partial Service,Black,SUV,AWD,,GA,1490
Chevrolet,Silverado,2015,Petrol,Automatic,4,113705,301,277,3,0,Partial Service,,Truck,4WD,15,,10241
Mercedes-Benz,C-Class,2014,Diesel,Automatic,2.3,148758,183,,2,1,,White,Sedan,FWD,28,,9306
Audi,Q7,2017,Petrol,Automatic,2.3,93024,168,165,1,1,No Service,,SUV,AWD,33,TX,20727
Toyota,RAV4,2008,Petrol,Automatic,2.9,217317,,,4,0,Partial Service,Red,SUV,AWD,23,IL,500
Volkswagen,Golf,2010,Petrol,Automatic,2.2,147269,,171,3,1,,,Hatchback,FWD,32,,500
Ford,Escape,2019,Petrol,Automatic,2.2,56285,191,,1,1,Partial Service,White,SUV,AWD,33,IL,11593
Chevrolet,Silverado,2015,Hybrid,Automatic,,84196,367,,4,0,No Service,Black,Truck,4WD,,TX,9443
BMW,X5,2013,Petrol,Automatic,2.9,182154,231,210,2,1,No Service,White,SUV,AWD,27,IL,12359
Ford,Mustang,2013,Petrol,,2.9,68439,220,193,3,0,Full Service,Gray,Coupe,RWD,30,OH,7585
Toyota,Highlander,2007,Petrol,Automatic,3.4,33632,264,243,2,1,Full Service,Brown,SUV,AWD,19,,5799
Audi,Q5,2014,Petrol,Automatic,2.2,83853,172,171,3,0,No Service,Gray,SUV,AWD,33,NC,12786
Volkswagen,Passat,2018,Petrol,Automatic,1.6,77287,124,127,1,0,Full Service,Brown,Sedan,FWD,40,,13085
Audi,A4,2011,Petrol,Automatic,2.3,117674,178,187,2,0,Full Service,Red,Sedan,AWD,28,TX,7933
Nissan,Rogue,2016,Petrol,Automatic,3.4,121738,249,245,1,0,Full Service,Blue,SUV,AWD,,FL,8632
Honda,Pilot,2006,Petrol,Automatic,2.5,328633,206,193,5,1,No Service,White,SUV,RWD,30,PA,500
Volkswagen,Tiguan,2009,Petrol,Automatic,,209756,213,198,5,0,No Service,Green,SUV,AWD,31,,500
BMW,3 Series,2021,Petrol,Automatic,,36185,178,,1,0,Full Service,Red,Sedan,AWD,30,NC,31496
Nissan,Sentra,2015,Petrol,Automatic,2.3,68206,181,158,2,1,Partial Service,Green,Sedan,FWD,,CA,5342
Mercedes-Benz,E-Class,2019,Diesel,Automatic,2.3,100,169,161,1,,No Service,,Sedan,FWD,33,MI,31511
Toyota,RAV4,2019,Petrol,Automatic,2.6,64621,,,2,1,Partial Service,Black,SUV,AWD,30,NC,13719
Hyundai,Santa Fe,2017,Hybrid,Automatic,2.7,50031,224,217,2,0,Partial Service,Gray,SUV,AWD,47,MI,15045
BMW,5 Series,2006,Petrol,Automatic,1.8,67658,,150,4,1,Partial Service,Red,Sedan,FWD,34,NY,7191
Nissan,Altima,2010,Diesel,Manual,1.9,100,160,127,4,1,Full Service,Black,Sedan,FWD,32,NC,6669
Chevrolet,Malibu,2019,Petrol,Automatic,1.8,45029,150,,2,,No Service,Blue,Sedan,FWD,,NC,12051
Nissan,Rogue,2016,Petrol,Automatic,2.8,103693,217,203,2,1,Full Service,,SUV,AWD,24,PA,7505
Hyundai,Santa Fe,2023,Hybrid,Automatic,,8942,192,171,1,1,Full Service,White,SUV,AWD,47,OH,27871
Nissan,Sentra,2017,Electric,Automatic,0,73378,324,356,2,1,Full Service,Blue,Sedan,FWD,106,PA,6646
BMW,X5,2016,Petrol,Automatic,3.3,118712,246,,1,0,Partial Service,Brown,SUV,AWD,30,TX,25733
Audi,A4,2010,Petrol,Automatic,1.5,23590,123,118,4,,Full Service,,Sedan,FWD,39,OH,10877
Honda,Pilot,2021,Diesel,Automatic,3.3,33377,,,1,,,Blue,SUV,AWD,27,MI,24223
Volkswagen,Passat,2013,Petrol,,1.7,74410,148,,4,1,Full Service,Green,Sedan,FWD,39,PA,6130
Nissan,Rogue,2011,Petrol,Automatic,3.4,100,257,,2,0,Full Service,,SUV,AWD,23,CA,9484
Honda,Civic,2007,Petrol,Automatic,2.3,330282,,,4,1,Partial Service,Red,Sedan,FWD,31,CA,500
Hyundai,Tucson,2019,Petrol,Automatic,3.4,24960,257,240,1,1,,Red,SUV,AWD,25,NC,12964
Volkswagen,Atlas,2021,Hybrid,,3.3,49390,228,228,1,,Partial Service,Silver,SUV,AWD,34,PA,23824
Audi,A4,2013,Petrol,Automatic,1.8,82529,138,130,3,1,Full Service,,Sedan,FWD,33,NY,15590
Hyundai,Elantra,2011,Petrol,Manual,2.4,126115,177,179,4,0,No Service,Black,Sedan,FWD,35,NY,500
Chevrolet,Tahoe,2020,Petrol,Automatic,,23301,181,171,2,0,Partial Service,Silver,SUV,AWD,34,,33112
Audi,Q7,2012,Diesel,,3,132253,,232,1,,No Service,Blue,SUV,AWD,26,MI,12683
Honda,Accord,2006,Petrol,Automatic,,340036,138,141,4,1,Partial Service,Black,Sedan,FWD,31,,500
Honda,Civic,2011,Petrol,Automatic,2.1,104691,157,151,4,1,Partial Service,Red,Sedan,FWD,35,MI,1625
BMW,3 Series,2013,Petrol,Automatic,,155954,,156,3,1,Partial Service,Blue,Sedan,FWD,36,GA,7198
Chevrolet,Silverado,2008,Petrol,,4.1,362985,299,260,3,1,,Green,Truck,4WD,19,TX,500
BMW,5 Series,2011,Petrol,,2.1,228371,162,,3,1,Partial Service,Blue,Sedan,AWD,30,PA,6153
Ford,F-150,2021,Petrol,Automatic,,25802,307,268,1,1,Partial Service,Blue,Truck,4WD,,TX,19860
Hyundai,Elantra,2013,Petrol,,2.5,143705,195,188,3,1,,Red,Sedan,FWD,34,,580
Nissan,Altima,2022,Petrol,Automatic,2.5,3553,187,177,1,0,Full Service,Black,Sedan,FWD,23,OH,19546
Hyundai,Elantra,2014,Petrol,Automatic,1.8,169627,139,,4,0,No Service,Gray,Sedan,FWD,36,GA,500
Toyota,Corolla,2021,Petrol,,1.7,40684,132,133,1,0,No Service,Gray,Sedan,FWD,37,TX,12216
Honda,Civic,2010,Petrol,Automatic,2,213317,160,,3,0,,,Sedan,FWD,30,IL,500
Hyundai,Santa Fe,2024,Diesel,Automatic,2.4,868,172,166,1,0,No Service,Green,SUV,AWD,30,OH,27691
Hyundai,Sonata,2014,Petrol,,2.3,83755,183,178,3,1,,Brown,Sedan,FWD,36,,4608
Ford,F-150,2013,Petrol,Automatic,5.3,164001,393,381,2,0,Partial Service,Green,Truck,4WD,10,NY,4201
Ford,Escape,2007,Diesel,Automatic,2.7,171511,203,196,5,0,,Brown,SUV,AWD,29,,500
Mercedes-Benz,GLE,2015,Petrol,Automatic,3.3,73821,244,235,2,,Full Service,White,SUV,AWD,22,NC,22824
Volkswagen,Passat,2015,Hybrid,Automatic,,99860,,,1,0,No Service,Red,Sedan,FWD,54,GA,11104
Volkswagen,Golf,2014,Petrol,Automatic,,33915,182,171,2,0,Partial Service,Red,Hatchback,FWD,34,NY,8144
Chevrolet,Tahoe,2024,Diesel,Automatic,2.9,100,230,216,1,,Partial Service,White,SUV,AWD,24,MI,50681
Volkswagen,Tiguan,2016,Hybrid,Automatic,3.4,74150,238,225,1,0,No Service,Green,SUV,AWD,44,NC,9293
Chevrolet,Malibu,2015,Petrol,Automatic,1.7,86318,114,132,2,1,Partial Service,Red,Sedan,FWD,39,FL,5952
Toyota,Corolla,2012,Petrol,Automatic,1.6,106242,126,122,2,1,,Gray,Sedan,FWD,,NC,1652
Audi,Q7,2012,Petrol,Automatic,2.1,79322,176,163,2,0,Full Service,Blue,SUV,AWD,35,GA,16835
Honda,CR-V,2019,Petrol,Automatic,3.3,89749,249,231,1,0,Partial Service,Brown,SUV,AWD,28,FL,14220
Audi,A4,2015,Petrol,Automatic,1.5,70759,119,123,2,0,No Service,Blue,Sedan,FWD,38,OH,13930
Volkswagen,Tiguan,2022,Electric,Automatic,0,32645,316,,1,0,Partial Service,Silver,SUV,FWD,123,MI,22097
BMW,5 Series,2011,Petrol,Manual,1.4,137764,139,150,1,0,No Service,,Sedan,FWD,36,,9808
Honda,Accord,2023,Electric,Automatic,0,100,184,202,1,0,Full Service,Red,Sedan,AWD,112,OH,25510
Hyundai,Santa Fe,2019,Petrol,,2.2,44255,190,,1,0,No Service,Green,SUV,AWD,36,OH,16884
BMW,X3,2016,Petrol,,2.8,93051,217,195,1,,Partial Service,Black,SUV,AWD,,IL,15630
Hyundai,Elantra,2023,Petrol,Automatic,2.5,4062,199,,1,,Partial Service,Blue,Sedan,FWD,29,MI,20035
Nissan,Rogue,2016,Hybrid,Automatic,2.5,45381,178,183,1,1,,Silver,SUV,AWD,41,NY,10212
BMW,3 Series,2019,Petrol,,2,45327,162,158,1,1,No Service,Green,Sedan,FWD,31,PA,18864
Hyundai,Tucson,2017,Petrol,Automatic,3.4,94902,251,247,2,0,,Brown,SUV,AWD,25,,8391
Volkswagen,Atlas,2021,Petrol,Automatic,2.9,51182,214,202,1,0,,Green,SUV,AWD,23,PA,24152
Audi,Q7,2021,Petrol,Automatic,2.5,32989,179,183,1,0,Full Service,,SUV,AWD,33,CA,48077
BMW,3 Series,2016,Hybrid,Automatic,2.3,137848,,183,2,0,No Service,Brown,Sedan,AWD,51,IL,11978
Honda,Accord,2014,Petrol,Automatic,2.4,166551,199,196,3,,Partial Service,Blue,Sedan,AWD,31,MI,2269
BMW,3 Series,2005,Petrol,,,183829,129,121,5,0,No Service,Black,Sedan,FWD,40,NY,500
Audi,A6,2006,Petrol,,2.1,182463,167,164,5,0,Partial Service,Gray,Sedan,FWD,34,,3018
Nissan,Sentra,2010,Petrol,Automatic,1.7,129644,133,126,2,1,Full Service,Black,Sedan,AWD,36,MI,500
Chevrolet,Tahoe,2008,Petrol,Manual,3.3,187195,239,,4,,Full Service,Gray,SUV,AWD,19,MI,3171
BMW,X5,2008,Petrol,Manual,3.5,241550,,261,2,1,Partial Service,Brown,SUV,AWD,,,2935
BMW,5 Series,2013,Diesel,Automatic,2.1,116801,181,173,1,,Full Service,White,Sedan,FWD,,NC,15776
Nissan,Rogue,2009,Diesel,,2.4,65574,183,177,4,,,Red,SUV,AWD,28,NC,3837
BMW,3 Series,2024,Petrol,Automatic,1.5,992,114,106,1,,,,Sedan,FWD,38,OH,45335
Toyota,RAV4,2016,Petrol,,2.1,68937,167,151,4,1,,Red,SUV,RWD,37,NC,9077
Audi,A4,2023,Petrol,Automatic,1.5,29020,124,105,1,0,,Green,Sedan,AWD,40,MI,33806
Hyundai,Elantra,2014,Hybrid,Automatic,2.4,118909,,159,3,1,Full Service,Brown,Sedan,AWD,45,,2407
Toyota,Camry,2007,Petrol,,1.6,157072,138,154,3,1,Partial Service,Blue,Sedan,FWD,36,FL,500
Volkswagen,Golf,2007,Petrol,Automatic,2.5,170266,200,208,3,1,Full Service,,Hatchback,FWD,29,NY,500
Audi,Q5,2006,Petrol,,2.4,147282,194,185,4,0,Partial Service,Red,SUV,FWD,35,OH,2350
Honda,Accord,2005,Petrol,Automatic,1.9,239652,147,136,4,,No Service,Silver,Sedan,FWD,39,TX,500
Honda,Pilot,2021,Petrol,Automatic,2.9,30001,213,193,1,0,Full Service,Blue,SUV,AWD,23,IL,27589
Toyota,Highlander,2022,Petrol,Automatic,3,44967,243,223,1,0,Full Service,Black,SUV,FWD,21,MI,28369
Chevrolet,Malibu,2021,Petrol,Automatic,1.8,26424,149,128,1,1,Full Service,Red,Sedan,FWD,42,GA,15098
Nissan,Pathfinder,2012,Diesel,Automatic,2,127837,153,138,3,1,Partial Service,Red,SUV,AWD,42,NY,4630
Volkswagen,Passat,2009,Petrol,Automatic,1.8,234137,146,,4,0,Partial Service,Green,Sedan,AWD,34,,500
BMW,X5,2007,Petrol,Automatic,2.1,110689,171,158,4,1,,Gray,SUV,FWD,32,,7493
Ford,Escape,2021,Petrol,Automatic,,39530,235,,1,0,Partial Service,,SUV,AWD,32,NC,17508
Honda,Accord,2024,Petrol,Automatic,,1054,191,,1,0,Partial Service,Black,Sedan,FWD,32,PA,25606
Chevrolet,Malibu,2014,Petrol,,,244583,165,163,2,0,Full Service,Gray,Sedan,FWD,37,TX,500
Audi,Q7,2008,Petrol,Automatic,2.3,385842,180,169,3,0,Full Service,Red,SUV,AWD,31,TX,500
Ford,Explorer,2018,Diesel,Automatic,3.2,110900,245,219,2,0,Full Service,Red,SUV,FWD,26,MI,14873
Mercedes-Benz,E-Class,2011,Petrol,,1.4,102661,132,146,5,0,Full Service,Green,Sedan,FWD,28,,13690
Volkswagen,Passat,2009,Petrol,Automatic,1.7,89926,145,,4,1,,,Sedan,FWD,,GA,2521
Hyundai,Sonata,2015,Diesel,Automatic,,48807,,141,2,,Full Service,Green,Sedan,FWD,41,GA,9456
Nissan,Pathfinder,2017,Petrol,Automatic,,126339,165,160,1,,No Service,Green,SUV,FWD,30,TX,11908
BMW,X3,2010,Petrol,,2.8,212070,230,207,4,0,Partial Service,White,SUV,FWD,29,NY,3404
Nissan,Pathfinder,2023,Diesel,,3.4,8492,248,237,1,0,Full Service,Gray,SUV,AWD,25,FL,34584
Hyundai,Sonata,2016,Hybrid,Automatic,1.6,94894,140,120,2,1,Full Service,Gray,Sedan,FWD,53,TX,5656
Honda,Accord,2021,Petrol,Automatic,1.6,48698,155,149,1,0,Full Service,Red,Sedan,FWD,36,MI,17361
Ford,Escape,2023,Electric,Automatic,0,1338,303,333,1,0,Full Service,Blue,SUV,FWD,122,GA,25864
BMW,X5,2005,Petrol,Automatic,3.1,245797,232,,5,1,Partial Service,Black,SUV,AWD,24,,500
Honda,Accord,2012,Diesel,Automatic,,75568,141,128,3,1,Partial Service,Black,Sedan,FWD,39,NC,4569
Toyota,Camry,2020,Petrol,,2.3,84030,170,159,1,,Partial Service,Black,Sedan,AWD,35,IL,13890
Chevrolet,Malibu,2022,Petrol,Automatic,2.4,41484,183,171,1,,Partial Service,Blue,Sedan,FWD,30,NC,15502
BMW,X5,2011,Petrol,Automatic,,128350,160,168,5,0,Full Service,Brown,SUV,AWD,33,OH,12941
Volkswagen,Atlas,2010,Petrol,Manual,3.1,119324,225,197,4,1,No Service,Black,SUV,AWD,26,MI,3220
Chevrolet,Tahoe,2009,Petrol,Automatic,3.2,190460,211,221,3,0,Partial Service,Silver,SUV,AWD,27,NY,4407
Hyundai,Santa Fe,2021,Petrol,Automatic,2,23245,163,148,1,0,Full Service,Red,SUV,RWD,38,TX,23641
BMW,X3,2020,Petrol,Automatic,2.3,62820,180,189,3,,Partial Service,,SUV,RWD,34,CA,30446
Nissan,Pathfinder,2010,Petrol,,,181903,214,209,2,,Partial Service,Green,SUV,AWD,31,NY,1235
Ford,F-150,2006,Petrol,,,184644,301,277,4,0,Partial Service,Black,Truck,4WD,22,IL,500
Toyota,Camry,2018,Hybrid,Automatic,2.1,110950,,150,2,0,Partial Service,Red,Sedan,FWD,46,TX,9066
Hyundai,Santa Fe,2012,Petrol,Automatic,2.9,248138,242,220,2,0,Partial Service,Black,SUV,RWD,27,TX,500
Hyundai,Elantra,2019,Petrol,Automatic,2.1,46473,166,162,1,1,Partial Service,,Sedan,FWD,33,OH,9128
Mercedes-Benz,GLC,2022,Petrol,Automatic,3.2,15386,,226,1,0,No Service,White,SUV,AWD,30,GA,34412
Volkswagen,Atlas,2012,Petrol,Automatic,,111304,163,,4,1,Partial Service,Black,SUV,AWD,34,NC,5504
Honda,Civic,2008,Petrol,Automatic,2,363742,175,169,3,0,No Service,Blue,Sedan,FWD,34,CA,500
Ford,Escape,2024,Petrol,,2,100,157,131,1,0,Partial Service,Brown,SUV,AWD,36,IL,24483
Audi,A6,2023,Petrol,Automatic,1.7,11318,148,135,1,0,Partial Service,Green,Sedan,FWD,32,NY,45614
Chevrolet,Silverado,2017,Petrol,Automatic,,100,240,229,1,1,Partial Service,Blue,Truck,4WD,28,,16209
Mercedes-Benz,GLE,2022,Petrol,Automatic,2.5,27453,204,,1,0,Partial Service,Red,SUV,FWD,37,TX,52963
Hyundai,Sonata,2011,Petrol,Manual,1.5,154757,128,123,5,0,Full Service,,Sedan,FWD,35,OH,500
Chevrolet,Equinox,2011,Petrol,Automatic,2.3,121647,179,165,4,1,Full Service,White,SUV,AWD,37,CA,2376
Honda,Accord,2013,Petrol,Automatic,2,228581,,167,3,0,,Silver,Sedan,FWD,37,TX,500
Ford,Explorer,2017,Petrol,Automatic,3.3,79930,237,219,2,0,Partial Service,Blue,SUV,AWD,22,NC,15053
Toyota,Highlander,2013,Petrol,Automatic,2.8,69679,224,215,3,1,Partial Service,Red,SUV,FWD,32,NC,8654
BMW,X5,2005,Petrol,Automatic,2.9,109740,228,220,4,0,No Service,Gray,SUV,AWD,32,OH,6246
Nissan,Altima,2018,Petrol,Automatic,,42162,135,109,2,0,Full Service,Blue,Sedan,AWD,36,IL,13251
Honda,Accord,2013,Hybrid,,2.2,204641,176,156,4,1,,Green,Sedan,AWD,55,,500
Hyundai,Elantra,2005,Petrol,,,213396,118,118,5,0,Partial Service,,Sedan,FWD,36,TX,500
Nissan,Sentra,2021,Petrol,,,65417,,129,1,0,No Service,Blue,Sedan,AWD,,FL,11359
Volkswagen,Tiguan,2015,Petrol,Automatic,2.1,206856,,,3,0,Full Service,,SUV,AWD,34,MI,2726
Honda,Accord,2014,Petrol,Automatic,2.4,122454,182,172,2,0,Partial Service,White,Sedan,FWD,26,,5509
Toyota,Corolla,2023,Diesel,Automatic,1.6,17315,,106,1,0,Full Service,Black,Sedan,FWD,37,OH,20342
Mercedes-Benz,C-Class,2019,Diesel,Automatic,1.6,114106,125,107,1,1,Partial Service,Black,Sedan,FWD,31,OH,18417
Ford,Explorer,2010,Petrol,Automatic,3.2,221799,,240,5,,Partial Service,White,SUV,FWD,,OH,500
Ford,Explorer,2007,Petrol,Automatic,2.2,151630,172,158,5,0,Full Service,Brown,SUV,AWD,32,PA,610
Toyota,Corolla,2019,Petrol,Automatic,2.1,80801,166,173,2,1,No Service,Blue,Sedan,FWD,33,MI,6994
Nissan,Sentra,2015,Petrol,Automatic,1.6,107923,138,,2,1,No Service,,Sedan,FWD,41,TX,3080
Toyota,RAV4,2008,Petrol,Manual,2.7,237221,208,204,3,1,Full Service,Brown,SUV,FWD,26,MI,500
Toyota,Camry,2008,Petrol,,1.6,195517,133,120,5,0,,,Sedan,FWD,37,,500
Hyundai,Elantra,2017,Hybrid,,2.3,118503,191,199,2,,Full Service,White,Sedan,FWD,51,GA,5448
Honda,Civic,2007,Petrol,Automatic,,293909,171,172,3,0,Full Service,Brown,Sedan,FWD,32,NY,500
Ford,Escape,2006,Petrol,Automatic,2.5,81634,200,196,4,1,Full Service,Blue,SUV,AWD,39,GA,1508
Volkswagen,Passat,2014,Petrol,Automatic,,10594,159,138,1,0,Full Service,Black,Sedan,FWD,34,GA,11717
Nissan,Altima,2016,Petrol,Automatic,2.3,45083,175,181,1,0,Full Service,Blue,Sedan,FWD,34,NY,10699
Honda,Pilot,2010,Petrol,Manual,2.9,172521,220,195,4,0,Partial Service,Gray,SUV,AWD,26,PA,2520
Volkswagen,Atlas,2018,Diesel,Automatic,2.1,81761,154,136,2,0,Full Service,White,SUV,FWD,33,GA,17547
Chevrolet,Silverado,2021,Petrol,Automatic,3.2,18137,240,220,1,0,Partial Service,Black,Truck,4WD,,MI,28622
Mercedes-Benz,GLE,2020,Petrol,,2.4,77935,187,158,1,0,,Blue,SUV,FWD,33,NC,35092
Mercedes-Benz,C-Class,2021,Petrol,,2.4,100,149,152,1,0,Partial Service,Green,Sedan,FWD,27,TX,34464
Hyundai,Santa Fe,2023,Hybrid,Automatic,,100,223,,1,0,Partial Service,,SUV,AWD,33,,31604
BMW,X5,2019,Petrol,Automatic,2.3,47233,182,,3,0,,White,SUV,AWD,30,,37260
Toyota,RAV4,2015,Hybrid,,2.4,65689,178,182,2,0,Full Service,Blue,SUV,RWD,42,NC,10031
Mercedes-Benz,E-Class,2019,Petrol,Automatic,1.7,17438,141,141,2,0,Full Service,Brown,Sedan,FWD,,,36494
BMW,3 Series,2019,Petrol,,,47139,167,155,1,1,Partial Service,Silver,Sedan,FWD,,OH,19419
Volkswagen,Golf,2007,Petrol,Automatic,1.5,78207,111,100,3,1,,Blue,Hatchback,FWD,37,NY,1406
BMW,3 Series,2020,Petrol,Automatic,2,60096,,150,1,0,Full Service,Blue,Sedan,FWD,32,NC,26524
Hyundai,Tucson,2021,Petrol,Automatic,2,51837,158,146,1,0,Full Service,White,SUV,AWD,33,NC,18604
Nissan,Altima,2015,Diesel,Automatic,2.3,87745,181,166,2,0,,Green,Sedan,FWD,33,IL,6047
Volkswagen,Passat,2023,Petrol,,,100,130,108,1,0,,Brown,Sedan,FWD,38,GA,22813
Mercedes-Benz,E-Class,2021,Electric,Automatic,0,26582,,,1,0,No Service,White,Sedan,FWD,112,OH,39783
Hyundai,Tucson,2013,Diesel,Automatic,2.9,132322,224,,2,,,Gray,SUV,FWD,29,MI,2856
Nissan,Rogue,2012,Petrol,Automatic,,150333,154,158,2,1,Partial Service,Silver,SUV,AWD,34,FL,2032
Honda,Accord,2018,Hybrid,Automatic,2,50051,159,172,1,,Full Service,Green,Sedan,FWD,49,CA,11798
Ford,Explorer,2011,Petrol,Manual,2,145128,152,145,5,1,Partial Service,,SUV,AWD,35,IL,3472
Chevrolet,Malibu,2022,Petrol,Automatic,2.1,21070,,,1,0,,Blue,Sedan,FWD,34,IL,18683
Nissan,Rogue,2006,Petrol,Automatic,,276898,201,197,4,,Full Service,,SUV,AWD,29,TX,500
Volkswagen,Passat,2017,Petrol,Automatic,2.3,84428,178,185,4,0,Full Service,Green,Sedan,FWD,33,,10982
BMW,5 Series,2006,Petrol,Automatic,1.6,160791,137,,4,,No Service,Silver,Sedan,FWD,37,TX,2925
Volkswagen,Tiguan,2020,Petrol,Automatic,3.5,98226,256,236,3,0,Full Service,Green,SUV,AWD,24,FL,15519
Chevrolet,Silverado,2006,Hybrid,Automatic,4.5,111895,,326,4,0,Partial Service,Silver,Truck,4WD,,CA,1987
Hyundai,Elantra,2007,Petrol,Automatic,,94931,117,136,4,1,Partial Service,Silver,Sedan,FWD,38,TX,500
Toyota,Highlander,2006,Petrol,Manual,2.6,352984,196,174,4,0,Partial Service,,SUV,AWD,37,GA,500
Chevrolet,Malibu,2005,Petrol,Automatic,1.9,536731,157,,3,1,Partial Service,Black,Sedan,FWD,35,,500
Audi,Q5,2023,Hybrid,Automatic,3.3,11016,261,256,1,0,Partial Service,White,SUV,AWD,40,TX,40339
Mercedes-Benz,C-Class,2008,Diesel,Manual,2.3,157719,191,174,4,1,Partial Service,Brown,Sedan,FWD,29,OH,2605
Audi,Q7,2005,Petrol,Manual,,242555,242,229,3,1,Full Service,Black,SUV,FWD,,FL,500
Audi,Q5,2007,Petrol,Automatic,3.4,264001,254,232,3,1,Full Service,,SUV,AWD,24,NY,500
Toyota,Highlander,2009,Petrol,,3.2,185294,243,214,4,1,,Brown,SUV,AWD,30,CA,678
Ford,Mustang,2019,Petrol,Automatic,3.3,6563,255,228,1,1,Partial Service,Green,Coupe,AWD,21,FL,15546
Hyundai,Sonata,2020,Petrol,,1.9,48481,164,149,1,0,Full Service,White,Sedan,FWD,34,TX,15739
Volkswagen,Golf,2011,Petrol,Automatic,2.1,207039,,,3,,Partial Service,Blue,Hatchback,AWD,,PA,500
Chevrolet,Silverado,2007,Petrol,Automatic,3.8,343660,276,265,4,1,Full Service,Green,Truck,4WD,,TX,500
Ford,F-150,2006,Hybrid,Manual,5,172412,383,364,5,0,Partial Service,White,Truck,4WD,27,GA,500
Audi,Q5,2015,Diesel,Automatic,2.8,207163,207,185,4,1,Partial Service,Red,SUV,FWD,30,TX,8892
Hyundai,Santa Fe,2006,Petrol,Manual,2.6,372030,195,,3,0,No Service,Brown,SUV,AWD,29,,500
Chevrolet,Equinox,2022,Petrol,Automatic,3.2,36710,246,230,1,0,Partial Service,Brown,SUV,AWD,26,IL,20398
Ford,Mustang,2023,Petrol,Automatic,3.8,14917,285,265,1,0,Partial Service,White,Coupe,RWD,18,OH,24546
Toyota,RAV4,2021,Electric,Automatic,,21434,319,350,1,0,Full Service,Blue,SUV,AWD,110,GA,24462
Chevrolet,Silverado,2023,Petrol,Automatic,4,12497,298,263,1,0,No Service,Green,Truck,4WD,21,,27171
Volkswagen,Tiguan,2013,Petrol,Automatic,3,227611,236,222,3,1,Full Service,Black,SUV,AWD,23,NC,500
Toyota,Highlander,2014,Petrol,Automatic,2.7,213311,207,190,2,1,Partial Service,Red,SUV,AWD,,NY,4048
Chevrolet,Malibu,2021,Petrol,,1.6,41309,130,109,1,1,Partial Service,White,Sedan,AWD,33,PA,12559
Toyota,Camry,2005,Petrol,Manual,2.5,163908,195,177,5,1,Partial Service,Brown,Sedan,FWD,34,,500
Mercedes-Benz,C-Class,2020,Petrol,Automatic,,42434,133,139,1,0,Full Service,Silver,Sedan,FWD,37,NC,26374
Volkswagen,Tiguan,2023,Petrol,Automatic,,32674,214,,1,,Partial Service,White,SUV,AWD,24,,23744
Mercedes-Benz,GLC,2024,Petrol,,3.5,14308,275,263,1,0,Partial Service,Gray,SUV,AWD,22,PA,44308
Hyundai,Elantra,2018,Hybrid,,2.5,58431,208,,3,,,Brown,Sedan,AWD,40,CA,9381
Toyota,Corolla,2024,Petrol,Automatic,1.5,5598,,,1,,Full Service,,Sedan,FWD,42,IL,20718
Audi,Q7,2018,Hybrid,,2.6,83224,,229,3,,Partial Service,Red,SUV,AWD,37,TX,31050
Mercedes-Benz,GLC,2011,Petrol,Automatic,,153847,198,193,2,0,No Service,Gray,SUV,FWD,30,OH,7122
Nissan,Altima,2012,Diesel,Automatic,,59898,158,142,2,0,Partial Service,Brown,Sedan,AWD,32,OH,5935
BMW,5 Series,2018,Petrol,Automatic,2.3,121164,175,171,1,1,Partial Service,Black,Sedan,AWD,29,CA,22139
Nissan,Sentra,2020,Petrol,,1.8,52258,145,129,2,0,,Brown,Sedan,FWD,38,CA,11417
Toyota,RAV4,2017,Diesel,Automatic,2.8,65566,212,210,2,0,Full Service,White,SUV,FWD,28,MI,12091
Honda,CR-V,2022,Petrol,Automatic,,37814,174,169,1,0,Full Service,Blue,SUV,FWD,32,NY,24615
Ford,F-150,2009,Hybrid,,3.3,248463,231,228,5,1,,Blue,Truck,4WD,39,GA,500
Mercedes-Benz,C-Class,2019,Petrol,Automatic,1.9,41432,151,151,2,1,Partial Service,Blue,Sedan,AWD,37,FL,22761
Chevrolet,Tahoe,2022,Electric,Automatic,0,23064,270,297,1,,Full Service,Black,SUV,AWD,112,NY,46033
Honda,Civic,2022,Diesel,Automatic,1.8,13159,133,133,1,0,Full Service,,Sedan,FWD,,CA,18976
Audi,Q5,2014,Petrol,,3,75887,231,,3,1,,Red,SUV,AWD,20,PA,12539
BMW,5 Series,2011,Petrol,,2.3,189788,179,169,3,1,Full Service,Brown,Sedan,FWD,,OH,7579
Ford,Escape,2013,Petrol,Automatic,2.2,73481,177,180,4,1,Full Service,Brown,SUV,AWD,35,GA,5899
Mercedes-Benz,E-Class,2018,Petrol,Automatic,1.4,35616,114,101,4,0,Partial Service,Red,Sedan,FWD,39,GA,29119
Hyundai,Sonata,2020,Petrol,Automatic,1.5,18186,125,126,2,1,Partial Service,Black,Sedan,FWD,43,TX,13780
Toyota,Corolla,2012,Diesel,Automatic,2.3,98340,171,170,3,1,No Service,Blue,Sedan,AWD,32,IL,1724
Toyota,Corolla,2023,Petrol,Automatic,1.8,100,,133,1,0,Partial Service,,Sedan,FWD,35,OH,19414
Mercedes-Benz,E-Class,2021,Petrol,Automatic,2.3,24451,179,167,1,0,Full Service,White,Sedan,FWD,29,NC,43208
Chevrolet,Equinox,2021,Hybrid,Automatic,2.4,51528,182,182,1,0,Full Service,Black,SUV,AWD,43,PA,20628
Toyota,RAV4,2021,Petrol,Automatic,2.9,62768,215,205,1,0,Full Service,White,SUV,AWD,29,CA,19579
Chevrolet,Tahoe,2016,Petrol,Automatic,3.2,115880,239,219,3,1,Partial Service,Silver,SUV,FWD,25,CA,16807
Hyundai,Tucson,2009,Petrol,,2.8,211654,212,208,3,1,No Service,Silver,SUV,RWD,33,TX,500
Toyota,Highlander,2019,Hybrid,Automatic,2.3,68518,190,181,2,1,Partial Service,Gray,SUV,AWD,52,,15824
Hyundai,Tucson,2022,Petrol,Automatic,2.1,22641,160,143,1,0,Partial Service,Red,SUV,AWD,34,NY,20958
BMW,X3,2008,Petrol,Manual,3,143469,211,212,5,1,No Service,Gray,SUV,AWD,25,MI,3298
Hyundai,Elantra,2007,Petrol,Manual,2.4,278944,172,,5,1,Full Service,White,Sedan,FWD,28,,500
Nissan,Rogue,2021,Petrol,Automatic,2.2,41694,,195,1,0,Full Service,White,SUV,AWD,,TX,19718
Volkswagen,Passat,2017,Petrol,,1.9,100,154,163,2,1,Full Service,Black,Sedan,FWD,34,TX,13026
Mercedes-Benz,E-Class,2017,Petrol,Automatic,1.8,57734,,150,1,0,Partial Service,,Sedan,FWD,34,,29036
Hyundai,Elantra,2008,Petrol,Automatic,1.5,112768,115,108,4,0,Partial Service,Brown,Sedan,FWD,41,PA,500
Chevrolet,Tahoe,2023,Electric,Automatic,0,4016,224,246,1,0,Full Service,Blue,SUV,FWD,101,NC,47110
Chevrolet,Tahoe,2009,Diesel,Automatic,3,72677,215,213,4,0,Partial Service,,SUV,AWD,30,MI,9778
Ford,Escape,2014,Petrol,Automatic,,77867,239,,3,1,Full Service,,SUV,AWD,28,PA,6237
Hyundai,Elantra,2018,Petrol,Automatic,1.5,58348,136,115,2,1,Partial Service,White,Sedan,AWD,33,OH,7221
Honda,CR-V,2021,Diesel,Automatic,3.4,9634,264,260,1,0,Partial Service,Brown,SUV,AWD,26,NY,19947
Hyundai,Tucson,2007,Petrol,Automatic,2.1,285545,156,140,3,1,Full Service,Green,SUV,RWD,28,,500
Mercedes-Benz,C-Class,2021,Petrol,,1.4,12889,133,113,1,,Partial Service,Red,Sedan,FWD,,NY,31126
Chevrolet,Equinox,2016,Petrol,Automatic,,117017,152,,3,1,Full Service,,SUV,AWD,32,NC,6126
Hyundai,Santa Fe,2013,Diesel,Automatic,2.9,154466,232,217,3,1,,Blue,SUV,AWD,25,MI,4407
Hyundai,Elantra,2021,Petrol,Automatic,2.2,77204,177,,1,0,,Red,Sedan,FWD,32,NY,12940
Nissan,Altima,2016,Petrol,,1.6,178651,142,142,2,1,Full Service,Green,Sedan,AWD,41,,3057
Hyundai,Santa Fe,2017,Diesel,Automatic,2.6,113003,207,,3,0,,Silver,SUV,AWD,32,GA,11653
Volkswagen,Atlas,2017,Diesel,Automatic,3.1,103974,233,218,2,,Partial Service,Brown,SUV,FWD,,NY,12759
Ford,Mustang,2007,Petrol,Manual,,224729,204,192,3,,,Silver,Coupe,RWD,27,NC,500
Hyundai,Tucson,2019,Petrol,,3,23239,233,,3,1,Partial Service,Black,SUV,AWD,24,FL,13432
Hyundai,Elantra,2011,Petrol,Automatic,2,235565,151,,3,1,No Service,Red,Sedan,AWD,39,FL,500
BMW,5 Series,2024,Petrol,Automatic,,551,136,133,1,0,,Brown,Sedan,FWD,32,OH,51942
Nissan,Sentra,2016,Petrol,Automatic,2,85099,167,141,2,0,Full Service,White,Sedan,FWD,29,TX,6125
Audi,A4,2005,Hybrid,,1.8,215687,138,152,5,1,Partial Service,Silver,Sedan,FWD,54,TX,500
Ford,Explorer,2012,Petrol,Automatic,2.5,162807,193,194,3,0,No Service,Brown,SUV,AWD,33,TX,3920
Mercedes-Benz,GLC,2023,Petrol,Automatic,2.4,18289,182,166,1,0,No Service,Brown,SUV,AWD,32,FL,34541
Ford,F-150,2024,Petrol,Automatic,4,100,291,267,1,,Full Service,,Truck,4WD,18,NC,32060
Hyundai,Santa Fe,2016,Petrol,Automatic,3.3,201126,254,241,4,0,Full Service,Silver,SUV,RWD,28,IL,6139
Chevrolet,Tahoe,2024,Petrol,Automatic,2.3,383,178,,1,0,Full Service,White,SUV,AWD,32,IL,52568
Audi,Q7,2009,Petrol,Automatic,3.4,189111,,238,2,0,Full Service,Green,SUV,RWD,24,,6808
Honda,Civic,2015,Petrol,Automatic,,103736,136,,3,1,Full Service,Brown,Sedan,FWD,35,CA,4044
Hyundai,Sonata,2009,Petrol,Automatic,1.6,312660,154,,4,1,,Black,Sedan,FWD,33,GA,500
Ford,Escape,2021,Petrol,Automatic,,51117,169,154,1,,Full Service,Green,SUV,AWD,35,,20860
Toyota,RAV4,2006,Petrol,Automatic,3.3,281189,241,222,5,,,Gray,SUV,AWD,23,OH,500
Audi,Q5,2022,Petrol,Automatic,,4649,207,,1,0,Full Service,White,SUV,AWD,29,TX,41401
Honda,Civic,2017,Petrol,,2.1,66228,180,169,2,0,Full Service,Blue,Sedan,FWD,31,TX,8362
BMW,5 Series,2024,Petrol,Automatic,2.4,100,178,153,1,,Partial Service,Green,Sedan,AWD,,MI,54013
BMW,X5,2012,Hybrid,Automatic,2,60088,155,164,2,0,Partial Service,Blue,SUV,FWD,41,,19707
Chevrolet,Tahoe,2018,Petrol,Automatic,2.5,100692,183,,2,0,,Green,SUV,AWD,31,PA,27395
Hyundai,Santa Fe,2007,Petrol,Automatic,3.3,253904,,241,4,1,Partial Service,Blue,SUV,AWD,18,NY,500
BMW,X5,2013,Petrol,Automatic,2.7,84890,208,188,2,0,,Silver,SUV,RWD,30,NC,18609
Hyundai,Tucson,2014,Petrol,Automatic,3.2,106192,,231,3,0,Partial Service,Brown,SUV,AWD,25,PA,5715
Toyota,Corolla,2005,Diesel,Automatic,2.4,273267,183,182,5,,Partial Service,Gray,Sedan,AWD,32,CA,500
Hyundai,Santa Fe,2021,Petrol,Automatic,3.2,58001,230,209,1,0,Full Service,Green,SUV,AWD,27,PA,22271
Toyota,Corolla,2015,Diesel,Automatic,1.9,53079,148,143,2,1,Full Service,Silver,Sedan,FWD,36,IL,6054
Audi,Q7,2020,Petrol,Automatic,2.7,4352,204,180,2,0,No Service,Green,SUV,FWD,27,PA,37624
BMW,3 Series,2013,Petrol,Automatic,2.5,148403,204,204,3,0,No Service,,Sedan,FWD,36,PA,8407
Ford,Escape,2005,Petrol,Automatic,,188559,210,214,4,0,Full Service,Black,SUV,AWD,26,IL,500
Toyota,Corolla,2024,Diesel,,1.4,100,105,104,1,0,Partial Service,Gray,Sedan,AWD,,MI,18295
BMW,3 Series,2006,Petrol,Automatic,1.8,270105,150,137,5,1,Full Service,Brown,Sedan,FWD,34,,500
BMW,X5,2014,Petrol,Automatic,3.5,183502,262,256,2,0,No Service,Green,SUV,AWD,19,PA,14883
Toyota,Camry,2005,Petrol,Automatic,1.5,196014,123,127,4,0,Partial Service,Gray,Sedan,FWD,35,GA,500
Chevrolet,Tahoe,2005,Petrol,Manual,2.4,160897,172,,4,0,Partial Service,Blue,SUV,FWD,33,,2089
Chevrolet,Silverado,2016,Petrol,Automatic,5.2,105148,395,365,1,,No Service,Black,Truck,4WD,10,FL,9407
Mercedes-Benz,GLE,2021,Petrol,Automatic,,62109,211,212,1,0,Partial Service,,SUV,AWD,30,GA,43612
Nissan,Pathfinder,2014,Petrol,Automatic,2.7,60477,215,224,2,,Partial Service,Blue,SUV,FWD,26,NC,9959
Ford,F-150,2019,Petrol,Automatic,4.7,71252,359,343,2,0,Partial Service,White,Truck,4WD,15,TX,17569
Chevrolet,Malibu,2013,Petrol,Automatic,1.8,28735,143,,2,1,,White,Sedan,FWD,36,GA,6688
Volkswagen,Golf,2006,Diesel,Manual,2.5,180105,210,200,4,0,Partial Service,Blue,Hatchback,AWD,29,IL,500
Ford,Escape,2009,Petrol,Automatic,3,182438,221,214,3,1,No Service,Black,SUV,AWD,26,GA,500
Hyundai,Elantra,2008,Hybrid,Manual,2.2,215876,,,4,1,Partial Service,White,Sedan,FWD,48,GA,500
Hyundai,Tucson,2010,Petrol,Automatic,2.9,15140,231,214,5,1,,White,SUV,FWD,26,,5222
Nissan,Sentra,2012,Petrol,Automatic,2.1,138137,,164,4,0,Full Service,Blue,Sedan,FWD,33,MI,500
Honda,CR-V,2006,Petrol,Automatic,,190175,176,171,5,1,Partial Service,Black,SUV,AWD,30,,500
Volkswagen,Atlas,2018,Petrol,Automatic,,90065,161,166,2,,Full Service,,SUV,RWD,24,CA,16164
BMW,3 Series,2013,Petrol,Automatic,1.5,154469,121,111,1,1,,Red,Sedan,FWD,,OH,7254
Honda,Accord,2012,Petrol,Automatic,1.4,82508,103,107,4,0,Full Service,Gray,Sedan,FWD,35,NC,5524
Chevrolet,Equinox,2011,Petrol,Automatic,2.6,259452,196,184,4,1,No Service,Silver,SUV,AWD,29,,500
Audi,A6,2011,Diesel,Manual,2.2,218217,163,159,3,1,No Service,Blue,Sedan,FWD,34,GA,5475
Ford,Explorer,2019,Diesel,Automatic,,102733,192,191,2,0,Full Service,Black,SUV,FWD,32,PA,18361
Nissan,Sentra,2023,Petrol,,1.4,16752,,87,1,,,Brown,Sedan,FWD,,PA,18276
Volkswagen,Tiguan,2022,Hybrid,Automatic,3.2,20171,253,224,1,,Partial Service,White,SUV,AWD,44,,24737
Volkswagen,Golf,2009,Petrol,Automatic,2.4,129615,182,159,3,0,Full Service,Silver,Hatchback,AWD,34,NY,500
Mercedes-Benz,GLC,2020,Diesel,Automatic,,80266,212,193,1,0,Full Service,,SUV,AWD,29,OH,32726
Nissan,Altima,2017,Petrol,Automatic,1.6,43296,,122,3,0,Full Service,,Sedan,FWD,37,TX,11978
Mercedes-Benz,C-Class,2017,Hybrid,Automatic,1.4,123300,124,136,2,,Full Service,,Sedan,FWD,66,,14949
Nissan,Rogue,2019,Diesel,Automatic,3.2,49190,242,,2,0,No Service,Gray,SUV,AWD,25,MI,13143
Chevrolet,Equinox,2012,Petrol,Automatic,3.1,127271,246,239,2,1,Full Service,Gray,SUV,FWD,25,GA,2617
Nissan,Altima,2023,Petrol,Automatic,1.7,22152,,,1,,Full Service,Brown,Sedan,FWD,36,NY,23229
Mercedes-Benz,GLE,2013,Petrol,Automatic,,26694,160,,4,1,Full Service,Black,SUV,RWD,33,NY,19185
Volkswagen,Golf,2009,Petrol,Manual,,89091,163,154,4,1,Partial Service,,Hatchback,AWD,40,CA,1878
Hyundai,Elantra,2008,Petrol,Automatic,1.8,230292,,129,2,0,,Black,Sedan,AWD,36,GA,500
Nissan,Pathfinder,2007,Diesel,Manual,2.7,451565,214,203,4,0,,White,SUV,AWD,35,TX,500
Mercedes-Benz,C-Class,2019,Petrol,Automatic,1.7,63503,141,121,3,0,,Red,Sedan,FWD,38,,22056
BMW,5 Series,2011,Petrol,Automatic,1.7,55196,147,118,5,1,Partial Service,Brown,Sedan,FWD,40,NY,12415
Audi,A4,2020,Diesel,,2.1,76482,157,147,2,0,Partial Service,Brown,Sedan,FWD,36,FL,26306
BMW,X5,2015,Petrol,Automatic,2.9,167307,236,209,2,1,Full Service,Red,SUV,RWD,27,MI,17470
Hyundai,Sonata,2008,Diesel,Automatic,2.1,351835,168,157,3,1,Partial Service,,Sedan,FWD,35,MI,500
BMW,3 Series,2015,Petrol,Automatic,1.5,234404,127,139,2,0,Full Service,Red,Sedan,AWD,34,IL,8551
Honda,CR-V,2012,Diesel,Automatic,,128224,157,140,2,1,No Service,Blue,SUV,RWD,35,FL,3198
Toyota,Highlander,2021,Petrol,,2.8,23736,229,223,1,0,Full Service,Gray,SUV,AWD,28,,27504
Ford,Escape,2013,Petrol,Automatic,2.1,140454,,158,3,,Full Service,White,SUV,AWD,,,3012
Audi,Q7,2022,Petrol,Automatic,,4486,199,192,1,0,Partial Service,White,SUV,AWD,25,MI,48706
Honda,Pilot,2015,Diesel,Automatic,2.6,61818,201,177,1,1,Full Service,Red,SUV,AWD,28,OH,11138
Ford,Mustang,2005,Petrol,Manual,,239953,384,358,5,0,Partial Service,Brown,Coupe,RWD,17,OH,500
Toyota,RAV4,2022,Electric,Automatic,0,5455,315,346,1,0,Partial Service,Red,SUV,FWD,109,FL,24337
Nissan,Rogue,2017,Petrol,Automatic,2.3,95364,191,188,3,0,,Brown,SUV,FWD,34,NY,8656
Honda,Civic,2020,Petrol,,1.6,49056,127,149,2,0,Partial Service,Red,Sedan,FWD,38,,11382
Mercedes-Benz,C-Class,2014,Petrol,Automatic,,103777,134,129,3,0,No Service,White,Sedan,FWD,39,TX,10231
Chevrolet,Malibu,2016,Petrol,Automatic,2,83580,153,145,3,0,Partial Service,Green,Sedan,FWD,38,FL,8132
Nissan,Rogue,2007,Petrol,,2.8,138089,221,,5,0,Partial Service,Red,SUV,AWD,,,500
Nissan,Pathfinder,2023,Petrol,,3.5,20647,269,266,1,0,Full Service,Green,SUV,AWD,28,GA,30148
Honda,Civic,2009,Petrol,,1.9,241368,163,146,4,,Partial Service,,Sedan,FWD,39,,500
Chevrolet,Silverado,2006,Petrol,Manual,4.4,379384,,311,3,,Full Service,White,Truck,4WD,19,NY,500
Honda,Civic,2015,Petrol,Automatic,1.9,74073,153,140,2,0,Partial Service,Gray,Sedan,FWD,,CA,6096
Volkswagen,Passat,2022,Petrol,Automatic,,34994,,135,1,0,Partial Service,Brown,Sedan,AWD,43,PA,20319
BMW,3 Series,2020,Petrol,Automatic,1.7,64132,138,130,1,0,Partial Service,Brown,Sedan,AWD,43,GA,25086
Toyota,Camry,2023,Petrol,Automatic,2.4,22842,184,,1,0,Full Service,Silver,Sedan,FWD,31,TX,23471
Mercedes-Benz,GLC,2008,Petrol,Automatic,3.2,265971,239,212,5,0,Partial Service,Red,SUV,RWD,22,TX,500
Honda,Accord,2012,Petrol,,,60818,176,186,2,1,Partial Service,Red,Sedan,FWD,34,MI,5708
Toyota,Corolla,2014,Petrol,Automatic,,80119,156,140,2,1,Partial Service,Gray,Sedan,AWD,,IL,3751
Toyota,RAV4,2008,Petrol,Manual,2.1,251564,193,192,4,1,Full Service,Green,SUV,FWD,33,,500
Honda,Accord,2017,Petrol,Automatic,1.6,85122,120,123,1,0,Partial Service,White,Sedan,FWD,38,PA,11004
Honda,CR-V,2007,Petrol,,3.2,263185,258,249,5,1,Partial Service,,SUV,AWD,28,NY,500
Toyota,Corolla,2012,Diesel,,2.4,147175,186,183,2,1,No Service,Gray,Sedan,FWD,28,NY,500
Chevrolet,Tahoe,2009,Petrol,Automatic,3,244963,235,227,2,1,Full Service,Brown,SUV,AWD,27,NC,1835
Nissan,Pathfinder,2013,Petrol,Automatic,3,117703,217,210,1,,,Gray,SUV,AWD,31,NY,7662
Audi,Q5,2015,Electric,Automatic,0,107968,230,253,3,,Full Service,Gray,SUV,FWD,117,GA,13431
Nissan,Sentra,2009,Petrol,Automatic,1.6,107658,126,125,4,1,,Silver,Sedan,FWD,37,PA,500
Mercedes-Benz,GLC,2015,Petrol,Automatic,2.7,176130,,,2,0,Partial Service,Black,SUV,AWD,26,,12656
Ford,Explorer,2012,Petrol,Automatic,2.1,206669,203,194,2,1,Partial Service,Red,SUV,FWD,33,OH,1725
Toyota,Highlander,2010,Petrol,Automatic,3.3,128144,241,228,4,0,Partial Service,Black,SUV,AWD,22,CA,4163
Chevrolet,Malibu,2007,Petrol,Automatic,1.9,259604,152,152,3,1,Full Service,Red,Sedan,FWD,36,OH,500
Hyundai,Santa Fe,2005,Petrol,Automatic,,316586,178,175,3,1,Full Service,Green,SUV,AWD,38,,500
Mercedes-Benz,GLE,2005,Petrol,Automatic,2.6,190119,176,155,3,0,Partial Service,Blue,SUV,AWD,,NY,2796
Audi,A6,2024,Petrol,Automatic,2.4,100,190,182,1,0,,Brown,Sedan,AWD,29,TX,62840
Volkswagen,Passat,2021,Petrol,Automatic,2.3,100,173,159,1,,Full Service,Blue,Sedan,AWD,30,TX,21425
Toyota,RAV4,2018,Petrol,,2.3,80471,187,,1,0,Full Service,Gray,SUV,AWD,32,FL,12964
Audi,A6,2020,Petrol,Automatic,1.9,38805,147,141,2,0,Partial Service,White,Sedan,FWD,,PA,34672
Ford,F-150,2017,Hybrid,,3.6,105415,270,,2,1,Partial Service,,Truck,4WD,38,GA,10186
Ford,Mustang,2007,Petrol,Automatic,3.9,58464,276,,4,1,Full Service,Blue,Coupe,RWD,21,NC,2958
Chevrolet,Silverado,2023,Petrol,Automatic,4.1,10829,308,291,1,0,No Service,Green,Truck,RWD,20,FL,27758
Chevrolet,Silverado,2006,Petrol,,,62092,425,403,3,0,Full Service,Brown,Truck,4WD,10,GA,4682
Chevrolet,Silverado,2022,Petrol,Automatic,5.5,54131,402,377,1,0,Full Service,Green,Truck,4WD,12,CA,28158
Hyundai,Tucson,2012,Hybrid,,,59862,270,261,4,0,Partial Service,Red,SUV,AWD,30,NC,6248
Volkswagen,Passat,2008,Petrol,Automatic,2,179084,151,140,3,1,Full Service,,Sedan,FWD,40,FL,500
Hyundai,Elantra,2005,Petrol,Automatic,1.6,214639,124,105,5,1,Full Service,White,Sedan,FWD,41,PA,500
BMW,3 Series,2021,Petrol,Automatic,1.7,41162,133,116,1,,,,Sedan,AWD,,,31786
Chevrolet,Malibu,2010,Petrol,,2.5,250491,194,203,4,0,,Gray,Sedan,FWD,31,NY,500
Volkswagen,Atlas,2005,Petrol,Manual,3.1,218444,242,211,5,1,Partial Service,Black,SUV,AWD,21,CA,500
Mercedes-Benz,C-Class,2016,Diesel,Automatic,1.7,56119,143,124,3,0,No Service,Black,Sedan,FWD,40,FL,16554
Ford,Escape,2024,Petrol,Automatic,2.3,1041,176,,1,0,Partial Service,Green,SUV,FWD,29,GA,25935
Audi,A6,2013,Petrol,Automatic,1.8,157149,147,139,2,1,Full Service,Brown,Sedan,FWD,36,IL,11797
Chevrolet,Equinox,2016,Petrol,Automatic,2.4,65028,189,177,3,0,Full Service,Blue,SUV,AWD,34,NY,10526
Nissan,Rogue,2018,Hybrid,,2.2,138355,166,164,2,0,Partial Service,,SUV,AWD,43,IL,9945
Ford,Escape,2009,Diesel,,,53282,213,,4,1,Partial Service,Red,SUV,FWD,30,GA,3941
Chevrolet,Tahoe,2021,Diesel,Automatic,2.6,46413,191,170,1,0,Full Service,Red,SUV,AWD,34,PA,40733
Toyota,Corolla,2017,Petrol,Automatic,1.6,121563,120,138,2,0,Partial Service,,Sedan,FWD,41,PA,4942
Hyundai,Santa Fe,2020,Petrol,Automatic,,55688,225,,2,0,Full Service,Silver,SUV,FWD,27,NC,20480
Chevrolet,Tahoe,2017,Petrol,Automatic,2.8,54156,225,238,3,,No Service,Silver,SUV,AWD,28,OH,16502
Mercedes-Benz,E-Class,2021,Hybrid,Automatic,1.6,13564,150,,1,0,Full Service,Black,Sedan,FWD,55,FL,44470
Ford,F-150,2014,Petrol,Automatic,3.9,191637,,271,2,1,Partial Service,Brown,Truck,4WD,18,,3555
Hyundai,Elantra,2022,Petrol,,1.6,15279,120,106,1,0,No Service,White,Sedan,FWD,37,,14422
BMW,3 Series,2006,Diesel,Manual,1.9,167809,147,138,4,,Full Service,Red,Sedan,AWD,,PA,963
Audi,Q5,2009,Petrol,Manual,3.3,176457,255,,4,1,Partial Service,,SUV,AWD,22,TX,3142
Honda,Accord,2019,Petrol,Automatic,,24685,127,126,1,0,Full Service,Brown,Sedan,AWD,37,CA,17193
Audi,A4,2017,Petrol,Automatic,2.4,61953,200,185,2,1,No Service,,Sedan,FWD,29,PA,14209
Toyota,Camry,2014,Petrol,,1.8,82765,148,165,2,,Full Service,Green,Sedan,FWD,35,PA,6568
Toyota,Highlander,2009,Petrol,Automatic,3.4,131787,246,239,4,0,Partial Service,Green,SUV,RWD,18,TX,3221
Toyota,Highlander,2005,Hybrid,Automatic,3.5,261093,,265,4,0,No Service,Blue,SUV,FWD,32,GA,500
Ford,F-150,2011,Petrol,Automatic,5.2,111204,385,360,2,0,Partial Service,,Truck,RWD,10,PA,5403
Chevrolet,Silverado,2016,Petrol,Automatic,4,98052,303,,2,0,Full Service,Blue,Truck,4WD,20,MI,13050
Toyota,Corolla,2005,Petrol,Automatic,1.5,406535,124,129,5,1,Full Service,Brown,Sedan,FWD,,OH,500
Volkswagen,Tiguan,2024,Petrol,Automatic,2.5,100,183,178,1,0,Partial Service,Silver,SUV,AWD,30,NC,27587
Honda,Civic,2013,Petrol,Automatic,2.1,165448,154,151,2,0,Full Service,Gray,Sedan,FWD,34,OH,500
Chevrolet,Silverado,2018,Petrol,Automatic,3.3,111717,251,235,1,0,No Service,Silver,Truck,RWD,28,TX,11730
Hyundai,Elantra,2024,Petrol,,1.9,100,156,128,1,0,Partial Service,Brown,Sedan,FWD,39,CA,20330
Chevrolet,Silverado,2023,Petrol,Automatic,4.3,15974,334,297,1,0,Full Service,Gray,Truck,4WD,,,32254
Volkswagen,Tiguan,2022,Hybrid,Automatic,2.1,22123,161,154,1,0,No Service,Silver,SUV,AWD,,IL,20540
Volkswagen,Atlas,2023,Hybrid,Automatic,,11467,187,190,1,,No Service,Silver,SUV,FWD,43,OH,43460
Nissan,Sentra,2009,Petrol,,2.2,126789,185,177,4,0,Partial Service,Blue,Sedan,FWD,35,NC,500
BMW,3 Series,2021,Petrol,Automatic,1.7,28899,131,131,1,0,,Green,Sedan,FWD,34,NY,33069
Mercedes-Benz,E-Class,2008,Petrol,Automatic,,304959,170,172,5,0,No Service,Gray,Sedan,FWD,40,NC,500
Chevrolet,Equinox,2022,Petrol,Automatic,3.5,36888,268,,1,,Full Service,Silver,SUV,AWD,20,GA,20564
Mercedes-Benz,C-Class,2022,Hybrid,Automatic,1.7,100,143,,1,0,Full Service,Blue,Sedan,FWD,54,NY,41295
BMW,X3,2011,Petrol,Automatic,3.3,237353,260,244,2,0,Full Service,Gray,SUV,FWD,23,NY,3318
Nissan,Pathfinder,2017,Petrol,,3.1,53428,226,236,3,0,Partial Service,Gray,SUV,AWD,,,14474
Toyota,Camry,2012,Hybrid,Automatic,2,113619,162,,3,0,Partial Service,Green,Sedan,FWD,54,PA,3399
Nissan,Rogue,2010,Petrol,Manual,2.8,169530,,206,3,,Partial Service,Red,SUV,AWD,24,OH,500
Volkswagen,Golf,2011,Petrol,Automatic,2.1,262833,155,131,3,0,,Silver,Hatchback,FWD,32,TX,500
Toyota,Camry,2007,Diesel,Automatic,1.6,383324,129,,5,0,No Service,Red,Sedan,FWD,41,OH,500
Volkswagen,Atlas,2008,Petrol,Automatic,2.7,200347,208,210,5,0,Full Service,Silver,SUV,FWD,31,IL,500
Honda,Civic,2020,Electric,Automatic,,44163,357,392,1,0,No Service,Brown,Sedan,FWD,116,OH,11795
Chevrolet,Tahoe,2015,Diesel,Automatic,2.2,80789,162,164,2,1,Full Service,Gray,SUV,AWD,35,NY,17159
Mercedes-Benz,GLE,2020,Petrol,Automatic,,27065,219,219,3,,Full Service,Blue,SUV,AWD,26,GA,41056
Hyundai,Tucson,2006,Petrol,Automatic,2.9,179512,232,223,4,,No Service,White,SUV,AWD,29,,500
Volkswagen,Atlas,2011,Petrol,,2.7,137340,,221,2,1,Partial Service,Black,SUV,AWD,29,,4055
Mercedes-Benz,C-Class,2018,Petrol,Automatic,1.7,65456,,139,3,0,Full Service,Red,Sedan,FWD,33,PA,25642
Mercedes-Benz,GLE,2007,Petrol,Automatic,2.2,293043,186,173,5,1,Full Service,,SUV,FWD,35,CA,500
BMW,X5,2016,Petrol,Automatic,3.4,87288,250,234,2,0,Full Service,Silver,SUV,AWD,17,TX,25407
Audi,Q7,2007,Petrol,Automatic,3,243420,252,250,3,1,Partial Service,Silver,SUV,AWD,24,,1538
Honda,Pilot,2017,Petrol,Automatic,3.2,84106,236,233,2,0,Full Service,Silver,SUV,RWD,,FL,15082
Ford,Explorer,2011,Petrol,Automatic,,278693,241,226,3,1,,,SUV,FWD,28,GA,500
Mercedes-Benz,E-Class,2006,Petrol,Manual,1.8,302356,144,149,5,,Partial Service,,Sedan,FWD,34,OH,500
Volkswagen,Passat,2022,Electric,Automatic,0,5020,332,365,1,0,Full Service,Gray,Sedan,FWD,117,OH,22137
Nissan,Sentra,2017,Hybrid,Automatic,,54497,202,192,3,0,Full Service,Blue,Sedan,FWD,,MI,8303
Ford,Mustang,2015,Hybrid,Automatic,,118698,298,280,2,1,Full Service,Brown,Coupe,RWD,39,NY,5787
BMW,3 Series,2018,Diesel,Automatic,1.5,101348,118,126,1,1,No Service,White,Sedan,FWD,38,PA,14767
Nissan,Pathfinder,2013,Petrol,Automatic,3.3,161704,,208,2,1,Partial Service,Red,SUV,AWD,21,NY,4690
Hyundai,Sonata,2024,Petrol,,1.5,100,125,120,1,0,Full Service,,Sedan,AWD,42,,23342
Audi,A4,2012,Petrol,Automatic,2.2,105212,185,187,4,1,Partial Service,White,Sedan,FWD,39,CA,7230
Nissan,Rogue,2014,Petrol,Automatic,3.3,104857,258,237,2,1,Partial Service,Black,SUV,AWD,27,GA,5739
Nissan,Sentra,2014,Petrol,Automatic,2,95396,155,142,3,1,Full Service,Black,Sedan,FWD,34,NC,3232
Mercedes-Benz,C-Class,2023,Petrol,Automatic,2,3245,157,167,1,,Full Service,Blue,Sedan,FWD,36,PA,40736
Toyota,Corolla,2019,Petrol,Automatic,,87638,150,138,2,,No Service,Red,Sedan,AWD,33,IL,6250
Nissan,Pathfinder,2011,Petrol,Automatic,2.4,229610,196,196,3,0,,Black,SUV,AWD,,OH,500
Honda,Civic,2023,Petrol,Automatic,2,3288,148,141,1,,No Service,Silver,Sedan,FWD,35,NC,8310
Audi,A4,2017,Hybrid,Automatic,1.5,69481,103,89,2,0,No Service,Red,Sedan,FWD,56,CA,16760
Mercedes-Benz,GLC,2024,Petrol,Automatic,2.3,100,,165,1,,Partial Service,Blue,SUV,FWD,38,OH,50059
Toyota,RAV4,2022,Petrol,,3.2,19746,263,262,1,0,Full Service,Brown,SUV,FWD,26,IL,23495
Volkswagen,Passat,2006,Petrol,Automatic,1.6,182498,132,126,4,1,Full Service,Green,Sedan,FWD,37,GA,500
Ford,F-150,2013,Petrol,Automatic,3.9,84038,,262,2,,No Service,Blue,Truck,RWD,25,OH,7345
Audi,Q7,2020,Hybrid,Automatic,3,5713,,197,3,,Full Service,Red,SUV,AWD,44,NY,39601
Hyundai,Santa Fe,2018,Petrol,Automatic,,22065,209,212,2,0,Partial Service,Black,SUV,FWD,,CA,18367
Hyundai,Santa Fe,2009,Petrol,Automatic,3.4,276625,246,225,5,0,Full Service,Red,SUV,FWD,25,MI,500
Nissan,Altima,2006,Petrol,,1.6,97646,116,100,4,1,No Service,Red,Sedan,AWD,42,,500
Audi,Q5,2020,Hybrid,Automatic,2.6,62916,209,189,2,0,Full Service,Green,SUV,AWD,44,PA,30306
Mercedes-Benz,GLE,2011,Diesel,,3.1,144017,236,,3,1,Full Service,Black,SUV,RWD,23,,11433
Chevrolet,Silverado,2024,Petrol,Automatic,,4366,314,309,1,0,Partial Service,Brown,Truck,4WD,21,NY,34862
Mercedes-Benz,GLE,2011,Diesel,,3.2,392225,244,214,3,1,Partial Service,Blue,SUV,AWD,26,NC,917
Volkswagen,Golf,2015,Petrol,Automatic,2.5,156970,202,,2,0,Full Service,Green,Hatchback,FWD,31,,3069
Toyota,Corolla,2022,Petrol,,1.6,439,134,115,1,0,Partial Service,,Sedan,FWD,38,TX,18030
BMW,X3,2019,Petrol,Automatic,2.9,27080,212,187,1,0,No Service,,SUV,AWD,23,NC,25563
Honda,Civic,2019,Petrol,Automatic,1.8,23122,141,,2,0,,Gray,Sedan,FWD,36,PA,13502
Toyota,Highlander,2019,Petrol,Automatic,,104070,255,247,1,1,,White,SUV,AWD,21,CA,14274
Audi,A4,2006,Petrol,Manual,2.1,252572,156,147,4,0,Partial Service,Green,Sedan,AWD,27,OH,500
Chevrolet,Tahoe,2005,Petrol,,3.4,100,251,229,4,0,,Green,SUV,AWD,28,MI,9923
Chevrolet,Tahoe,2018,Petrol,Automatic,2.3,32808,192,181,1,,,Red,SUV,AWD,34,,29396
Hyundai,Santa Fe,2023,Petrol,Automatic,,2514,175,154,1,,Full Service,Blue,SUV,RWD,28,MI,30353
Nissan,Sentra,2017,Petrol,Automatic,2.5,107935,204,205,2,0,,,Sedan,FWD,22,,5758
Nissan,Pathfinder,2005,Diesel,Automatic,3.3,181341,251,234,5,,No Service,Blue,SUV,AWD,29,PA,500
Hyundai,Santa Fe,2015,Diesel,,2.6,110403,218,,3,0,Partial Service,Silver,SUV,AWD,32,PA,9077
Toyota,Corolla,2019,Petrol,Automatic,1.6,56820,123,98,2,,Partial Service,Red,Sedan,FWD,38,,10197
Ford,Explorer,2006,Petrol,,3.3,519539,246,230,3,0,No Service,,SUV,AWD,,GA,500
Hyundai,Tucson,2015,Petrol,,3.4,181014,,,3,0,Partial Service,Brown,SUV,FWD,,IL,2928
Audi,A6,2018,Petrol,Automatic,2.3,78348,180,183,2,1,No Service,Black,Sedan,FWD,31,TX,23209
Chevrolet,Equinox,2021,Petrol,Automatic,2.7,43547,206,211,1,0,Partial Service,Red,SUV,FWD,32,IL,17256
Ford,Mustang,2014,Petrol,Automatic,4.5,157821,,300,3,1,,White,Coupe,RWD,15,NC,3021
Nissan,Pathfinder,2024,Petrol,Automatic,,100,272,259,1,0,Full Service,Blue,SUV,RWD,24,GA,36421
Audi,Q5,2005,Petrol,Automatic,3.2,358298,248,231,5,1,Partial Service,Green,SUV,RWD,30,NY,500
BMW,X5,2016,Petrol,Automatic,,103215,194,198,4,1,,Blue,SUV,AWD,32,,18703
Volkswagen,Atlas,2014,Diesel,,2.9,132064,227,209,1,1,Partial Service,Brown,SUV,FWD,,PA,6711
Hyundai,Sonata,2011,Petrol,Manual,2.2,120710,175,160,3,1,Full Service,Silver,Sedan,FWD,33,IL,1758
Chevrolet,Equinox,2013,Petrol,Automatic,2,163600,159,128,2,0,Full Service,White,SUV,AWD,33,TX,2287
Volkswagen,Golf,2009,Diesel,Manual,,190519,168,176,2,,Full Service,,Hatchback,FWD,31,,500
Hyundai,Elantra,2007,Petrol,Automatic,2.2,240956,173,,5,0,Partial Service,Green,Sedan,AWD,31,IL,500
Nissan,Rogue,2015,Hybrid,Automatic,2.7,113271,214,212,2,1,Partial Service,Blue,SUV,AWD,57,,6039
BMW,3 Series,2011,Diesel,,2.4,225899,168,143,3,1,Full Service,White,Sedan,FWD,,NC,1288
Ford,Explorer,2009,Petrol,Automatic,2.8,114042,212,200,4,0,,,SUV,AWD,32,MI,3650
Ford,Escape,2024,Petrol,Automatic,2,9561,170,,1,0,,Gray,SUV,FWD,30,IL,26505
Hyundai,Tucson,2012,Petrol,Automatic,,259004,,229,3,0,No Service,Gray,SUV,AWD,26,TX,500
Honda,Civic,2023,Petrol,Automatic,2.4,27499,197,186,1,1,Partial Service,Blue,Sedan,FWD,34,NY,15589
Chevrolet,Malibu,2015,Petrol,Automatic,2.1,179938,162,166,2,1,Partial Service,Silver,Sedan,FWD,40,PA,1435
Audi,Q7,2024,Diesel,Automatic,2.8,5718,222,233,1,0,Full Service,,SUV,AWD,29,PA,61351
BMW,X3,2011,Diesel,Manual,2.9,134925,215,195,3,1,Partial Service,Silver,SUV,AWD,33,,6644
BMW,5 Series,2022,Petrol,,2.3,27846,189,175,1,0,,,Sedan,FWD,34,,45890
Ford,Explorer,2007,Hybrid,Automatic,,71354,,159,4,1,No Service,White,SUV,RWD,,FL,3242
Volkswagen,Atlas,2009,Petrol,Automatic,,316457,239,223,3,1,Partial Service,Brown,SUV,AWD,,MI,500
Volkswagen,Golf,2015,Petrol,,2.2,108799,,161,4,1,Full Service,Green,Hatchback,FWD,,CA,4444
Mercedes-Benz,GLE,2013,Petrol,Automatic,,125570,231,215,3,0,Partial Service,Red,SUV,AWD,22,NC,17887
Honda,Civic,2021,Petrol,Automatic,2.3,47038,184,,1,0,,Silver,Sedan,FWD,25,FL,14975
Hyundai,Elantra,2011,Petrol,Automatic,1.5,265971,132,110,4,1,Full Service,Green,Sedan,FWD,37,MI,500
Chevrolet,Malibu,2014,Petrol,,2,182531,144,157,3,1,Partial Service,Red,Sedan,FWD,33,IL,669
Nissan,Pathfinder,2010,Petrol,Automatic,3.3,227398,,,4,0,No Service,Green,SUV,AWD,,PA,500
Chevrolet,Silverado,2006,Petrol,Manual,4.6,105890,,336,5,0,Full Service,Red,Truck,4WD,,,2038
Hyundai,Elantra,2019,Petrol,Automatic,,55481,180,180,1,1,No Service,Silver,Sedan,FWD,,NC,7725
Honda,CR-V,2016,Petrol,Automatic,2.8,81165,221,211,1,1,Full Service,Red,SUV,FWD,20,FL,9357
BMW,5 Series,2014,Petrol,Automatic,2.4,100,184,169,3,1,Partial Service,,Sedan,FWD,29,OH,20826
Hyundai,Sonata,2007,Petrol,Automatic,2.4,206209,190,177,3,1,Partial Service,Gray,Sedan,AWD,32,NY,500
Nissan,Pathfinder,2022,Petrol,Automatic,3.5,7896,240,,1,0,Full Service,,SUV,AWD,25,OH,29724
Toyota,Corolla,2020,Diesel,Automatic,2.2,45312,163,163,1,0,Full Service,Green,Sedan,FWD,27,OH,12367
Mercedes-Benz,E-Class,2009,Petrol,Automatic,2.3,99006,176,,3,,Full Service,Brown,Sedan,AWD,34,GA,9785
Mercedes-Benz,E-Class,2015,Petrol,Automatic,1.7,176637,143,144,4,0,Partial Service,Brown,Sedan,AWD,,NY,16829
Volkswagen,Passat,2008,Petrol,Automatic,1.7,336373,125,,4,1,,Brown,Sedan,FWD,40,OH,500
Chevrolet,Silverado,2013,Petrol,Automatic,3.3,176701,261,258,3,1,Full Service,,Truck,4WD,19,PA,4102
BMW,X5,2020,Petrol,,3.3,35327,238,234,1,0,Partial Service,Blue,SUV,AWD,24,NY,36473
Audi,A4,2014,Petrol,Automatic,1.5,129887,134,134,1,1,Partial Service,Red,Sedan,FWD,37,NY,9849
BMW,X5,2017,Petrol,Automatic,,67755,198,185,3,0,Partial Service,Silver,SUV,FWD,31,FL,29963
BMW,X3,2006,Petrol,Automatic,2.3,103352,167,161,5,1,Partial Service,Silver,SUV,AWD,33,PA,3791
BMW,X3,2015,Petrol,Automatic,2.5,107086,,187,3,0,,,SUV,FWD,28,NC,14420
Ford,Escape,2021,Petrol,Automatic,2.4,22954,196,,1,,Partial Service,,SUV,AWD,36,NY,19910
BMW,5 Series,2010,Petrol,Manual,,229349,,145,2,1,,Red,Sedan,FWD,32,,4613
Audi,Q7,2018,Hybrid,Automatic,,122662,252,234,3,1,No Service,,SUV,AWD,,GA,21377
Audi,Q7,2008,Petrol,Automatic,3.4,147142,257,250,3,0,Full Service,Green,SUV,AWD,28,OH,8330
Nissan,Altima,2018,Petrol,Automatic,1.7,71010,143,,1,1,No Service,Gray,Sedan,FWD,,PA,8177
Nissan,Rogue,2019,Petrol,Automatic,,86362,161,155,1,1,Full Service,Red,SUV,AWD,,GA,12427
Audi,Q5,2012,Petrol,Automatic,3.1,205964,227,218,3,1,No Service,Black,SUV,FWD,31,FL,4707
Audi,Q5,2010,Petrol,Manual,2.5,67617,206,195,3,0,Full Service,Blue,SUV,AWD,31,TX,9585
Hyundai,Tucson,2016,Petrol,Automatic,3,90916,240,,3,0,Partial Service,Silver,SUV,RWD,30,GA,8123
Honda,Civic,2010,Diesel,Automatic,2.5,137211,,173,3,1,Partial Service,,Sedan,FWD,27,CA,500
Hyundai,Tucson,2020,Petrol,Automatic,3.1,48650,240,235,1,0,Full Service,Brown,SUV,FWD,27,OH,16346
Mercedes-Benz,C-Class,2018,Electric,Automatic,0,46270,233,256,2,0,Partial Service,Silver,Sedan,AWD,128,NY,24696
Hyundai,Santa Fe,2009,Petrol,,,139010,209,187,3,0,Partial Service,Brown,SUV,AWD,28,,2190
Volkswagen,Tiguan,2019,Electric,Automatic,0,128106,197,216,1,1,Partial Service,Red,SUV,AWD,115,NC,10067
Ford,Explorer,2019,Petrol,Automatic,2.2,34818,,,1,0,Full Service,Green,SUV,AWD,28,CA,20780
Chevrolet,Malibu,2006,Petrol,Manual,2.2,288354,174,172,3,0,,Green,Sedan,FWD,,OH,500
Honda,Accord,2016,Petrol,Automatic,1.6,131771,123,131,3,,Full Service,White,Sedan,FWD,36,IL,6789
Chevrolet,Equinox,2021,Petrol,,2.6,51939,208,181,1,0,Full Service,Brown,SUV,FWD,30,GA,18469
Toyota,Corolla,2024,Petrol,Automatic,1.9,100,166,158,1,0,Full Service,Green,Sedan,FWD,31,OH,22071
Hyundai,Tucson,2006,Petrol,,2.2,198288,,162,4,1,Full Service,Black,SUV,AWD,29,TX,500
Audi,A6,2013,Diesel,Automatic,1.5,113035,128,123,2,,Full Service,Green,Sedan,AWD,44,FL,17815
Volkswagen,Passat,2021,Petrol,Automatic,2.2,36447,178,186,1,0,Full Service,Gray,Sedan,FWD,35,FL,20809
Ford,F-150,2008,Petrol,Automatic,3.9,220315,295,294,5,0,Full Service,White,Truck,4WD,20,NC,500
BMW,3 Series,2013,Petrol,Automatic,1.6,40522,132,110,3,0,Full Service,Red,Sedan,FWD,,NC,15364
Audi,A4,2023,Petrol,Automatic,1.6,20561,142,141,1,,Full Service,Blue,Sedan,FWD,,PA,39248
Volkswagen,Passat,2011,Diesel,,2.2,186054,183,168,4,1,Partial Service,Brown,Sedan,FWD,29,IL,500
Mercedes-Benz,C-Class,2007,Diesel,,2,172792,147,140,4,0,Partial Service,Black,Sedan,AWD,35,MI,1596
Honda,Pilot,2015,Diesel,Automatic,3.5,136302,273,254,1,1,Partial Service,Silver,SUV,AWD,20,,8681
Honda,Accord,2007,Petrol,Automatic,1.9,423497,161,144,3,0,,Gray,Sedan,FWD,33,NY,500
Hyundai,Santa Fe,2023,Petrol,Automatic,3.3,100,243,221,1,0,No Service,Brown,SUV,AWD,21,TX,26206
Audi,Q5,2014,Petrol,Automatic,2.8,19066,225,221,2,0,No Service,Red,SUV,AWD,24,OH,16175
Audi,A6,2009,Diesel,Automatic,1.7,303762,157,141,4,1,Full Service,Black,Sedan,FWD,41,NC,500
Nissan,Altima,2016,Hybrid,Automatic,2.1,76263,178,171,3,,Full Service,Silver,Sedan,FWD,45,GA,6853
Nissan,Rogue,2011,Petrol,Automatic,3.1,79430,240,,2,,No Service,Green,SUV,AWD,,,3596
Nissan,Pathfinder,2008,Petrol,Automatic,,102831,,181,4,0,Partial Service,White,SUV,FWD,31,IL,3573
Ford,Mustang,2013,Petrol,Manual,,179769,301,280,2,0,Full Service,,Coupe,RWD,20,CA,1939
Volkswagen,Golf,2017,Hybrid,Automatic,1.9,77357,153,,1,,Partial Service,,Hatchback,FWD,43,FL,9142
Ford,Mustang,2016,Diesel,Manual,3.9,54307,302,300,2,1,Partial Service,Gray,Coupe,RWD,18,NC,9083
BMW,X3,2023,Electric,,,26409,277,304,1,0,Full Service,Red,SUV,AWD,98,PA,37752
Hyundai,Santa Fe,2014,Petrol,Automatic,3.2,179322,239,229,3,1,No Service,Red,SUV,FWD,24,FL,1892
Audi,A4,2016,Petrol,Automatic,,161069,126,116,2,1,Partial Service,,Sedan,FWD,37,FL,10127
Toyota,Corolla,2006,Petrol,Automatic,2.1,116935,,166,4,1,No Service,Silver,Sedan,FWD,31,OH,500
BMW,X5,2017,Hybrid,Automatic,,146450,159,145,2,0,Partial Service,White,SUV,FWD,62,TX,24749
Mercedes-Benz,C-Class,2005,Petrol,Automatic,1.8,142977,147,144,4,1,Partial Service,Blue,Sedan,FWD,36,,1343
Honda,Accord,2015,Hybrid,,,98840,145,133,2,0,Full Service,Gray,Sedan,FWD,51,NY,7586
Toyota,Camry,2016,Petrol,Automatic,,59245,187,176,1,0,Partial Service,Red,Sedan,FWD,33,FL,10210
BMW,X3,2008,Petrol,,3.4,5516,247,242,3,0,No Service,Black,SUV,RWD,22,TX,10141
Nissan,Pathfinder,2018,Petrol,Automatic,,21150,229,225,1,,Partial Service,Blue,SUV,AWD,28,IL,19884
BMW,3 Series,2014,Petrol,Automatic,2.3,10795,179,,2,1,Full Service,,Sedan,FWD,34,FL,15091
Mercedes-Benz,E-Class,2020,Petrol,Automatic,2.4,48494,193,186,2,,Partial Service,Silver,Sedan,AWD,28,MI,38226
Nissan,Rogue,2020,Petrol,,2.6,49277,206,209,2,0,Partial Service,White,SUV,AWD,39,,17596
Chevrolet,Silverado,2017,Petrol,Automatic,4.3,134634,,,2,0,Full Service,Silver,Truck,4WD,18,NY,12937
Chevrolet,Tahoe,2016,Hybrid,Automatic,,165806,,249,3,,No Service,Green,SUV,AWD,29,GA,15918
Chevrolet,Silverado,2017,Petrol,Automatic,3.3,80014,,214,2,1,Partial Service,Green,Truck,4WD,,TX,12005
BMW,X3,2016,Petrol,Automatic,2.5,119385,194,191,2,1,Full Service,,SUV,AWD,31,NY,15675
Mercedes-Benz,GLC,2021,Petrol,Automatic,2.3,52850,177,176,1,0,,,SUV,AWD,33,,28570
Hyundai,Santa Fe,2020,Petrol,Automatic,2.9,48939,226,,1,1,Full Service,Black,SUV,FWD,24,MI,16645
Volkswagen,Tiguan,2011,Petrol,Manual,3.5,86098,256,257,2,,Full Service,Red,SUV,RWD,24,MI,4149
Mercedes-Benz,E-Class,2014,Petrol,Automatic,1.5,183054,,93,2,1,Full Service,,Sedan,FWD,40,MI,11908
Mercedes-Benz,E-Class,2006,Petrol,Manual,1.6,197710,138,,5,0,Partial Service,Green,Sedan,AWD,38,TX,2576
Volkswagen,Passat,2023,Petrol,,,23965,135,124,1,0,Full Service,Black,Sedan,AWD,34,IL,22781
Honda,Civic,2014,Hybrid,Automatic,1.9,120265,153,144,1,0,,Green,Sedan,AWD,,,3373
Nissan,Pathfinder,2024,Petrol,Automatic,2.7,1977,,193,1,0,Partial Service,Red,SUV,AWD,32,GA,32964
Toyota,Highlander,2010,Petrol,Automatic,2.1,28618,170,135,2,1,,Blue,SUV,AWD,34,,8239
Volkswagen,Passat,2011,Petrol,Manual,1.4,267066,115,100,2,1,Partial Service,White,Sedan,FWD,35,,500
Honda,Pilot,2016,Petrol,Automatic,3.2,121102,,,1,1,Partial Service,,SUV,FWD,21,,11345
Chevrolet,Malibu,2006,Hybrid,Automatic,1.8,176985,135,120,3,1,Full Service,Brown,Sedan,FWD,47,TX,500
Honda,CR-V,2020,Petrol,Automatic,2.9,58591,237,,1,1,No Service,Brown,SUV,FWD,28,IL,12954
Chevrolet,Silverado,2005,Petrol,,5.1,127242,,353,5,1,No Service,Silver,Truck,4WD,10,NC,500
Volkswagen,Tiguan,2019,Diesel,Automatic,3.5,77396,275,279,3,1,Partial Service,,SUV,AWD,21,FL,12230
Nissan,Sentra,2007,Petrol,Automatic,,264597,123,116,5,,Partial Service,Black,Sedan,FWD,43,PA,500
Chevrolet,Malibu,2014,Petrol,Automatic,2.3,100308,179,,2,1,,,Sedan,FWD,28,OH,4106
Nissan,Pathfinder,2019,Petrol,Automatic,2.9,56730,233,,2,0,Partial Service,,SUV,AWD,30,NC,18720
Ford,Explorer,2018,Petrol,Automatic,2.3,87938,,194,1,1,No Service,Red,SUV,AWD,31,IL,12324
Volkswagen,Passat,2015,Petrol,Automatic,2,215615,157,146,2,1,Full Service,White,Sedan,FWD,32,,1840
Volkswagen,Golf,2018,Petrol,,,130237,115,117,2,0,Partial Service,Green,Hatchback,AWD,40,CA,9973
Chevrolet,Malibu,2018,Hybrid,Automatic,2.2,92630,181,175,2,0,No Service,Blue,Sedan,FWD,,FL,8569
Volkswagen,Golf,2012,Petrol,Automatic,2.2,208386,159,154,3,1,No Service,Green,Hatchback,FWD,37,MI,500
Ford,Escape,2018,Petrol,Automatic,2.6,100,198,189,2,,Partial Service,Brown,SUV,AWD,34,PA,13547
Chevrolet,Tahoe,2023,Petrol,Automatic,2.2,6484,172,153,1,0,Partial Service,Green,SUV,AWD,34,OH,45533
Ford,F-150,2022,Petrol,Automatic,4.5,46506,347,,1,0,Partial Service,Blue,Truck,4WD,11,NY,25230
Hyundai,Santa Fe,2014,Petrol,Automatic,2.5,137091,188,182,2,,Full Service,White,SUV,AWD,29,CA,6288
Honda,Accord,2014,Petrol,Automatic,,140573,,168,2,0,Partial Service,Green,Sedan,FWD,35,MI,4366
Nissan,Rogue,2010,Petrol,Automatic,2.8,100,215,199,3,,Partial Service,Gray,SUV,AWD,23,TX,7428
Nissan,Sentra,2013,Petrol,Automatic,2.4,75018,196,205,3,1,Partial Service,Brown,Sedan,FWD,30,TX,3431
Audi,A6,2014,Petrol,Automatic,2.2,267691,,170,1,1,Full Service,Black,Sedan,AWD,35,CA,9878
Nissan,Sentra,2014,Petrol,Automatic,2.1,150294,164,160,2,1,No Service,Silver,Sedan,FWD,,NY,908
Toyota,RAV4,2005,Petrol,Manual,3.5,358532,,248,4,0,,,SUV,AWD,22,PA,500
Audi,A4,2024,Petrol,Automatic,2.1,4119,167,166,1,0,No Service,,Sedan,FWD,39,IL,36319
Chevrolet,Equinox,2005,Petrol,Automatic,2.3,254541,178,176,5,1,Partial Service,,SUV,AWD,35,OH,500
Mercedes-Benz,E-Class,2016,Petrol,Automatic,1.5,127035,123,114,2,0,Partial Service,Green,Sedan,AWD,39,GA,20591
Toyota,Camry,2010,Petrol,Automatic,1.5,123573,126,131,4,0,Full Service,Brown,Sedan,AWD,41,PA,1567
Chevrolet,Tahoe,2006,Petrol,Automatic,,300560,,,3,,Full Service,Green,SUV,RWD,26,GA,500
Toyota,Highlander,2011,Petrol,Manual,2.6,225308,195,,3,1,,Brown,SUV,AWD,33,CA,500
Ford,Mustang,2014,Petrol,Automatic,2.7,132342,214,214,3,0,Full Service,Red,Coupe,RWD,24,OH,5081
Hyundai,Sonata,2023,Petrol,Automatic,1.5,27514,,122,1,,Full Service,Green,Sedan,FWD,,,22215
Honda,Accord,2017,Petrol,Automatic,2.1,77220,157,129,1,0,Full Service,,Sedan,AWD,,OH,11106
Volkswagen,Atlas,2019,Diesel,,2.1,63154,,174,1,0,No Service,Silver,SUV,AWD,31,MI,16975
Nissan,Sentra,2021,Electric,Automatic,0,40952,363,399,1,0,Full Service,Red,Sedan,FWD,117,,13539
Nissan,Rogue,2012,Petrol,Automatic,2.8,43033,212,198,3,1,Partial Service,Gray,SUV,FWD,,CA,6594
Mercedes-Benz,GLE,2012,Petrol,,,196734,234,236,2,0,,Red,SUV,AWD,,IL,11355
Audi,Q7,2024,Diesel,,3,100,246,229,1,0,Full Service,Black,SUV,AWD,23,NC,65083
Honda,Pilot,2020,Petrol,,,15148,169,,1,0,,Blue,SUV,AWD,37,FL,25445
Nissan,Altima,2024,Petrol,Automatic,2.4,2823,180,159,1,0,No Service,Red,Sedan,FWD,30,FL,21417
Hyundai,Elantra,2010,Petrol,Automatic,1.7,178447,,113,4,1,Partial Service,Silver,Sedan,FWD,30,,500
Chevrolet,Malibu,2006,Petrol,,2.5,285461,195,194,4,1,Full Service,White,Sedan,FWD,25,CA,500
Honda,Pilot,2021,Diesel,Automatic,2.2,45477,164,162,1,,Partial Service,Blue,SUV,AWD,36,CA,24973
Volkswagen,Atlas,2018,Petrol,Automatic,3.3,60063,264,243,1,0,Full Service,Green,SUV,AWD,23,,20281
Mercedes-Benz,GLC,2024,Petrol,Automatic,2.1,100,161,,1,0,Partial Service,White,SUV,AWD,31,OH,46475
BMW,5 Series,2008,Petrol,Automatic,2.1,212390,180,,2,1,Partial Service,Gray,Sedan,AWD,,PA,3154
Audi,A6,2022,Diesel,Automatic,1.6,3416,,129,1,0,,Red,Sedan,AWD,,NY,41754
Chevrolet,Tahoe,2023,Petrol,Automatic,,4044,227,219,1,0,No Service,,SUV,AWD,33,,43514
Chevrolet,Malibu,2020,Diesel,Automatic,2.3,44377,,,1,0,Full Service,White,Sedan,AWD,,PA,15005
Nissan,Rogue,2007,Petrol,Manual,3.2,178612,,,5,1,,Green,SUV,RWD,,OH,500
Ford,Mustang,2024,Hybrid,Automatic,4.7,100,355,340,1,0,Partial Service,Brown,Coupe,RWD,35,,27930
BMW,5 Series,2007,Petrol,Automatic,2.5,224206,198,206,4,1,Full Service,Blue,Sedan,AWD,,IL,1823
Hyundai,Santa Fe,2023,Petrol,Automatic,,24463,248,235,1,0,Full Service,Black,SUV,AWD,27,CA,28095
Hyundai,Elantra,2005,Petrol,Automatic,2,289564,138,133,5,1,Partial Service,White,Sedan,FWD,,GA,500
Chevrolet,Silverado,2010,Petrol,Manual,4,54901,300,280,4,1,Full Service,,Truck,4WD,24,NY,6455
Honda,CR-V,2013,Petrol,Automatic,3.2,156652,241,216,3,1,,Red,SUV,AWD,26,,2842
Toyota,Corolla,2022,Petrol,Automatic,1.6,2401,,147,1,,,Black,Sedan,FWD,38,MI,17252
Volkswagen,Passat,2010,Petrol,Automatic,2.1,84211,166,169,3,1,Partial Service,Blue,Sedan,FWD,28,FL,3381
Hyundai,Tucson,2023,Diesel,Automatic,,100,245,223,1,0,No Service,,SUV,FWD,24,,22851
Audi,A4,2017,Petrol,Automatic,2,64829,,140,2,0,Partial Service,Brown,Sedan,FWD,34,OH,19207
Chevrolet,Equinox,2023,Petrol,Automatic,,19034,,156,1,0,Full Service,Green,SUV,FWD,33,MI,22929
Honda,CR-V,2012,Petrol,Automatic,,67872,234,,4,,Full Service,,SUV,AWD,25,FL,5831
BMW,3 Series,2018,Hybrid,Automatic,,10510,178,172,1,,Partial Service,Brown,Sedan,FWD,44,GA,22583
Nissan,Rogue,2024,Petrol,Automatic,2.7,2961,205,170,1,0,No Service,,SUV,AWD,,FL,25781
Toyota,Highlander,2017,Hybrid,Automatic,2.6,97960,,203,1,,Full Service,,SUV,AWD,41,MI,14538
Ford,Explorer,2011,Petrol,Automatic,2.2,100,,157,1,1,Full Service,Green,SUV,AWD,30,FL,10029
Mercedes-Benz,GLC,2020,Electric,,,99517,368,404,1,0,Full Service,White,SUV,AWD,97,GA,30288
Volkswagen,Passat,2009,Petrol,Automatic,2.2,179023,,,3,0,Full Service,,Sedan,FWD,35,CA,500
Nissan,Sentra,2007,Petrol,Automatic,1.5,190641,117,121,4,1,Partial Service,Silver,Sedan,FWD,38,MI,500
Honda,Civic,2020,Hybrid,Automatic,2.3,63064,,186,1,0,No Service,White,Sedan,FWD,43,PA,11103
Nissan,Pathfinder,2006,Diesel,Manual,2,68889,175,161,4,1,Full Service,,SUV,AWD,39,PA,3603
BMW,5 Series,2009,Petrol,Automatic,2.5,263467,194,168,3,,No Service,Silver,Sedan,FWD,32,,2365
Volkswagen,Atlas,2006,Diesel,,2.9,272253,232,225,4,1,Partial Service,Brown,SUV,FWD,31,TX,500
BMW,3 Series,2012,Petrol,,,211217,,,4,0,Partial Service,Brown,Sedan,FWD,41,TX,4421
Ford,F-150,2015,Petrol,Automatic,3.5,216169,275,,2,0,Partial Service,White,Truck,4WD,27,MI,4452
Volkswagen,Passat,2023,Hybrid,Automatic,,32523,151,145,1,0,,,Sedan,FWD,43,NC,24495
Volkswagen,Atlas,2005,Petrol,Manual,,269851,211,206,4,,Full Service,Red,SUV,FWD,25,FL,500
Hyundai,Elantra,2011,Petrol,Manual,2,117926,168,,2,1,Partial Service,,Sedan,FWD,31,PA,683
Audi,Q7,2013,Petrol,Automatic,2.6,218930,195,167,2,,Full Service,Blue,SUV,AWD,,,13210
BMW,5 Series,2014,Petrol,Automatic,1.4,104277,97,98,3,0,Full Service,Green,Sedan,FWD,44,PA,18138
Volkswagen,Atlas,2016,Petrol,,3.3,114119,267,262,3,1,,Silver,SUV,RWD,23,GA,10195
Nissan,Altima,2017,Petrol,Automatic,,52375,185,164,2,0,,Green,Sedan,FWD,28,IL,11083
Mercedes-Benz,GLC,2023,Diesel,,3.1,19403,228,223,1,0,Full Service,Blue,SUV,AWD,26,CA,43801
Audi,Q7,2019,Petrol,Automatic,2.1,39194,163,146,1,0,Full Service,Gray,SUV,AWD,,NC,38638
Ford,Escape,2014,Diesel,Automatic,3.5,61104,250,242,1,0,,Black,SUV,AWD,,CA,7477
Hyundai,Elantra,2008,Petrol,Automatic,2.4,159081,194,160,4,1,Partial Service,Blue,Sedan,FWD,28,GA,500
BMW,X5,2007,Petrol,Automatic,3.3,221019,272,250,4,1,No Service,Gray,SUV,FWD,,,2356
Chevrolet,Tahoe,2024,Petrol,Automatic,,100,223,210,1,0,,,SUV,AWD,,,50100
Hyundai,Tucson,2014,Petrol,,3.4,37160,264,252,2,1,No Service,,SUV,AWD,21,MI,7258
Ford,Mustang,2009,Petrol,,4.4,90396,329,295,4,,Partial Service,,Coupe,RWD,16,NY,2840
Audi,A4,2023,Hybrid,Automatic,2.3,100,,184,1,0,No Service,Red,Sedan,FWD,39,GA,33102
Volkswagen,Passat,2010,Petrol,Automatic,1.7,74977,,147,4,0,Full Service,,Sedan,AWD,37,CA,4715
Chevrolet,Silverado,2011,Petrol,Automatic,5.2,169678,373,348,4,0,Full Service,White,Truck,4WD,13,IL,3115
Hyundai,Elantra,2015,Petrol,Automatic,1.5,127493,134,128,2,1,Full Service,Brown,Sedan,FWD,38,NY,2562
Nissan,Altima,2016,Petrol,Automatic,2.3,187316,175,171,1,,Full Service,Blue,Sedan,FWD,,PA,2611
Hyundai,Elantra,2023,Hybrid,Automatic,1.6,15718,133,117,1,0,,Blue,Sedan,FWD,55,CA,16477
Honda,Civic,2018,Petrol,Automatic,2,103199,150,151,3,1,,Gray,Sedan,FWD,32,FL,5392
Chevrolet,Silverado,2023,Petrol,Automatic,4.9,7998,363,,1,0,Partial Service,Silver,Truck,RWD,19,MI,29335
Honda,Civic,2023,Petrol,Automatic,,10531,131,135,1,,,Silver,Sedan,FWD,,,17868
Chevrolet,Silverado,2021,Petrol,Automatic,4.3,32801,342,320,1,0,Full Service,White,Truck,4WD,20,IL,26935
Mercedes-Benz,GLC,2011,Petrol,Automatic,2.8,250642,236,219,4,0,Partial Service,Black,SUV,FWD,28,TX,2957
Mercedes-Benz,GLC,2014,Petrol,Automatic,2.2,65475,176,174,3,1,,Blue,SUV,AWD,35,PA,13334
Chevrolet,Silverado,2020,Diesel,Automatic,3.7,37211,,256,2,0,Partial Service,White,Truck,4WD,18,GA,21369
BMW,5 Series,2006,Petrol,Automatic,1.9,76958,146,122,4,1,,Green,Sedan,AWD,38,OH,6189
Audi,A4,2022,Petrol,Automatic,2.1,12331,165,,1,0,,Blue,Sedan,FWD,34,OH,30713
BMW,5 Series,2005,Petrol,Automatic,2.5,292027,182,,5,0,Partial Service,Red,Sedan,AWD,,,500
Nissan,Altima,2005,Petrol,Automatic,2.3,150260,187,192,4,0,Partial Service,Blue,Sedan,AWD,,OH,500
Mercedes-Benz,C-Class,2022,Hybrid,Automatic,,100,168,140,1,0,No Service,Red,Sedan,FWD,50,MI,31702
Hyundai,Santa Fe,2012,Petrol,Automatic,2.5,134195,196,,3,1,Partial Service,Gray,SUV,AWD,26,GA,4133
Nissan,Altima,2018,Electric,Automatic,0,44448,310,341,2,,Partial Service,Silver,Sedan,FWD,119,OH,11342
Chevrolet,Silverado,2022,Petrol,Automatic,,35403,,,1,0,Partial Service,White,Truck,4WD,14,CA,26451
Mercedes-Benz,GLE,2014,Petrol,Automatic,2.7,128733,208,196,4,,Full Service,Brown,SUV,AWD,,CA,20343
Ford,Mustang,2019,Petrol,Automatic,,117951,275,246,1,1,,Brown,Coupe,RWD,23,CA,10791
Audi,Q7,2021,Petrol,Automatic,3.3,3459,248,231,1,0,Partial Service,Green,SUV,AWD,23,OH,48809
Audi,A4,2010,Petrol,Automatic,1.5,197498,138,126,4,0,Full Service,White,Sedan,FWD,44,PA,2326
Audi,Q5,2012,Petrol,,2.7,134250,226,234,3,0,Full Service,Black,SUV,RWD,,,9162
Ford,Mustang,2014,Petrol,Automatic,,188793,,275,3,,Partial Service,Black,Coupe,RWD,,NC,1857
Toyota,Corolla,2014,Petrol,Automatic,1.5,77970,122,,2,0,No Service,White,Sedan,FWD,33,,4316
Honda,Pilot,2021,Petrol,,2.7,34606,204,192,1,0,Full Service,Brown,SUV,AWD,27,TX,30143
Hyundai,Santa Fe,2005,Petrol,Manual,3,204319,233,223,4,0,Full Service,Silver,SUV,AWD,26,PA,500
Audi,Q7,2014,Petrol,Automatic,2.5,102678,199,190,1,1,No Service,,SUV,FWD,30,,21838
Chevrolet,Silverado,2012,Petrol,Automatic,5.5,52567,407,390,3,0,Full Service,Black,Truck,4WD,10,CA,9078
Toyota,Corolla,2009,Petrol,Automatic,2.3,272045,174,164,3,0,Full Service,,Sedan,FWD,,MI,500
Nissan,Rogue,2024,Petrol,,3.5,1386,,,1,0,No Service,,SUV,FWD,25,IL,24024
Audi,A4,2009,Diesel,Automatic,1.9,378005,158,167,4,1,Partial Service,,Sedan,FWD,33,FL,500
Hyundai,Elantra,2021,Petrol,Automatic,2,39524,161,,1,0,Partial Service,Black,Sedan,FWD,40,GA,12627
Toyota,Highlander,2007,Petrol,Automatic,3.1,163474,225,213,4,,Full Service,White,SUV,FWD,25,TX,500
Volkswagen,Golf,2024,Petrol,Automatic,,1722,171,165,1,0,Full Service,Green,Hatchback,FWD,36,FL,27103
Ford,Escape,2021,Diesel,Automatic,2.2,70378,163,162,1,0,Full Service,Red,SUV,AWD,36,,18000
Hyundai,Santa Fe,2009,Petrol,Automatic,,114411,262,245,2,,No Service,Brown,SUV,FWD,,TX,2561
Hyundai,Santa Fe,2018,Petrol,Automatic,2.3,114764,,165,2,1,Partial Service,Green,SUV,AWD,,TX,11490
Chevrolet,Silverado,2019,Petrol,Automatic,3.4,34191,287,274,1,0,Full Service,Green,Truck,4WD,24,,21083
Honda,Accord,2006,Petrol,Manual,2,346338,165,178,2,1,Partial Service,Red,Sedan,FWD,35,OH,500
Nissan,Sentra,2024,Petrol,Automatic,2.2,100,170,161,1,0,,Red,Sedan,FWD,40,TX,18654
Hyundai,Sonata,2015,Petrol,Automatic,1.9,78896,155,154,2,0,Full Service,Green,Sedan,FWD,37,TX,7903
Toyota,Corolla,2018,Hybrid,,,79159,194,172,2,0,No Service,White,Sedan,FWD,41,CA,7471
Nissan,Altima,2020,Petrol,Automatic,,90030,,140,1,0,Partial Service,,Sedan,FWD,37,,13685
Chevrolet,Tahoe,2008,Diesel,,2.9,120711,224,220,2,1,,White,SUV,AWD,29,NY,6074
Audi,A6,2009,Petrol,Manual,2.2,186965,179,165,4,1,Full Service,,Sedan,AWD,34,GA,8102
Toyota,RAV4,2012,Petrol,Automatic,2.5,72364,200,189,2,0,No Service,Gray,SUV,FWD,25,OH,5224
Audi,Q7,2012,Petrol,Automatic,2.7,184688,205,194,3,,Partial Service,Green,SUV,AWD,28,,9673
Hyundai,Santa Fe,2016,Petrol,,3.1,164020,224,,1,1,Full Service,Black,SUV,RWD,29,OH,6907
Hyundai,Elantra,2012,Petrol,Automatic,,60137,160,177,3,1,Full Service,Green,Sedan,FWD,32,,3514
Audi,A4,2011,Petrol,Automatic,2.4,199367,187,171,3,1,Partial Service,Blue,Sedan,FWD,30,,2655
Mercedes-Benz,GLC,2019,Petrol,Automatic,3.2,60908,231,228,1,1,Full Service,Gray,SUV,FWD,27,MI,27071
Chevrolet,Malibu,2020,Electric,Automatic,,44591,353,388,3,,Full Service,Red,Sedan,FWD,101,FL,10818
Nissan,Altima,2015,Electric,Automatic,0,139030,325,357,2,1,Full Service,Silver,Sedan,AWD,94,PA,3928
Mercedes-Benz,GLC,2016,Petrol,Automatic,3.3,103467,254,236,2,1,No Service,White,SUV,FWD,22,GA,13961
Toyota,Camry,2023,Petrol,Automatic,2.2,100,183,160,1,0,Full Service,Gray,Sedan,FWD,37,CA,25144
Chevrolet,Silverado,2018,Petrol,Automatic,,67917,,,3,0,Full Service,Gray,Truck,RWD,21,,16093
Audi,A6,2014,Petrol,Automatic,,145008,173,151,3,1,Full Service,Gray,Sedan,FWD,34,IL,14723
Toyota,RAV4,2020,Petrol,Automatic,2.4,53168,202,,1,0,Full Service,Red,SUV,AWD,29,PA,18024
Nissan,Sentra,2017,Petrol,Automatic,2.2,98542,174,178,2,0,Partial Service,Blue,Sedan,AWD,36,FL,6308
BMW,5 Series,2014,Petrol,Automatic,,168696,160,178,2,1,Full Service,Red,Sedan,FWD,37,OH,11947
Toyota,Corolla,2018,Diesel,Automatic,1.8,97791,163,153,2,1,Full Service,Red,Sedan,FWD,39,IL,6366
Honda,Civic,2005,Petrol,,2.4,247278,203,184,5,0,Partial Service,Silver,Sedan,FWD,34,CA,500
Audi,A6,2011,Petrol,Automatic,,104841,184,171,3,0,No Service,,Sedan,FWD,34,OH,11934
Hyundai,Santa Fe,2009,Hybrid,Automatic,2.3,17577,185,186,5,0,No Service,Red,SUV,FWD,,GA,7434
Audi,Q7,2023,Hybrid,Automatic,2.6,10624,190,,1,,Full Service,Green,SUV,FWD,36,OH,56102
Chevrolet,Tahoe,2008,Petrol,Automatic,2.1,220631,156,141,4,0,Full Service,,SUV,AWD,36,IL,2018
Audi,Q7,2011,Petrol,Automatic,2,45652,166,164,3,1,,White,SUV,AWD,35,OH,13763
Toyota,Highlander,2012,Diesel,,3.4,236021,257,236,3,1,,Blue,SUV,AWD,27,NY,818
Toyota,RAV4,2015,Petrol,Automatic,2.2,174322,173,168,2,0,Partial Service,Blue,SUV,FWD,37,MI,4467
BMW,5 Series,2024,Hybrid,Automatic,1.8,10755,153,135,1,0,Full Service,Red,Sedan,FWD,49,CA,61491
Mercedes-Benz,E-Class,2012,Diesel,,1.5,221303,138,140,3,0,Full Service,Blue,Sedan,FWD,40,IL,9913
Honda,Accord,2008,Hybrid,,,217524,165,167,4,,Full Service,Blue,Sedan,AWD,,PA,500
Audi,Q7,2007,Petrol,Automatic,,394889,239,234,4,1,Full Service,Gray,SUV,AWD,26,PA,500
Nissan,Altima,2007,Petrol,Manual,,252580,175,185,4,1,,Blue,Sedan,FWD,35,MI,500
Volkswagen,Golf,2014,Petrol,Automatic,,204505,149,160,4,0,Partial Service,Red,Hatchback,FWD,35,TX,500
Volkswagen,Golf,2019,Petrol,Automatic,1.5,34509,127,127,2,0,Full Service,,Hatchback,AWD,33,FL,14480
Mercedes-Benz,C-Class,2024,Petrol,Automatic,1.9,5240,133,135,1,0,No Service,,Sedan,FWD,35,TX,39477
Chevrolet,Silverado,2024,Hybrid,Automatic,,100,352,319,1,0,Partial Service,Green,Truck,4WD,24,PA,32635
Chevrolet,Tahoe,2005,Petrol,Automatic,2.5,173757,202,200,5,0,No Service,,SUV,AWD,33,IL,1352
Hyundai,Elantra,2013,Petrol,Automatic,1.7,126637,134,117,2,1,Partial Service,White,Sedan,FWD,39,IL,1383
Hyundai,Sonata,2010,Diesel,Automatic,2.2,216786,180,178,3,1,Partial Service,Silver,Sedan,FWD,32,,500
Audi,A6,2007,Petrol,Manual,2,333210,148,152,4,1,Full Service,Black,Sedan,FWD,29,OH,500
Volkswagen,Tiguan,2011,Petrol,Automatic,2.2,97121,191,192,3,0,,Brown,SUV,AWD,31,,4749
Toyota,Highlander,2008,Petrol,Manual,2.6,133662,186,182,5,1,Partial Service,Brown,SUV,AWD,,,1992
Honda,Civic,2016,Petrol,,2.4,122417,190,177,2,,Full Service,Green,Sedan,FWD,27,FL,4258
Chevrolet,Tahoe,2017,Petrol,Automatic,2.7,101615,227,206,2,1,Partial Service,Black,SUV,AWD,23,PA,17076
Nissan,Sentra,2010,Diesel,Manual,2.3,188923,187,162,4,1,Partial Service,White,Sedan,FWD,29,,500
Nissan,Sentra,2018,Hybrid,Automatic,1.4,51669,108,98,1,1,Partial Service,Black,Sedan,FWD,60,NY,8281
Audi,A6,2023,Petrol,Automatic,1.7,29061,144,125,1,0,Partial Service,White,Sedan,FWD,34,CA,51146
Nissan,Pathfinder,2018,Electric,Automatic,0,43474,323,355,2,0,No Service,White,SUV,AWD,92,,17420
Audi,A4,2015,Petrol,Automatic,2.3,101011,191,168,2,1,Full Service,White,Sedan,FWD,37,GA,11952
Honda,Civic,2011,Petrol,Automatic,1.9,218454,,159,4,1,,,Sedan,FWD,34,NC,500
Audi,A4,2022,Petrol,Automatic,1.8,40175,143,121,1,0,Partial Service,Brown,Sedan,FWD,30,,33096
Hyundai,Tucson,2007,Petrol,Automatic,3.3,133566,,,3,0,No Service,Red,SUV,FWD,27,NC,500
Honda,Accord,2006,Petrol,Automatic,1.9,316569,154,149,3,1,,,Sedan,FWD,,FL,500
Chevrolet,Malibu,2005,Petrol,,1.9,287555,140,,4,0,Full Service,Red,Sedan,FWD,38,MI,500
BMW,X3,2021,Hybrid,Automatic,2.5,46477,202,182,1,1,Full Service,Brown,SUV,AWD,,,27725
Volkswagen,Passat,2014,Petrol,Automatic,1.4,1508,109,114,3,0,Full Service,Silver,Sedan,AWD,38,IL,11728
Mercedes-Benz,C-Class,2021,Petrol,Automatic,1.7,33493,151,135,1,0,Full Service,Gray,Sedan,FWD,38,MI,34168
Honda,Pilot,2013,Petrol,Automatic,2.2,245276,171,161,3,,No Service,Brown,SUV,AWD,,NC,1600
Toyota,Highlander,2015,Hybrid,Automatic,3.2,100,240,232,3,0,No Service,Brown,SUV,AWD,28,PA,15702
Honda,Accord,2023,Hybrid,Automatic,1.7,26707,146,134,1,0,No Service,Red,Sedan,FWD,53,CA,20661
Mercedes-Benz,C-Class,2020,Petrol,Automatic,,36834,172,173,3,1,No Service,Brown,Sedan,FWD,32,FL,20381
Volkswagen,Passat,2006,Petrol,,1.7,270733,131,,3,0,No Service,Blue,Sedan,FWD,37,NC,500
Honda,CR-V,2024,Petrol,Automatic,3.2,116,,227,1,0,Full Service,,SUV,AWD,26,,30341
Ford,F-150,2015,Electric,Automatic,0,116347,322,354,3,0,Partial Service,Blue,Truck,RWD,97,OH,8831
Toyota,RAV4,2006,Petrol,Automatic,2.2,192022,154,,4,,No Service,Green,SUV,FWD,30,,500
Nissan,Pathfinder,2013,Petrol,Automatic,,84661,247,227,2,1,No Service,Blue,SUV,AWD,24,NC,7021
BMW,X3,2009,Petrol,,3,149113,239,227,2,0,Full Service,Black,SUV,AWD,20,OH,5378
BMW,5 Series,2024,Petrol,Automatic,1.9,100,,141,1,0,Full Service,Black,Sedan,AWD,37,NY,51990
BMW,5 Series,2017,Petrol,Automatic,2.4,64814,175,164,1,,Full Service,Brown,Sedan,FWD,35,OH,24550
Volkswagen,Atlas,2006,Petrol,Manual,,281724,248,,4,0,Partial Service,White,SUV,AWD,23,FL,500
Honda,Accord,2012,Diesel,Automatic,2.3,194577,189,179,3,0,Full Service,Gray,Sedan,FWD,29,FL,500
Ford,Escape,2007,Petrol,Manual,2.5,307799,200,205,4,0,Partial Service,White,SUV,FWD,29,PA,500
Audi,A6,2008,Petrol,Manual,1.7,339010,139,117,3,1,Partial Service,,Sedan,FWD,36,NC,500
Hyundai,Sonata,2016,Hybrid,Automatic,2.3,123724,189,184,2,1,No Service,Blue,Sedan,FWD,40,CA,5065
Chevrolet,Equinox,2018,Petrol,Automatic,2.2,130453,197,187,1,,,Blue,SUV,AWD,34,MI,8184
Ford,Escape,2010,Petrol,Automatic,3.1,232552,236,220,2,,Full Service,Blue,SUV,FWD,27,CA,500
Toyota,Corolla,2012,Diesel,Automatic,1.6,204186,142,127,3,0,Full Service,Gray,Sedan,AWD,36,OH,500
Audi,Q5,2015,Petrol,Automatic,2.1,113486,188,174,2,1,Partial Service,Green,SUV,FWD,32,MI,13371
Volkswagen,Tiguan,2022,Petrol,Automatic,,38923,175,163,1,0,Partial Service,Gray,SUV,AWD,32,FL,21698
Hyundai,Sonata,2023,Petrol,Automatic,1.5,100,,115,1,0,Partial Service,,Sedan,FWD,38,,22407
Hyundai,Santa Fe,2008,Petrol,Automatic,2.6,63763,,201,5,1,Partial Service,Black,SUV,FWD,34,IL,4417
Toyota,Highlander,2008,Petrol,Automatic,3.1,198311,233,237,3,0,Full Service,Gray,SUV,FWD,23,CA,500
Ford,F-150,2010,Petrol,,5,197288,366,356,4,0,No Service,Red,Truck,4WD,16,TX,500
Hyundai,Elantra,2017,Petrol,Automatic,1.8,127401,,136,3,0,Full Service,Silver,Sedan,FWD,37,PA,4683
Toyota,RAV4,2012,Petrol,Automatic,3.1,97887,255,234,3,1,No Service,,SUV,FWD,28,NY,3773
BMW,X3,2010,Diesel,Automatic,3.3,205389,246,226,4,1,Full Service,Black,SUV,FWD,19,OH,2996
BMW,3 Series,2013,Petrol,,2.2,144198,171,,3,1,Partial Service,,Sedan,FWD,32,CA,8047
BMW,5 Series,2015,Electric,Automatic,,72829,277,304,2,0,Full Service,White,Sedan,FWD,120,NC,23118
Hyundai,Elantra,2017,Petrol,Automatic,1.4,91039,102,103,2,0,Partial Service,Blue,Sedan,FWD,35,FL,6704
Hyundai,Elantra,2013,Petrol,Automatic,2,70650,,158,3,1,Full Service,White,Sedan,FWD,30,TX,3837
BMW,5 Series,2015,Hybrid,Automatic,1.8,99938,,159,2,0,No Service,White,Sedan,FWD,43,GA,20057
Volkswagen,Tiguan,2020,Petrol,Automatic,3.2,72713,257,251,1,0,,Black,SUV,FWD,21,PA,17576
Hyundai,Tucson,2011,Petrol,Manual,2.5,256867,169,165,2,1,No Service,White,SUV,AWD,29,GA,500
Volkswagen,Golf,2020,Petrol,Automatic,2.5,19323,192,,1,0,Partial Service,,Hatchback,FWD,31,CA,15827
BMW,X5,2009,Petrol,Automatic,3,355174,240,241,3,0,No Service,Brown,SUV,AWD,24,,500
Nissan,Sentra,2020,Petrol,Automatic,2.5,78707,201,192,1,,,Gray,Sedan,AWD,31,OH,10959
Audi,A6,2010,Petrol,Manual,2.1,155818,169,176,3,0,Full Service,Red,Sedan,FWD,41,FL,9714
Honda,Accord,2023,Petrol,Automatic,2.4,100,199,192,1,0,Partial Service,Green,Sedan,FWD,33,GA,23937
Honda,Civic,2018,Petrol,,1.5,104145,135,149,2,,Full Service,Blue,Sedan,FWD,37,MI,8043
Hyundai,Elantra,2019,Petrol,Automatic,2.1,69473,170,179,3,,Full Service,Silver,Sedan,AWD,35,GA,10226
Mercedes-Benz,GLC,2014,Diesel,Automatic,2,215782,177,180,2,1,Full Service,Red,SUV,AWD,,TX,7325
Hyundai,Santa Fe,2013,Petrol,Automatic,3.1,88507,266,261,5,0,No Service,Green,SUV,AWD,,,7076
Mercedes-Benz,E-Class,2010,Petrol,Automatic,,130651,146,134,3,1,,Brown,Sedan,AWD,30,TX,8581
Toyota,Corolla,2022,Petrol,Automatic,2.1,26919,,,1,0,No Service,White,Sedan,FWD,32,NY,13538
Chevrolet,Silverado,2015,Petrol,Automatic,4.4,114030,327,,2,,No Service,Green,Truck,4WD,23,NY,7553
Hyundai,Sonata,2005,Petrol,Manual,2.3,291782,187,174,4,,Partial Service,,Sedan,FWD,29,CA,500
Toyota,Corolla,2021,Petrol,Automatic,1.4,294,111,103,1,0,Partial Service,,Sedan,FWD,,PA,15727
Volkswagen,Golf,2017,Petrol,Automatic,,43812,187,,1,0,Full Service,,Hatchback,FWD,30,PA,11031
Chevrolet,Malibu,2014,Petrol,Automatic,2.2,126988,,182,3,1,No Service,Green,Sedan,AWD,34,TX,2529
Nissan,Pathfinder,2020,Petrol,Automatic,2.7,79498,212,204,1,0,Partial Service,Gray,SUV,AWD,24,OH,18345
BMW,5 Series,2021,Petrol,Automatic,,100,180,199,1,0,No Service,Black,Sedan,FWD,32,,40358
Toyota,Camry,2024,Petrol,Automatic,2.2,100,181,169,1,0,No Service,Gray,Sedan,FWD,30,,21931
Nissan,Pathfinder,2018,Petrol,Automatic,2.9,100,239,,3,1,,Black,SUV,AWD,27,IL,16431
Volkswagen,Tiguan,2022,Petrol,Automatic,,29506,161,,1,0,Partial Service,Black,SUV,AWD,33,GA,20333
Nissan,Pathfinder,2006,Petrol,Automatic,3.1,287332,243,227,5,1,No Service,Gray,SUV,AWD,,NY,500
BMW,X3,2013,Petrol,Automatic,2.2,95961,171,152,2,1,No Service,Blue,SUV,AWD,32,MI,9882
Volkswagen,Golf,2020,Hybrid,Automatic,1.5,56643,135,125,2,1,No Service,White,Hatchback,FWD,57,NY,10474
Chevrolet,Tahoe,2011,Petrol,Automatic,2.1,169929,168,158,3,1,,Gray,SUV,AWD,,MI,6193